spectral_radius,input_scale,leaking_rate,ridge_alpha,mean_T_VPT,std_dev
0.8,0.1,0.3,1e-06,8.467000000000006,1.4403926547993786
0.8,0.1,0.3,1e-07,9.700000000000005,1.3366226094152382
0.8,0.1,0.4,1e-06,8.985000000000003,1.0991792392508164
0.8,0.1,0.4,1e-07,10.085000000000004,0.9721291066519913
0.8,0.1,0.5,1e-06,9.242000000000006,2.3269972067022353
0.8,0.1,0.5,1e-07,9.987000000000005,1.1735633770700218
0.8,0.1,0.6,1e-06,9.032000000000005,1.162486989174503
0.8,0.1,0.6,1e-07,10.267000000000007,1.2603535218342539
0.8,0.1,0.7,1e-06,9.809000000000003,1.6157657627267628
0.8,0.1,0.7,1e-07,10.670000000000005,1.1512341204116536
0.8,0.2,0.3,1e-06,9.404000000000005,1.4280700262942305
0.8,0.2,0.3,1e-07,10.307000000000006,1.1689358408398594
0.8,0.2,0.4,1e-06,9.693000000000005,1.6196576798817701
0.8,0.2,0.4,1e-07,10.244000000000007,1.03530864963063
0.8,0.2,0.5,1e-06,9.542000000000003,1.5882304618662901
0.8,0.2,0.5,1e-07,10.330000000000007,1.2839859812318832
0.8,0.2,0.6,1e-06,9.881000000000002,1.359845211779635
0.8,0.2,0.6,1e-07,10.141000000000004,0.8818724397553187
0.8,0.2,0.7,1e-06,10.153000000000006,1.569436523087186
0.8,0.2,0.7,1e-07,11.120000000000005,1.8616122045152175
0.8,0.3,0.3,1e-06,9.207000000000003,1.1465648695124069
0.8,0.3,0.3,1e-07,10.101000000000006,1.3650857115946962
0.8,0.3,0.4,1e-06,9.760000000000002,1.2079735096433195
0.8,0.3,0.4,1e-07,10.846000000000007,1.4749928813387563
0.8,0.3,0.5,1e-06,10.238000000000003,1.1780135822646516
0.8,0.3,0.5,1e-07,10.649000000000004,1.3369289435119593
0.8,0.3,0.6,1e-06,9.942000000000005,1.222291290977728
0.8,0.3,0.6,1e-07,10.406000000000004,1.1461430975231681
0.8,0.3,0.7,1e-06,10.069000000000004,1.5069635032076913
0.8,0.3,0.7,1e-07,11.391000000000002,1.3052428892738703
0.8,0.4,0.3,1e-06,9.506000000000004,1.1386325131489972
0.8,0.4,0.3,1e-07,10.015000000000008,1.1755998468866828
0.8,0.4,0.4,1e-06,9.753000000000002,1.2922890543527812
0.8,0.4,0.4,1e-07,10.737000000000005,1.424602049696689
0.8,0.4,0.5,1e-06,9.834000000000003,0.8603045972212378
0.8,0.4,0.5,1e-07,10.539000000000003,0.9673773824108151
0.8,0.4,0.6,1e-06,9.520000000000005,0.9694121930324602
0.8,0.4,0.6,1e-07,10.701000000000004,1.4633588076750004
0.8,0.4,0.7,1e-06,9.942000000000004,1.9354782354756674
0.8,0.4,0.7,1e-07,10.389000000000005,1.1103598515796607
0.8,0.5,0.3,1e-06,9.638000000000005,1.597371591083301
0.8,0.5,0.3,1e-07,10.272000000000006,1.3014822319186699
0.8,0.5,0.4,1e-06,8.945000000000004,1.6341588050125377
0.8,0.5,0.4,1e-07,10.270000000000005,1.4636734608511544
0.8,0.5,0.5,1e-06,9.057000000000004,1.8564188643730164
0.8,0.5,0.5,1e-07,10.186000000000002,1.2128660272264185
0.8,0.5,0.6,1e-06,9.208000000000004,1.14761317524678
0.8,0.5,0.6,1e-07,10.079000000000006,1.3903736907752513
0.8,0.5,0.7,1e-06,8.717000000000002,1.6533151544699543
0.8,0.5,0.7,1e-07,9.771,1.7267596821793114
0.8,0.6,0.3,1e-06,8.768000000000002,1.7279166646571806
0.8,0.6,0.3,1e-07,9.670000000000002,1.5206906325745535
0.8,0.6,0.4,1e-06,8.961000000000004,1.657425413103109
0.8,0.6,0.4,1e-07,10.018000000000006,1.7160407920559444
0.8,0.6,0.5,1e-06,8.837000000000003,1.4505760924543047
0.8,0.6,0.5,1e-07,9.466000000000005,1.557679042678563
0.8,0.6,0.6,1e-06,7.458000000000004,2.115276814036401
0.8,0.6,0.6,1e-07,8.361,2.098813712552881
0.8,0.6,0.7,1e-06,7.020000000000003,1.9770179564182029
0.8,0.6,0.7,1e-07,7.855000000000006,2.580014534842779
0.8,0.7,0.3,1e-06,8.643,1.5077436784811926
0.8,0.7,0.3,1e-07,9.636000000000006,1.6865894580484024
0.8,0.7,0.4,1e-06,8.370999999999999,1.6544905560322782
0.8,0.7,0.4,1e-07,9.140000000000004,1.6230834852218778
0.8,0.7,0.5,1e-06,7.130000000000004,2.0049588524456046
0.8,0.7,0.5,1e-07,7.083000000000004,2.3202954553246014
0.8,0.7,0.6,1e-06,5.8940000000000055,2.247942170074667
0.8,0.7,0.6,1e-07,5.570000000000006,2.699692575090728
0.8,0.7,0.7,1e-06,5.159000000000002,2.3433179468437486
0.8,0.7,0.7,1e-07,5.221000000000002,3.0331269343698755
0.8,0.8,0.3,1e-06,8.166000000000006,1.9501189707297366
0.8,0.8,0.3,1e-07,8.317000000000004,2.762167808081182
0.8,0.8,0.4,1e-06,6.689000000000005,1.9826999268673995
0.8,0.8,0.4,1e-07,6.9320000000000075,3.033376996022749
0.8,0.8,0.5,1e-06,5.515000000000008,2.4491784336793434
0.8,0.8,0.5,1e-07,5.063000000000005,2.2095182732894543
0.8,0.8,0.6,1e-06,4.273000000000001,2.088964097345859
0.8,0.8,0.6,1e-07,3.286000000000004,1.7573172735735545
0.8,0.8,0.7,1e-06,3.0040000000000036,1.2905595685593143
0.8,0.8,0.7,1e-07,2.488000000000004,1.3193998635743456
0.8,0.9,0.3,1e-06,6.539000000000004,2.240031026570836
0.8,0.9,0.3,1e-07,5.876000000000002,2.4540872030145913
0.8,0.9,0.4,1e-06,5.189000000000005,2.4360252461745966
0.8,0.9,0.4,1e-07,4.788000000000004,2.4681847580762653
0.8,0.9,0.5,1e-06,3.779000000000002,2.2277385394161517
0.8,0.9,0.5,1e-07,3.5520000000000067,2.200721699806679
0.8,0.9,0.6,1e-06,2.47,1.3972043515534875
0.8,0.9,0.6,1e-07,2.4960000000000067,1.851027822589387
0.8,0.9,0.7,1e-06,2.001000000000002,1.0159030465551295
0.8,0.9,0.7,1e-07,1.798000000000006,0.802194490133161
0.8,1.0,0.3,1e-06,5.084000000000005,2.459468235208579
0.8,1.0,0.3,1e-07,5.287000000000001,3.014719058220847
0.8,1.0,0.4,1e-06,3.374000000000005,1.4759146316775937
0.8,1.0,0.4,1e-07,3.5620000000000034,1.8745548804983028
0.8,1.0,0.5,1e-06,2.3960000000000052,1.011663975833872
0.8,1.0,0.5,1e-07,2.4550000000000027,1.3770675364701597
0.8,1.0,0.6,1e-06,1.5220000000000027,0.7244004417447585
0.8,1.0,0.6,1e-07,1.5600000000000052,0.8614870863802897
0.8,1.0,0.7,1e-06,1.4870000000000005,0.7119065949968417
0.8,1.0,0.7,1e-07,1.2660000000000025,0.6638704692935202
0.85,0.1,0.3,1e-06,7.087000000000003,1.8613143205810228
0.85,0.1,0.3,1e-07,7.399000000000004,1.8331445660394587
0.85,0.1,0.4,1e-06,8.048000000000005,2.018607440786839
0.85,0.1,0.4,1e-07,8.597000000000005,1.7738351107135066
0.85,0.1,0.5,1e-06,8.450000000000006,2.0777054651706526
0.85,0.1,0.5,1e-07,9.316000000000003,1.228423379784022
0.85,0.1,0.6,1e-06,8.873000000000003,1.7475499992847137
0.85,0.1,0.6,1e-07,10.118000000000004,1.4042492656220258
0.85,0.1,0.7,1e-06,8.38,1.780718955927635
0.85,0.1,0.7,1e-07,9.844000000000005,1.4387021929503014
0.85,0.2,0.3,1e-06,8.133000000000003,1.648554215062401
0.85,0.2,0.3,1e-07,9.183000000000002,1.819068717778412
0.85,0.2,0.4,1e-06,8.867000000000006,1.3843594186482042
0.85,0.2,0.4,1e-07,9.677000000000007,1.1343240277804232
0.85,0.2,0.5,1e-06,9.581000000000001,2.242262027507043
0.85,0.2,0.5,1e-07,10.095000000000002,0.8879611477987043
0.85,0.2,0.6,1e-06,8.548000000000002,1.1113307338501905
0.85,0.2,0.6,1e-07,10.302000000000007,1.1845319750855208
0.85,0.2,0.7,1e-06,9.309000000000005,1.6556385475096906
0.85,0.2,0.7,1e-07,10.354000000000003,1.6637199283533246
0.85,0.3,0.3,1e-06,8.662000000000003,1.7572011837009458
0.85,0.3,0.3,1e-07,9.115000000000004,1.5094618246249227
0.85,0.3,0.4,1e-06,9.202000000000004,1.4384700205426588
0.85,0.3,0.4,1e-07,9.704000000000006,0.9750610237313376
0.85,0.3,0.5,1e-06,9.351000000000004,1.3365249717083456
0.85,0.3,0.5,1e-07,9.898000000000007,1.1398578858787616
0.85,0.3,0.6,1e-06,9.033000000000005,1.3551867030044236
0.85,0.3,0.6,1e-07,9.901000000000005,1.2124104090612204
0.85,0.3,0.7,1e-06,9.981000000000003,0.9824555969610028
0.85,0.3,0.7,1e-07,10.834000000000003,1.4953942623937022
0.85,0.4,0.3,1e-06,8.650000000000002,1.7374982014379157
0.85,0.4,0.3,1e-07,10.012000000000004,2.0931450021439018
0.85,0.4,0.4,1e-06,9.366000000000007,1.012701338006423
0.85,0.4,0.4,1e-07,10.455000000000007,1.4076487488006397
0.85,0.4,0.5,1e-06,9.930000000000007,1.3325539388707681
0.85,0.4,0.5,1e-07,9.796000000000003,0.8618259685110458
0.85,0.4,0.6,1e-06,9.343000000000005,1.8798114267127972
0.85,0.4,0.6,1e-07,10.509000000000004,1.6218813150166078
0.85,0.4,0.7,1e-06,9.128000000000004,0.7369504732341241
0.85,0.4,0.7,1e-07,10.012000000000006,0.8664963935297112
0.85,0.5,0.3,1e-06,9.106000000000005,1.810106074239849
0.85,0.5,0.3,1e-07,9.752000000000002,1.306543531613086
0.85,0.5,0.4,1e-06,8.873000000000005,2.185417809024168
0.85,0.5,0.4,1e-07,9.324000000000002,1.4519724515292984
0.85,0.5,0.5,1e-06,8.900000000000004,1.961030341427692
0.85,0.5,0.5,1e-07,9.469,1.3710211522802995
0.85,0.5,0.6,1e-06,9.044000000000004,1.7704304561320683
0.85,0.5,0.6,1e-07,9.556000000000008,2.1499916278906763
0.85,0.5,0.7,1e-06,8.355,1.7966844464179035
0.85,0.5,0.7,1e-07,9.161000000000005,2.1182679245081357
0.85,0.6,0.3,1e-06,8.832000000000004,1.6060435859589843
0.85,0.6,0.3,1e-07,9.627000000000006,1.7078205409234317
0.85,0.6,0.4,1e-06,8.566000000000004,1.9274034346757822
0.85,0.6,0.4,1e-07,9.427000000000003,1.8874456283559544
0.85,0.6,0.5,1e-06,8.155999999999999,2.5814461063520184
0.85,0.6,0.5,1e-07,8.404000000000005,2.1449531463414293
0.85,0.6,0.6,1e-06,7.425000000000002,2.1816404378357115
0.85,0.6,0.6,1e-07,7.965000000000005,3.0093778426777864
0.85,0.6,0.7,1e-06,7.626000000000005,2.7741600530611037
0.85,0.6,0.7,1e-07,5.966000000000003,2.2200639630425045
0.85,0.7,0.3,1e-06,7.955000000000004,1.9017031839906045
0.85,0.7,0.3,1e-07,8.883000000000004,2.0071499694840966
0.85,0.7,0.4,1e-06,8.377000000000006,1.718316327106275
0.85,0.7,0.4,1e-07,8.516000000000002,2.0674293216456037
0.85,0.7,0.5,1e-06,7.247000000000004,2.482887633381745
0.85,0.7,0.5,1e-07,7.119000000000002,2.957400716845793
0.85,0.7,0.6,1e-06,5.572000000000001,1.8899883597525136
0.85,0.7,0.6,1e-07,5.553000000000002,2.694173528190047
0.85,0.7,0.7,1e-06,4.183000000000004,1.7268963489451243
0.85,0.7,0.7,1e-07,4.0130000000000035,2.4133319290971986
0.85,0.8,0.3,1e-06,7.329000000000006,2.156779775498647
0.85,0.8,0.3,1e-07,7.092000000000003,2.3420537995528603
0.85,0.8,0.4,1e-06,6.929000000000005,2.307886262362163
0.85,0.8,0.4,1e-07,6.651000000000006,2.4005289000551526
0.85,0.8,0.5,1e-06,4.679000000000002,2.0336516417518506
0.85,0.8,0.5,1e-07,5.126000000000003,2.758253795429275
0.85,0.8,0.6,1e-06,3.842000000000006,1.4090691963136512
0.85,0.8,0.6,1e-07,3.3990000000000022,1.8669169772649248
0.85,0.8,0.7,1e-06,3.3260000000000005,1.9112205524219321
0.85,0.8,0.7,1e-07,2.4650000000000047,1.3911991230589507
0.85,0.9,0.3,1e-06,5.496000000000004,1.682017835815065
0.85,0.9,0.3,1e-07,5.332000000000008,2.4427803830880896
0.85,0.9,0.4,1e-06,5.082000000000008,2.2323969181129044
0.85,0.9,0.4,1e-07,5.111000000000006,2.4216892864279638
0.85,0.9,0.5,1e-06,3.4030000000000045,1.4055927575226055
0.85,0.9,0.5,1e-07,3.0040000000000022,1.3711834304716473
0.85,0.9,0.6,1e-06,2.387000000000005,1.2197913756048602
0.85,0.9,0.6,1e-07,2.107000000000002,1.3630447534839067
0.85,0.9,0.7,1e-06,1.9350000000000036,1.0354878077505274
0.85,0.9,0.7,1e-07,1.8020000000000054,0.9701525653215566
0.85,1.0,0.3,1e-06,4.7370000000000045,1.9212420461774191
0.85,1.0,0.3,1e-07,4.320000000000003,2.4309504314156625
0.85,1.0,0.4,1e-06,3.7100000000000066,1.402348030982324
0.85,1.0,0.4,1e-07,3.196000000000005,1.3779056571478316
0.85,1.0,0.5,1e-06,2.310000000000005,1.0492950014176188
0.85,1.0,0.5,1e-07,2.4080000000000057,1.3937919500413254
0.85,1.0,0.6,1e-06,1.716000000000004,0.9027867965361478
0.85,1.0,0.6,1e-07,1.358000000000004,0.6108649605272829
0.85,1.0,0.7,1e-06,1.4710000000000036,0.6237780053833263
0.85,1.0,0.7,1e-07,1.1730000000000018,0.7124120998410964
0.9,0.1,0.3,1e-06,6.360000000000004,2.3354828194615327
0.9,0.1,0.3,1e-07,5.266000000000008,1.1925619480764904
0.9,0.1,0.4,1e-06,6.202000000000003,1.3152322988734708
0.9,0.1,0.4,1e-07,6.1160000000000085,1.3276385050155766
0.9,0.1,0.5,1e-06,7.259000000000006,2.4229855550539305
0.9,0.1,0.5,1e-07,7.188000000000004,2.013945381583122
0.9,0.1,0.6,1e-06,7.073000000000005,1.7635450093490652
0.9,0.1,0.6,1e-07,8.227000000000006,1.7015202026423342
0.9,0.1,0.7,1e-06,7.167000000000006,1.759855391786495
0.9,0.1,0.7,1e-07,8.239,1.5117073129412348
0.9,0.2,0.3,1e-06,6.235000000000005,1.3101583873715403
0.9,0.2,0.3,1e-07,6.1520000000000055,1.3918390711572939
0.9,0.2,0.4,1e-06,8.156000000000004,2.332377327963895
0.9,0.2,0.4,1e-07,8.282000000000005,1.948947408218084
0.9,0.2,0.5,1e-06,7.783000000000004,1.8993712117435102
0.9,0.2,0.5,1e-07,8.962000000000005,1.7993320983075918
0.9,0.2,0.6,1e-06,8.691000000000004,1.2002745519255151
0.9,0.2,0.6,1e-07,9.511000000000001,1.641029859569899
0.9,0.2,0.7,1e-06,7.7520000000000024,1.7786331830931277
0.9,0.2,0.7,1e-07,9.198000000000004,1.94874215841912
0.9,0.3,0.3,1e-06,7.680000000000004,2.184829512799568
0.9,0.3,0.3,1e-07,7.873000000000007,2.2309036285774417
0.9,0.3,0.4,1e-06,8.291000000000004,1.6643133719345031
0.9,0.3,0.4,1e-07,9.289000000000003,2.47748642781348
0.9,0.3,0.5,1e-06,8.642000000000001,2.512941702467449
0.9,0.3,0.5,1e-07,9.433000000000003,1.3034304737883022
0.9,0.3,0.6,1e-06,8.380000000000006,2.365983939083274
0.9,0.3,0.6,1e-07,9.299000000000003,1.511085371512809
0.9,0.3,0.7,1e-06,8.970000000000002,1.6090929121713293
0.9,0.3,0.7,1e-07,10.105000000000008,1.2069113471999526
0.9,0.4,0.3,1e-06,7.673000000000004,2.2935411485299313
0.9,0.4,0.3,1e-07,7.716000000000004,2.1934958399778206
0.9,0.4,0.4,1e-06,9.023000000000003,1.4217352074138168
0.9,0.4,0.4,1e-07,9.227000000000004,1.073969738866042
0.9,0.4,0.5,1e-06,8.623000000000001,1.8225616587649376
0.9,0.4,0.5,1e-07,9.31,1.9987145869283114
0.9,0.4,0.6,1e-06,8.716000000000005,1.9147490697216716
0.9,0.4,0.6,1e-07,9.364000000000004,1.6820416166076262
0.9,0.4,0.7,1e-06,9.102000000000002,1.74965025076442
0.9,0.4,0.7,1e-07,9.565000000000003,1.2848949373392338
0.9,0.5,0.3,1e-06,8.797000000000002,2.3305044518301186
0.9,0.5,0.3,1e-07,8.670000000000005,1.6890648300168962
0.9,0.5,0.4,1e-06,8.110000000000003,1.7082915442043265
0.9,0.5,0.4,1e-07,9.665000000000003,1.2161887189083778
0.9,0.5,0.5,1e-06,8.097000000000003,1.5716650406495642
0.9,0.5,0.5,1e-07,8.833000000000002,1.9457571790950694
0.9,0.5,0.6,1e-06,8.450000000000006,2.4270434689143925
0.9,0.5,0.6,1e-07,8.667000000000005,2.0364505886468263
0.9,0.5,0.7,1e-06,8.005000000000004,2.454830951409897
0.9,0.5,0.7,1e-07,8.301000000000002,1.9981238700340889
0.9,0.6,0.3,1e-06,7.936000000000002,1.938500451379878
0.9,0.6,0.3,1e-07,8.249000000000004,1.745261871468002
0.9,0.6,0.4,1e-06,8.172000000000002,1.9228146036474794
0.9,0.6,0.4,1e-07,7.991000000000004,1.7959006097220396
0.9,0.6,0.5,1e-06,7.426000000000005,1.7760078828653865
0.9,0.6,0.5,1e-07,8.392000000000007,2.121418393433977
0.9,0.6,0.6,1e-06,6.807000000000007,1.6404423184007426
0.9,0.6,0.6,1e-07,6.455000000000003,1.8484358252316995
0.9,0.6,0.7,1e-06,6.3510000000000035,1.64305173381729
0.9,0.6,0.7,1e-07,5.255000000000004,1.471772740609092
0.9,0.7,0.3,1e-06,7.847000000000003,2.177716923752945
0.9,0.7,0.3,1e-07,7.840000000000008,2.200309069199147
0.9,0.7,0.4,1e-06,8.514000000000001,1.7439277507970339
0.9,0.7,0.4,1e-07,7.4150000000000045,2.3573873249850137
0.9,0.7,0.5,1e-06,6.874000000000007,2.5844852485553065
0.9,0.7,0.5,1e-07,6.083000000000004,2.290495797856874
0.9,0.7,0.6,1e-06,5.231000000000004,2.3972523855447503
0.9,0.7,0.6,1e-07,4.4600000000000035,2.000959769710524
0.9,0.7,0.7,1e-06,4.033000000000004,1.8534861747528635
0.9,0.7,0.7,1e-07,3.4190000000000014,2.271003963008433
0.9,0.8,0.3,1e-06,6.929000000000002,1.9726781288390678
0.9,0.8,0.3,1e-07,6.0100000000000025,2.252798259942505
0.9,0.8,0.4,1e-06,6.201000000000002,2.01343959432609
0.9,0.8,0.4,1e-07,5.778000000000004,2.3390673354993416
0.9,0.8,0.5,1e-06,4.994000000000005,1.8471177547736377
0.9,0.8,0.5,1e-07,4.870000000000003,2.1396401566618626
0.9,0.8,0.6,1e-06,3.9310000000000045,1.4229332380684627
0.9,0.8,0.6,1e-07,2.7560000000000016,1.356076693996323
0.9,0.8,0.7,1e-06,2.6830000000000056,1.258972199851926
0.9,0.8,0.7,1e-07,1.8370000000000062,0.9086974193866761
0.9,0.9,0.3,1e-06,4.975000000000004,1.7502442686665203
0.9,0.9,0.3,1e-07,4.5010000000000066,1.9966018631665186
0.9,0.9,0.4,1e-06,5.052000000000007,1.9253820400118005
0.9,0.9,0.4,1e-07,5.184000000000003,2.6059286252696965
0.9,0.9,0.5,1e-06,3.4000000000000057,1.896860564195483
0.9,0.9,0.5,1e-07,2.570000000000003,0.9877550303592486
0.9,0.9,0.6,1e-06,2.408000000000004,1.1822419380143836
0.9,0.9,0.6,1e-07,1.7390000000000043,0.6771846129380126
0.9,0.9,0.7,1e-06,1.5610000000000057,0.626114206834505
0.9,0.9,0.7,1e-07,1.2570000000000021,0.5548792661471533
0.9,1.0,0.3,1e-06,4.399000000000006,1.9842829939300501
0.9,1.0,0.3,1e-07,3.842000000000003,2.134908897353705
0.9,1.0,0.4,1e-06,3.6760000000000064,1.4130336160190937
0.9,1.0,0.4,1e-07,3.4970000000000043,1.8611531371706085
0.9,1.0,0.5,1e-06,2.443000000000005,1.218987694769722
0.9,1.0,0.5,1e-07,2.235000000000004,1.0419956813730082
0.9,1.0,0.6,1e-06,1.7190000000000012,0.9039795351665882
0.9,1.0,0.6,1e-07,1.3440000000000054,0.6976417418704275
0.9,1.0,0.7,1e-06,1.2960000000000036,0.5641134637641609
0.9,1.0,0.7,1e-07,1.0830000000000013,0.5239952289859151
0.92,0.1,0.3,1e-06,4.709000000000005,0.9107024761139061
0.92,0.1,0.3,1e-07,4.876000000000005,1.921307887872218
0.92,0.1,0.4,1e-06,5.717000000000004,1.1449589512292588
0.92,0.1,0.4,1e-07,5.424000000000005,0.8560747630902332
0.92,0.1,0.5,1e-06,7.106000000000002,2.5132377523823712
0.92,0.1,0.5,1e-07,6.186000000000005,1.4357172423565865
0.92,0.1,0.6,1e-06,5.8020000000000085,0.978997446370517
0.92,0.1,0.6,1e-07,7.629000000000003,2.108928400870922
0.92,0.1,0.7,1e-06,6.453000000000005,1.4792062060443103
0.92,0.1,0.7,1e-07,6.964000000000003,1.6670164966190335
0.92,0.2,0.3,1e-06,5.613000000000004,0.8003567954356378
0.92,0.2,0.3,1e-07,5.918000000000006,1.249430270163164
0.92,0.2,0.4,1e-06,7.433000000000007,2.098621214035538
0.92,0.2,0.4,1e-07,6.5170000000000075,1.8146655339207827
0.92,0.2,0.5,1e-06,7.774000000000005,2.276006151134044
0.92,0.2,0.5,1e-07,7.814000000000007,1.8366066535869883
0.92,0.2,0.6,1e-06,8.277,2.602424062292693
0.92,0.2,0.6,1e-07,7.688000000000001,1.9410553830326465
0.92,0.2,0.7,1e-06,8.268000000000006,2.043383468661717
0.92,0.2,0.7,1e-07,8.160000000000004,1.8212632978237957
0.92,0.3,0.3,1e-06,6.885000000000003,2.0268978760657825
0.92,0.3,0.3,1e-07,7.4660000000000055,2.6189776631349835
0.92,0.3,0.4,1e-06,8.407000000000004,2.057379644110442
0.92,0.3,0.4,1e-07,8.670000000000005,1.8781959429196928
0.92,0.3,0.5,1e-06,7.243000000000002,1.5620662597982236
0.92,0.3,0.5,1e-07,8.192000000000005,1.4702027071121844
0.92,0.3,0.6,1e-06,7.3350000000000035,2.0491254231988822
0.92,0.3,0.6,1e-07,8.458000000000004,1.7173339803311414
0.92,0.3,0.7,1e-06,7.818000000000002,1.7322921231709176
0.92,0.3,0.7,1e-07,8.892000000000005,1.632107839574334
0.92,0.4,0.3,1e-06,7.460000000000005,1.9374725804511408
0.92,0.4,0.3,1e-07,7.401000000000005,1.8660061629051465
0.92,0.4,0.4,1e-06,8.032000000000005,2.022991843779902
0.92,0.4,0.4,1e-07,9.420000000000002,2.154158768521948
0.92,0.4,0.5,1e-06,8.007000000000001,1.8111684074099794
0.92,0.4,0.5,1e-07,8.091000000000006,1.5783722628074777
0.92,0.4,0.6,1e-06,8.168000000000006,1.95336018184051
0.92,0.4,0.6,1e-07,8.825000000000001,1.726625321255308
0.92,0.4,0.7,1e-06,8.707000000000004,1.6172232375278288
0.92,0.4,0.7,1e-07,9.006000000000002,1.4673936077276606
0.92,0.5,0.3,1e-06,8.631000000000007,2.276967061685345
0.92,0.5,0.3,1e-07,8.176000000000002,2.1662003600775264
0.92,0.5,0.4,1e-06,8.180000000000003,2.4378186971142886
0.92,0.5,0.4,1e-07,8.555000000000001,1.525081965010406
0.92,0.5,0.5,1e-06,8.142000000000007,2.177961432165408
0.92,0.5,0.5,1e-07,7.988000000000002,2.058964788431314
0.92,0.5,0.6,1e-06,7.349000000000004,1.7421650323663365
0.92,0.5,0.6,1e-07,8.598000000000006,2.5357515651183173
0.92,0.5,0.7,1e-06,7.192000000000005,2.0323129680243635
0.92,0.5,0.7,1e-07,7.605000000000006,2.0777572042950583
0.92,0.6,0.3,1e-06,7.770000000000005,2.230511152180143
0.92,0.6,0.3,1e-07,7.641000000000005,1.955121223863114
0.92,0.6,0.4,1e-06,7.360000000000005,1.9253571097331519
0.92,0.6,0.4,1e-07,7.7070000000000025,2.2037810689812187
0.92,0.6,0.5,1e-06,7.980000000000004,1.9394947795753397
0.92,0.6,0.5,1e-07,7.718000000000002,2.30629486406227
0.92,0.6,0.6,1e-06,6.845000000000008,1.5586388292353035
0.92,0.6,0.6,1e-07,6.864000000000004,2.0956774560986204
0.92,0.6,0.7,1e-06,6.219000000000003,1.9722624064763792
0.92,0.6,0.7,1e-07,5.88,2.4347895186237363
0.92,0.7,0.3,1e-06,7.3350000000000035,2.141082670052702
0.92,0.7,0.3,1e-07,7.6710000000000065,1.949250881749193
0.92,0.7,0.4,1e-06,7.614000000000002,1.7099485372373024
0.92,0.7,0.4,1e-07,6.977000000000002,2.544785059685787
0.92,0.7,0.5,1e-06,6.587000000000005,2.6554794294062956
0.92,0.7,0.5,1e-07,5.393000000000003,2.5012099072249026
0.92,0.7,0.6,1e-06,5.154000000000005,2.038215886504668
0.92,0.7,0.6,1e-07,4.1220000000000026,1.8042272584128645
0.92,0.7,0.7,1e-06,3.9830000000000054,1.7031415090942954
0.92,0.7,0.7,1e-07,3.1819999999999977,1.686260952521881
0.92,0.8,0.3,1e-06,6.838000000000003,2.3196973940581125
0.92,0.8,0.3,1e-07,6.032000000000005,2.363670027732298
0.92,0.8,0.4,1e-06,5.844000000000004,1.6091438717529258
0.92,0.8,0.4,1e-07,5.367000000000003,2.448013684602274
0.92,0.8,0.5,1e-06,4.930000000000004,1.4895435542474094
0.92,0.8,0.5,1e-07,4.143000000000006,2.1167170335214838
0.92,0.8,0.6,1e-06,3.212000000000006,1.3141902449797775
0.92,0.8,0.6,1e-07,2.332000000000002,1.1929526394622667
0.92,0.8,0.7,1e-06,2.3180000000000023,0.8309007160906768
0.92,0.8,0.7,1e-07,1.7750000000000044,0.7534155559848768
0.92,0.9,0.3,1e-06,5.103000000000006,1.8409375328891529
0.92,0.9,0.3,1e-07,4.330000000000005,2.1279896616290244
0.92,0.9,0.4,1e-06,5.345000000000003,2.406390450446477
0.92,0.9,0.4,1e-07,4.835000000000005,2.761339348939207
0.92,0.9,0.5,1e-06,3.086000000000003,1.6500799980606975
0.92,0.9,0.5,1e-07,2.485000000000004,0.9943817174505972
0.92,0.9,0.6,1e-06,2.658000000000004,2.0405577668862973
0.92,0.9,0.6,1e-07,1.7000000000000057,0.7335120994230426
0.92,0.9,0.7,1e-06,1.5530000000000044,0.7247420230675236
0.92,0.9,0.7,1e-07,1.1620000000000048,0.4670717289667643
0.92,1.0,0.3,1e-06,4.146000000000006,1.8295474850355764
0.92,1.0,0.3,1e-07,3.4710000000000036,1.7708243842911133
0.92,1.0,0.4,1e-06,3.9810000000000074,1.9786811264071817
0.92,1.0,0.4,1e-07,3.033000000000007,1.3685506932518057
0.92,1.0,0.5,1e-06,2.415000000000005,1.1857803337886823
0.92,1.0,0.5,1e-07,1.8670000000000044,0.7667926708048272
0.92,1.0,0.6,1e-06,1.541000000000004,0.5401657153133649
0.92,1.0,0.6,1e-07,1.2350000000000037,0.4932291556670177
0.92,1.0,0.7,1e-06,1.2870000000000075,0.6005089508075632
0.92,1.0,0.7,1e-07,1.0630000000000053,0.48378817678814995
0.94,0.1,0.3,1e-06,3.858000000000004,1.1129761902215134
0.94,0.1,0.3,1e-07,3.5000000000000044,1.039365190873738
0.94,0.1,0.4,1e-06,4.9660000000000055,0.8157720269781282
0.94,0.1,0.4,1e-07,5.253000000000002,1.334590199274671
0.94,0.1,0.5,1e-06,5.8410000000000055,1.035306234888981
0.94,0.1,0.5,1e-07,5.876000000000005,1.56967002901884
0.94,0.1,0.6,1e-06,6.197000000000001,1.3895506467919794
0.94,0.1,0.6,1e-07,5.773000000000005,0.9888634890620639
0.94,0.1,0.7,1e-06,5.914000000000004,1.1127641259494296
0.94,0.1,0.7,1e-07,6.324000000000007,2.1636691059401816
0.94,0.2,0.3,1e-06,5.488000000000005,1.1869692498123117
0.94,0.2,0.3,1e-07,5.692000000000005,1.9428576890755525
0.94,0.2,0.4,1e-06,6.084000000000006,1.2487850095192532
0.94,0.2,0.4,1e-07,6.354000000000006,1.6153525930891959
0.94,0.2,0.5,1e-06,7.222000000000006,2.3035008139785855
0.94,0.2,0.5,1e-07,6.6290000000000076,1.5910559386772034
0.94,0.2,0.6,1e-06,6.941000000000005,1.6690892726274371
0.94,0.2,0.6,1e-07,6.890000000000005,1.7677047264744188
0.94,0.2,0.7,1e-06,6.997000000000004,1.7114704204280016
0.94,0.2,0.7,1e-07,6.429000000000002,1.3954278913652267
0.94,0.3,0.3,1e-06,6.363000000000004,1.9635404248448758
0.94,0.3,0.3,1e-07,6.738000000000005,1.9271626812493032
0.94,0.3,0.4,1e-06,8.172000000000006,2.642479138990502
0.94,0.3,0.4,1e-07,6.543000000000004,1.6248479928904127
0.94,0.3,0.5,1e-06,6.432000000000004,1.6907323856837875
0.94,0.3,0.5,1e-07,7.328000000000005,1.9209310242692172
0.94,0.3,0.6,1e-06,7.034000000000004,1.7516517918810226
0.94,0.3,0.6,1e-07,8.089000000000002,2.13814382116826
0.94,0.3,0.7,1e-06,6.954999999999998,1.9209151464861745
0.94,0.3,0.7,1e-07,8.109000000000002,1.6020296501625677
0.94,0.4,0.3,1e-06,6.289000000000004,1.4405620430929027
0.94,0.4,0.3,1e-07,6.308000000000007,1.4206956042727776
0.94,0.4,0.4,1e-06,7.469000000000004,1.6183012698505772
0.94,0.4,0.4,1e-07,8.325000000000005,1.9456194386364474
0.94,0.4,0.5,1e-06,7.112000000000004,1.8629159938118522
0.94,0.4,0.5,1e-07,7.043000000000004,1.591040854283759
0.94,0.4,0.6,1e-06,8.431000000000003,2.2668257542210872
0.94,0.4,0.6,1e-07,8.489000000000006,1.852538528614183
0.94,0.4,0.7,1e-06,8.104000000000003,2.379105714338897
0.94,0.4,0.7,1e-07,8.456000000000005,1.2410737286720699
0.94,0.5,0.3,1e-06,7.583000000000003,1.9904097568088805
0.94,0.5,0.3,1e-07,7.294000000000004,2.324866447777159
0.94,0.5,0.4,1e-06,7.983000000000002,1.5846548520103685
0.94,0.5,0.4,1e-07,7.5370000000000035,1.9195653153774166
0.94,0.5,0.5,1e-06,6.858000000000004,1.8838354492895593
0.94,0.5,0.5,1e-07,7.3250000000000055,1.9521257643912178
0.94,0.5,0.6,1e-06,7.329000000000002,2.035873031404465
0.94,0.5,0.6,1e-07,7.332000000000006,2.1831023796423294
0.94,0.5,0.7,1e-06,6.762000000000005,1.9331207929149146
0.94,0.5,0.7,1e-07,6.284000000000003,2.0809382499247775
0.94,0.6,0.3,1e-06,7.022000000000004,1.7380552350256273
0.94,0.6,0.3,1e-07,7.262000000000005,2.129045795655884
0.94,0.6,0.4,1e-06,7.098000000000002,1.9531707554640438
0.94,0.6,0.4,1e-07,7.493000000000004,2.436688531593645
0.94,0.6,0.5,1e-06,7.6810000000000045,2.159161642860489
0.94,0.6,0.5,1e-07,6.724000000000002,2.6126201407782155
0.94,0.6,0.6,1e-06,6.907000000000005,1.7739365828574591
0.94,0.6,0.6,1e-07,6.505000000000007,2.590172774160058
0.94,0.6,0.7,1e-06,5.305000000000004,0.9198668381890965
0.94,0.6,0.7,1e-07,4.436000000000002,1.864667262543106
0.94,0.7,0.3,1e-06,7.457000000000003,2.277158536422091
0.94,0.7,0.3,1e-07,7.169000000000006,1.9918883000811052
0.94,0.7,0.4,1e-06,7.179000000000005,2.199795217741867
0.94,0.7,0.4,1e-07,6.052000000000002,2.2689239740458484
0.94,0.7,0.5,1e-06,6.170000000000004,1.8156155980823665
0.94,0.7,0.5,1e-07,4.6220000000000026,1.8618045010150788
0.94,0.7,0.6,1e-06,4.794000000000004,1.737907937722823
0.94,0.7,0.6,1e-07,4.405000000000003,2.3789398899509826
0.94,0.7,0.7,1e-06,3.926000000000002,1.644336948438487
0.94,0.7,0.7,1e-07,2.9620000000000077,1.3694071710050302
0.94,0.8,0.3,1e-06,6.235000000000005,2.3711758686356417
0.94,0.8,0.3,1e-07,5.710000000000005,2.3757314663067493
0.94,0.8,0.4,1e-06,5.509000000000005,1.757913251557086
0.94,0.8,0.4,1e-07,5.116000000000004,2.5746968753622235
0.94,0.8,0.5,1e-06,5.241000000000002,2.2184181301098302
0.94,0.8,0.5,1e-07,4.369000000000004,2.4852804670700634
0.94,0.8,0.6,1e-06,3.0710000000000037,1.4263165847735253
0.94,0.8,0.6,1e-07,2.1930000000000036,0.8504651668351869
0.94,0.8,0.7,1e-06,2.230000000000004,0.7185123520163028
0.94,0.8,0.7,1e-07,1.7880000000000025,0.6888657343778988
0.94,0.9,0.3,1e-06,5.306000000000007,2.2803254153738677
0.94,0.9,0.3,1e-07,3.9440000000000013,1.8051105229320454
0.94,0.9,0.4,1e-06,5.254000000000002,2.4807748789440742
0.94,0.9,0.4,1e-07,4.314000000000009,2.7532896687417403
0.94,0.9,0.5,1e-06,2.9890000000000057,1.2961246082070945
0.94,0.9,0.5,1e-07,2.4000000000000057,1.2066813995417365
0.94,0.9,0.6,1e-06,2.223000000000006,1.082225022811799
0.94,0.9,0.6,1e-07,1.8370000000000062,0.7578198994484109
0.94,0.9,0.7,1e-06,1.6380000000000052,0.7192468282863707
0.94,0.9,0.7,1e-07,1.1150000000000049,0.4128377405228345
0.94,1.0,0.3,1e-06,3.7730000000000032,1.7882424332287854
0.94,1.0,0.3,1e-07,3.727000000000005,2.1785800421375403
0.94,1.0,0.4,1e-06,3.960000000000001,1.796207115006505
0.94,1.0,0.4,1e-07,2.6940000000000053,1.0586992018510284
0.94,1.0,0.5,1e-06,2.3820000000000037,1.0665627032668967
0.94,1.0,0.5,1e-07,1.8020000000000054,0.8013962814987332
0.94,1.0,0.6,1e-06,1.490000000000002,0.8816235024090509
0.94,1.0,0.6,1e-07,1.249000000000001,0.5536957648384158
0.94,1.0,0.7,1e-06,1.1750000000000056,0.5654688320323249
0.94,1.0,0.7,1e-07,0.9490000000000052,0.41878275991258324
0.96,0.1,0.3,1e-06,2.8480000000000034,0.9707811287823825
0.96,0.1,0.3,1e-07,2.545000000000003,0.8003717886082692
0.96,0.1,0.4,1e-06,4.223000000000002,1.3272117389474798
0.96,0.1,0.4,1e-07,3.9220000000000015,0.887195581594046
0.96,0.1,0.5,1e-06,5.248000000000005,1.36603660273069
0.96,0.1,0.5,1e-07,4.9470000000000045,0.8024032651977441
0.96,0.1,0.6,1e-06,5.633000000000003,1.373990902444406
0.96,0.1,0.6,1e-07,5.362000000000004,0.8177016570852712
0.96,0.1,0.7,1e-06,5.537000000000004,0.8587729618473122
0.96,0.1,0.7,1e-07,5.546000000000001,0.6290023847331561
0.96,0.2,0.3,1e-06,4.658000000000006,0.978793134426273
0.96,0.2,0.3,1e-07,4.760000000000003,1.5073022258326285
0.96,0.2,0.4,1e-06,5.700000000000007,0.9924918135682528
0.96,0.2,0.4,1e-07,5.742000000000004,1.1462268536376239
0.96,0.2,0.5,1e-06,5.889000000000001,1.142724376216764
0.96,0.2,0.5,1e-07,5.897000000000007,1.482825343727305
0.96,0.2,0.6,1e-06,6.363000000000002,1.613893119137694
0.96,0.2,0.6,1e-07,5.817000000000005,1.4795036329796525
0.96,0.2,0.7,1e-06,6.014000000000008,1.3295126926810419
0.96,0.2,0.7,1e-07,6.140000000000006,1.380521640540269
0.96,0.3,0.3,1e-06,5.557000000000005,0.6390391224330454
0.96,0.3,0.3,1e-07,5.908000000000007,1.2168056541617513
0.96,0.3,0.4,1e-06,6.355000000000007,1.8384653926576904
0.96,0.3,0.4,1e-07,6.392000000000005,1.6824196860474492
0.96,0.3,0.5,1e-06,5.985000000000008,1.2237789833135746
0.96,0.3,0.5,1e-07,6.514000000000005,1.6372672353650777
0.96,0.3,0.6,1e-06,6.522000000000006,1.696901882844141
0.96,0.3,0.6,1e-07,6.872000000000007,1.9535956592908352
0.96,0.3,0.7,1e-06,6.9680000000000035,1.924841811682197
0.96,0.3,0.7,1e-07,7.280000000000006,2.0271852406723943
0.96,0.4,0.3,1e-06,6.451000000000003,1.617299910344399
0.96,0.4,0.3,1e-07,5.937000000000003,1.24958032955068
0.96,0.4,0.4,1e-06,6.819000000000005,1.6289686921485023
0.96,0.4,0.4,1e-07,7.501000000000005,1.7237920408216274
0.96,0.4,0.5,1e-06,6.616000000000005,1.8802404101603587
0.96,0.4,0.5,1e-07,7.286000000000004,2.114437040916564
0.96,0.4,0.6,1e-06,7.249000000000004,1.8071577130953442
0.96,0.4,0.6,1e-07,7.411000000000003,2.2557878889647407
0.96,0.4,0.7,1e-06,6.829000000000001,1.8908249522364564
0.96,0.4,0.7,1e-07,7.137000000000006,2.143019131972457
0.96,0.5,0.3,1e-06,6.909000000000003,1.8194227106420306
0.96,0.5,0.3,1e-07,7.340000000000005,2.389987447665784
0.96,0.5,0.4,1e-06,7.135000000000003,1.663212253442113
0.96,0.5,0.4,1e-07,6.743,1.5361415950360804
0.96,0.5,0.5,1e-06,6.855000000000006,1.9210817265280502
0.96,0.5,0.5,1e-07,6.991000000000004,1.8466020145120596
0.96,0.5,0.6,1e-06,6.565000000000005,1.4310957340443706
0.96,0.5,0.6,1e-07,6.146000000000003,1.627133676131126
0.96,0.5,0.7,1e-06,6.344000000000006,2.0228257463261623
0.96,0.5,0.7,1e-07,5.566000000000004,1.572489745594548
0.96,0.6,0.3,1e-06,6.818000000000005,2.1198103688773684
0.96,0.6,0.3,1e-07,6.5480000000000045,1.8930441093645995
0.96,0.6,0.4,1e-06,7.169000000000002,1.7532538321646391
0.96,0.6,0.4,1e-07,7.048000000000006,2.0264589805865802
0.96,0.6,0.5,1e-06,6.757000000000005,1.5845538804344899
0.96,0.6,0.5,1e-07,6.428000000000002,1.7348244867997464
0.96,0.6,0.6,1e-06,6.449000000000007,1.8428290750907952
0.96,0.6,0.6,1e-07,5.624000000000004,2.446128369485135
0.96,0.6,0.7,1e-06,5.004000000000005,1.2726602060251582
0.96,0.6,0.7,1e-07,3.616000000000004,1.4142079055075327
0.96,0.7,0.3,1e-06,7.096000000000004,1.6717368213926522
0.96,0.7,0.3,1e-07,6.415000000000004,1.6668758202097693
0.96,0.7,0.4,1e-06,6.627000000000001,2.2492956675368405
0.96,0.7,0.4,1e-07,5.401000000000008,1.9424569493298929
0.96,0.7,0.5,1e-06,5.401000000000006,1.686398232921276
0.96,0.7,0.5,1e-07,4.198000000000003,1.705577907924466
0.96,0.7,0.6,1e-06,4.962000000000005,1.669992814355795
0.96,0.7,0.6,1e-07,3.8350000000000053,1.953477668160042
0.96,0.7,0.7,1e-06,3.65,1.3575787269989172
0.96,0.7,0.7,1e-07,2.7570000000000063,1.5794210964780726
0.96,0.8,0.3,1e-06,6.140000000000006,2.3344292664375152
0.96,0.8,0.3,1e-07,5.083000000000004,1.9830610177198276
0.96,0.8,0.4,1e-06,5.7280000000000015,1.9016981884620947
0.96,0.8,0.4,1e-07,4.751000000000005,2.3435398439113455
0.96,0.8,0.5,1e-06,5.190000000000005,2.331184248402515
0.96,0.8,0.5,1e-07,4.152000000000006,2.4756284050721327
0.96,0.8,0.6,1e-06,3.0680000000000036,1.4684740379046557
0.96,0.8,0.6,1e-07,2.384000000000003,1.378326521547051
0.96,0.8,0.7,1e-06,2.1320000000000063,0.9625466222474611
0.96,0.8,0.7,1e-07,1.7510000000000019,0.6667375795618512
0.96,0.9,0.3,1e-06,5.081000000000003,2.2216613153223843
0.96,0.9,0.3,1e-07,4.272000000000007,1.9036638358701887
0.96,0.9,0.4,1e-06,4.9700000000000015,2.2702995397083607
0.96,0.9,0.4,1e-07,3.7220000000000057,2.126084664353706
0.96,0.9,0.5,1e-06,2.985000000000005,1.1711169881783816
0.96,0.9,0.5,1e-07,1.947000000000007,0.6282762131419595
0.96,0.9,0.6,1e-06,1.9580000000000055,0.9584758734574383
0.96,0.9,0.6,1e-07,1.6260000000000034,0.5607173976255767
0.96,0.9,0.7,1e-06,1.496000000000008,0.7193775086837222
0.96,0.9,0.7,1e-07,1.1610000000000056,0.4807691753846135
0.96,1.0,0.3,1e-06,3.8580000000000068,1.846400823223389
0.96,1.0,0.3,1e-07,3.347000000000004,1.5365451506545456
0.96,1.0,0.4,1e-06,3.7010000000000063,1.7786115371266447
0.96,1.0,0.4,1e-07,2.747000000000001,0.9931822592052262
0.96,1.0,0.5,1e-06,2.0850000000000035,1.0437791912085659
0.96,1.0,0.5,1e-07,1.6120000000000048,0.6639698788348724
0.96,1.0,0.6,1e-06,1.563000000000001,0.9745003848126458
0.96,1.0,0.6,1e-07,1.282000000000005,0.4712494031826448
0.96,1.0,0.7,1e-06,1.0370000000000061,0.4528697384458376
0.96,1.0,0.7,1e-07,0.8370000000000047,0.3626720281466448
0.97,0.1,0.3,1e-06,2.2870000000000035,0.8351592662480604
0.97,0.1,0.3,1e-07,2.046000000000004,0.45087026958982446
0.97,0.1,0.4,1e-06,3.7700000000000045,1.0013291167243699
0.97,0.1,0.4,1e-07,3.470000000000006,1.119455224651705
0.97,0.1,0.5,1e-06,4.7490000000000006,1.3970751590376258
0.97,0.1,0.5,1e-07,4.561000000000004,1.0652600621444521
0.97,0.1,0.6,1e-06,5.354000000000002,1.2465007019653054
0.97,0.1,0.6,1e-07,4.938000000000002,1.1404367584395005
0.97,0.1,0.7,1e-06,5.273000000000003,0.3362900533765455
0.97,0.1,0.7,1e-07,5.267000000000001,0.8789374266692677
0.97,0.2,0.3,1e-06,4.347000000000004,0.9502478624022287
0.97,0.2,0.3,1e-07,4.411000000000003,1.4460909376660915
0.97,0.2,0.4,1e-06,5.557,1.0996958670468846
0.97,0.2,0.4,1e-07,5.196000000000002,0.49516058001420105
0.97,0.2,0.5,1e-06,5.780000000000006,1.250359948174924
0.97,0.2,0.5,1e-07,5.560000000000004,0.7827643323504222
0.97,0.2,0.6,1e-06,5.773000000000005,0.9968405088077045
0.97,0.2,0.6,1e-07,6.021000000000008,1.4327382873365258
0.97,0.2,0.7,1e-06,5.8840000000000074,1.4157344383746515
0.97,0.2,0.7,1e-07,6.3620000000000045,2.0139205545403245
0.97,0.3,0.3,1e-06,5.884000000000002,1.2646517307148248
0.97,0.3,0.3,1e-07,5.709000000000005,1.0149773396485278
0.97,0.3,0.4,1e-06,6.093000000000009,1.7635903719401491
0.97,0.3,0.4,1e-07,5.865000000000004,1.028899897949258
0.97,0.3,0.5,1e-06,6.027000000000004,1.1356984635016454
0.97,0.3,0.5,1e-07,6.329000000000006,1.6258963681612668
0.97,0.3,0.6,1e-06,6.262000000000006,1.6505744454583053
0.97,0.3,0.6,1e-07,6.173000000000006,1.3977592782736212
0.97,0.3,0.7,1e-06,6.446000000000007,1.5368942709243163
0.97,0.3,0.7,1e-07,7.126000000000007,2.4772654278457913
0.97,0.4,0.3,1e-06,6.123000000000005,1.3689452143895273
0.97,0.4,0.3,1e-07,6.153000000000004,1.4979756339807397
0.97,0.4,0.4,1e-06,6.600000000000004,2.09287362255823
0.97,0.4,0.4,1e-07,6.945000000000003,1.6820329961091727
0.97,0.4,0.5,1e-06,6.3440000000000065,1.56255687896473
0.97,0.4,0.5,1e-07,6.676000000000004,1.7212739468196205
0.97,0.4,0.6,1e-06,6.734000000000006,1.5424020228202486
0.97,0.4,0.6,1e-07,7.161000000000004,2.0767809224855647
0.97,0.4,0.7,1e-06,7.164000000000004,1.7758896362105359
0.97,0.4,0.7,1e-07,6.291000000000006,1.7001114669338597
0.97,0.5,0.3,1e-06,6.736000000000006,1.915960333618631
0.97,0.5,0.3,1e-07,6.918000000000005,2.00594017856964
0.97,0.5,0.4,1e-06,6.775000000000003,1.5784786979873957
0.97,0.5,0.4,1e-07,6.762000000000006,1.5743176299590889
0.97,0.5,0.5,1e-06,6.949000000000003,2.2423155442533047
0.97,0.5,0.5,1e-07,6.753000000000005,1.8511863763543583
0.97,0.5,0.6,1e-06,6.545000000000004,1.7317029190943791
0.97,0.5,0.6,1e-07,6.4850000000000065,2.518625617276215
0.97,0.5,0.7,1e-06,6.3710000000000075,2.14112563853689
0.97,0.5,0.7,1e-07,5.371000000000007,1.8236718454809777
0.97,0.6,0.3,1e-06,6.877000000000004,2.726949027759773
0.97,0.6,0.3,1e-07,6.4060000000000015,1.9877434442100452
0.97,0.6,0.4,1e-06,7.225000000000001,2.054213961592123
0.97,0.6,0.4,1e-07,6.398000000000003,1.7452323627528805
0.97,0.6,0.5,1e-06,6.132000000000005,1.3732501592936361
0.97,0.6,0.5,1e-07,5.876000000000005,1.595927316640701
0.97,0.6,0.6,1e-06,6.267000000000001,2.1917232945789493
0.97,0.6,0.6,1e-07,5.456000000000005,2.1623098760353456
0.97,0.6,0.7,1e-06,4.981000000000004,1.6535111127537034
0.97,0.6,0.7,1e-07,3.780000000000007,1.7440642190011233
0.97,0.7,0.3,1e-06,7.109000000000007,1.7186561610746904
0.97,0.7,0.3,1e-07,6.3780000000000046,1.8084678598194668
0.97,0.7,0.4,1e-06,6.517000000000003,2.6514545064926143
0.97,0.7,0.4,1e-07,5.588000000000006,2.108263740616912
0.97,0.7,0.5,1e-06,5.285000000000004,1.682900769504842
0.97,0.7,0.5,1e-07,3.762000000000005,1.6229590259769342
0.97,0.7,0.6,1e-06,4.944000000000004,1.9793999090633505
0.97,0.7,0.6,1e-07,3.3700000000000045,1.3644412775931405
0.97,0.7,0.7,1e-06,3.2210000000000063,1.2397818356469037
0.97,0.7,0.7,1e-07,2.705000000000004,1.1520394958507278
0.97,0.8,0.3,1e-06,5.794000000000006,2.0047852752851094
0.97,0.8,0.3,1e-07,5.042999999999999,2.0797814789058946
0.97,0.8,0.4,1e-06,5.516000000000004,2.2958797877937767
0.97,0.8,0.4,1e-07,4.090000000000003,1.6364045954469824
0.97,0.8,0.5,1e-06,4.809000000000002,1.7921771675813765
0.97,0.8,0.5,1e-07,3.6490000000000067,1.9754844975347174
0.97,0.8,0.6,1e-06,3.089000000000007,1.4333105036941574
0.97,0.8,0.6,1e-07,2.2840000000000074,1.2941499140362376
0.97,0.8,0.7,1e-06,2.1090000000000044,0.8410107014776921
0.97,0.8,0.7,1e-07,1.7920000000000058,0.7771589284052506
0.97,0.9,0.3,1e-06,5.124000000000007,2.507473628973995
0.97,0.9,0.3,1e-07,4.282000000000001,2.3057571424588508
0.97,0.9,0.4,1e-06,4.714000000000004,2.084419343606273
0.97,0.9,0.4,1e-07,3.6150000000000033,1.8693835882450691
0.97,0.9,0.5,1e-06,2.8080000000000025,1.3386620185842268
0.97,0.9,0.5,1e-07,2.0170000000000043,0.7656441732293171
0.97,0.9,0.6,1e-06,1.868000000000002,0.9262699390566447
0.97,0.9,0.6,1e-07,1.5530000000000086,0.5904667645177002
0.97,0.9,0.7,1e-06,1.5800000000000067,0.6811167300837647
0.97,0.9,0.7,1e-07,1.2860000000000056,0.5104938785137407
0.97,1.0,0.3,1e-06,4.115000000000005,2.1143308634175453
0.97,1.0,0.3,1e-07,3.3760000000000048,1.6145785827887118
0.97,1.0,0.4,1e-06,3.684000000000006,1.798539407408133
0.97,1.0,0.4,1e-07,2.4710000000000036,0.963586529586211
0.97,1.0,0.5,1e-06,1.9670000000000059,0.8918133212730106
0.97,1.0,0.5,1e-07,1.5600000000000052,0.6569018191480365
0.97,1.0,0.6,1e-06,1.3860000000000057,0.49202032478343494
0.97,1.0,0.6,1e-07,1.268000000000005,0.4515927368769331
0.97,1.0,0.7,1e-06,0.9390000000000043,0.3812859819085952
0.97,1.0,0.7,1e-07,0.8810000000000044,0.37949835309260577
0.98,0.1,0.3,1e-06,1.9930000000000034,0.4470022371308681
0.98,0.1,0.3,1e-07,1.8270000000000024,0.5318749853114005
0.98,0.1,0.4,1e-06,3.2640000000000042,0.9311627140301523
0.98,0.1,0.4,1e-07,3.1010000000000035,0.9235686222474226
0.98,0.1,0.5,1e-06,4.075000000000003,1.2713123141069633
0.98,0.1,0.5,1e-07,3.9360000000000026,1.2131380795276383
0.98,0.1,0.6,1e-06,4.297999999999999,0.9168184116824843
0.98,0.1,0.6,1e-07,4.315000000000002,1.3321993094128202
0.98,0.1,0.7,1e-06,4.961000000000003,1.007402104425044
0.98,0.1,0.7,1e-07,4.989000000000002,1.3098927437007972
0.98,0.2,0.3,1e-06,4.369000000000004,1.3585503303153712
0.98,0.2,0.3,1e-07,4.120000000000003,0.9931767214348075
0.98,0.2,0.4,1e-06,5.5210000000000035,2.228510489093556
0.98,0.2,0.4,1e-07,4.928000000000006,0.7119381995651021
0.98,0.2,0.5,1e-06,6.006000000000005,2.3956134913629135
0.98,0.2,0.5,1e-07,5.613000000000004,1.3938762498873443
0.98,0.2,0.6,1e-06,5.580000000000005,0.6333087714535436
0.98,0.2,0.6,1e-07,5.592000000000003,0.6137230645820653
0.98,0.2,0.7,1e-06,5.703000000000005,0.8584468533345527
0.98,0.2,0.7,1e-07,5.7980000000000045,1.2774020510395296
0.98,0.3,0.3,1e-06,5.647000000000004,1.1946593656770967
0.98,0.3,0.3,1e-07,5.2900000000000045,0.3352312634585287
0.98,0.3,0.4,1e-06,5.851000000000006,1.3560011061942372
0.98,0.3,0.4,1e-07,5.873000000000005,1.132806691364417
0.98,0.3,0.5,1e-06,6.277000000000006,1.777135616659573
0.98,0.3,0.5,1e-07,6.052000000000004,1.2282898680686076
0.98,0.3,0.6,1e-06,5.899000000000001,1.3206434037998294
0.98,0.3,0.6,1e-07,5.7450000000000045,0.8562447080128428
0.98,0.3,0.7,1e-06,6.2440000000000095,1.7059261414258253
0.98,0.3,0.7,1e-07,6.271000000000008,1.7084668565705363
0.98,0.4,0.3,1e-06,5.978000000000006,1.5676849173223544
0.98,0.4,0.3,1e-07,5.805000000000005,1.1885095708491393
0.98,0.4,0.4,1e-06,5.803000000000003,0.9675386297197615
0.98,0.4,0.4,1e-07,6.647000000000006,1.6141037760937178
0.98,0.4,0.5,1e-06,6.238000000000002,1.877678353712371
0.98,0.4,0.5,1e-07,6.075000000000005,1.2320044642776231
0.98,0.4,0.6,1e-06,6.1790000000000065,1.6743174728826058
0.98,0.4,0.6,1e-07,6.311000000000003,1.55430338093951
0.98,0.4,0.7,1e-06,6.586000000000004,1.7572831302894822
0.98,0.4,0.7,1e-07,5.991000000000005,1.5860955204526614
0.98,0.5,0.3,1e-06,7.102000000000001,2.469436372940187
0.98,0.5,0.3,1e-07,6.842000000000003,1.954061411522164
0.98,0.5,0.4,1e-06,6.451000000000002,1.7299187842208046
0.98,0.5,0.4,1e-07,6.683000000000005,1.4887481318208236
0.98,0.5,0.5,1e-06,6.242000000000006,1.694920647110061
0.98,0.5,0.5,1e-07,6.570000000000003,2.0454192724231364
0.98,0.5,0.6,1e-06,6.801000000000005,2.3784740906724204
0.98,0.5,0.6,1e-07,6.406000000000006,2.2927546750579313
0.98,0.5,0.7,1e-06,5.755000000000004,1.6612991903928718
0.98,0.5,0.7,1e-07,5.616000000000007,2.186518694180318
0.98,0.6,0.3,1e-06,6.2190000000000065,1.6161865610132997
0.98,0.6,0.3,1e-07,6.157000000000006,1.8026677453152584
0.98,0.6,0.4,1e-06,6.765000000000003,1.8924996697489789
0.98,0.6,0.4,1e-07,6.087000000000005,1.603437245419978
0.98,0.6,0.5,1e-06,6.012000000000005,1.3806143560024275
0.98,0.6,0.5,1e-07,5.347000000000003,1.7896510833120511
0.98,0.6,0.6,1e-06,5.942000000000007,2.0646636529953284
0.98,0.6,0.6,1e-07,5.166000000000002,1.8384243253395025
0.98,0.6,0.7,1e-06,4.567000000000007,1.892672977563741
0.98,0.6,0.7,1e-07,3.779000000000005,1.6377969959674497
0.98,0.7,0.3,1e-06,6.771000000000005,1.755066665400491
0.98,0.7,0.3,1e-07,6.167000000000006,1.3644526375070691
0.98,0.7,0.4,1e-06,5.628000000000002,2.071351249788407
0.98,0.7,0.4,1e-07,5.249000000000007,2.0234374218146676
0.98,0.7,0.5,1e-06,4.936000000000007,1.6186488192316422
0.98,0.7,0.5,1e-07,3.7210000000000036,1.7475065092868767
0.98,0.7,0.6,1e-06,4.722000000000004,1.78140281800608
0.98,0.7,0.6,1e-07,3.5920000000000014,1.301313182904099
0.98,0.7,0.7,1e-06,3.0230000000000032,1.2024188122280848
0.98,0.7,0.7,1e-07,2.729000000000005,1.0520356457839233
0.98,0.8,0.3,1e-06,5.6440000000000055,2.0314290536467157
0.98,0.8,0.3,1e-07,4.910000000000004,1.8313983728288057
0.98,0.8,0.4,1e-06,5.316000000000004,1.9067522125331358
0.98,0.8,0.4,1e-07,3.895000000000003,1.7059528129464785
0.98,0.8,0.5,1e-06,4.817000000000007,2.9620011816337946
0.98,0.8,0.5,1e-07,3.6580000000000026,2.0883859796503117
0.98,0.8,0.6,1e-06,3.053000000000003,1.463151051668965
0.98,0.8,0.6,1e-07,2.2860000000000027,1.4142715439405555
0.98,0.8,0.7,1e-06,2.2560000000000073,1.1434264296403138
0.98,0.8,0.7,1e-07,1.8920000000000043,0.9902807682672637
0.98,0.9,0.3,1e-06,4.855000000000001,2.267781956009
0.98,0.9,0.3,1e-07,4.236000000000004,2.0937105817184927
0.98,0.9,0.4,1e-06,4.576000000000006,2.073813877858858
0.98,0.9,0.4,1e-07,3.575000000000004,1.9132367861819894
0.98,0.9,0.5,1e-06,2.7550000000000026,1.1680560774209439
0.98,0.9,0.5,1e-07,2.087000000000002,0.922719350615342
0.98,0.9,0.6,1e-06,2.0730000000000075,1.0530009496671888
0.98,0.9,0.6,1e-07,1.5110000000000041,0.5539846568272441
0.98,0.9,0.7,1e-06,1.531000000000006,0.5823907622893736
0.98,0.9,0.7,1e-07,1.3240000000000038,0.5077637245806391
0.98,1.0,0.3,1e-06,3.667000000000006,1.7247872332551584
0.98,1.0,0.3,1e-07,3.208000000000003,1.5820164348071728
0.98,1.0,0.4,1e-06,3.7590000000000074,2.1497113759758517
0.98,1.0,0.4,1e-07,2.4180000000000064,0.9851883068733589
0.98,1.0,0.5,1e-06,1.7080000000000013,0.7250489638638196
0.98,1.0,0.5,1e-07,1.5430000000000064,0.7024322031342234
0.98,1.0,0.6,1e-06,1.4160000000000068,0.5922702086041456
0.98,1.0,0.6,1e-07,1.263000000000004,0.46105422674561936
0.98,1.0,0.7,1e-06,0.9150000000000048,0.3741056000650107
0.98,1.0,0.7,1e-07,0.8050000000000054,0.2824092774680034
0.99,0.1,0.3,1e-06,1.5500000000000071,0.5892877056243405
0.99,0.1,0.3,1e-07,1.4810000000000074,0.5925698271090059
0.99,0.1,0.4,1e-06,2.670000000000006,0.847714574606337
0.99,0.1,0.4,1e-07,2.565000000000006,0.935732333522787
0.99,0.1,0.5,1e-06,3.292000000000006,1.1460087259702683
0.99,0.1,0.5,1e-07,3.3120000000000047,1.192332168483261
0.99,0.1,0.6,1e-06,3.4090000000000034,1.0109891196249348
0.99,0.1,0.6,1e-07,3.1760000000000046,0.9378400716540112
0.99,0.1,0.7,1e-06,4.167000000000003,0.8656621742920273
0.99,0.1,0.7,1e-07,4.343999999999999,1.2440353692721091
0.99,0.2,0.3,1e-06,3.9280000000000044,0.7080225985093973
0.99,0.2,0.3,1e-07,3.815000000000002,0.8066194889785415
0.99,0.2,0.4,1e-06,4.473000000000004,0.986778090555316
0.99,0.2,0.4,1e-07,4.434000000000005,0.9378294087945834
0.99,0.2,0.5,1e-06,4.964000000000003,0.60489999173417
0.99,0.2,0.5,1e-07,5.18,0.9176055797563567
0.99,0.2,0.6,1e-06,5.893000000000003,1.2217409709099543
0.99,0.2,0.6,1e-07,6.151000000000005,1.720889014434109
0.99,0.2,0.7,1e-06,5.926000000000004,1.386349162368557
0.99,0.2,0.7,1e-07,5.506000000000003,0.6795910535020291
0.99,0.3,0.3,1e-06,5.502000000000001,1.1931118975184183
0.99,0.3,0.3,1e-07,5.227000000000002,0.36129074164722486
0.99,0.3,0.4,1e-06,5.420000000000006,0.9396169432273965
0.99,0.3,0.4,1e-07,5.387000000000006,0.8220285883106481
0.99,0.3,0.5,1e-06,6.218000000000005,1.3969810306514523
0.99,0.3,0.5,1e-07,6.115000000000006,1.3781999129299076
0.99,0.3,0.6,1e-06,5.946000000000005,1.616775803876341
0.99,0.3,0.6,1e-07,5.585000000000005,0.6363293172564027
0.99,0.3,0.7,1e-06,5.598000000000004,0.7848541265738483
0.99,0.3,0.7,1e-07,5.606000000000007,0.7787451444471443
0.99,0.4,0.3,1e-06,5.637000000000003,1.1177347628127168
0.99,0.4,0.3,1e-07,5.7190000000000065,1.1428818836607761
0.99,0.4,0.4,1e-06,5.904000000000006,1.4052558485912812
0.99,0.4,0.4,1e-07,5.736000000000006,1.1000109090368162
0.99,0.4,0.5,1e-06,5.736000000000002,0.8452360617011092
0.99,0.4,0.5,1e-07,6.044000000000002,1.2177454578030658
0.99,0.4,0.6,1e-06,6.017000000000005,1.7169772858136496
0.99,0.4,0.6,1e-07,5.853000000000003,1.0353023712906277
0.99,0.4,0.7,1e-06,6.437000000000003,2.168900873714608
0.99,0.4,0.7,1e-07,5.794000000000006,1.4615758618696433
0.99,0.5,0.3,1e-06,6.688000000000004,2.0881609133397756
0.99,0.5,0.3,1e-07,7.053000000000003,2.4790665582029057
0.99,0.5,0.4,1e-06,6.352000000000006,1.3430919551542229
0.99,0.5,0.4,1e-07,6.278000000000003,1.3717565381655739
0.99,0.5,0.5,1e-06,5.9420000000000055,1.5095019046029694
0.99,0.5,0.5,1e-07,6.390000000000008,1.9426940057559248
0.99,0.5,0.6,1e-06,5.912000000000006,1.5489919302565798
0.99,0.5,0.6,1e-07,6.287000000000006,2.1309929610395253
0.99,0.5,0.7,1e-06,5.643000000000006,2.187686220644997
0.99,0.5,0.7,1e-07,5.460000000000003,2.1544001485332296
0.99,0.6,0.3,1e-06,6.342000000000004,1.4955119524764746
0.99,0.6,0.3,1e-07,6.1890000000000045,1.9252581645067766
0.99,0.6,0.4,1e-06,6.606000000000004,1.8225926588242356
0.99,0.6,0.4,1e-07,6.194000000000001,1.5238123244021864
0.99,0.6,0.5,1e-06,5.657000000000005,1.1314110658818874
0.99,0.6,0.5,1e-07,4.778000000000004,1.415173487597899
0.99,0.6,0.6,1e-06,5.6630000000000065,1.8311010348967622
0.99,0.6,0.6,1e-07,4.935000000000005,1.6084635525867517
0.99,0.6,0.7,1e-06,4.560000000000005,1.6740609307907515
0.99,0.6,0.7,1e-07,4.004000000000002,1.9136311034261535
0.99,0.7,0.3,1e-06,6.580000000000004,1.7400919515933597
0.99,0.7,0.3,1e-07,5.785000000000006,1.565654815085368
0.99,0.7,0.4,1e-06,5.772000000000004,2.0898267870806895
0.99,0.7,0.4,1e-07,5.038000000000006,1.949778448952597
0.99,0.7,0.5,1e-06,4.921000000000004,1.6908988733806654
0.99,0.7,0.5,1e-07,3.7470000000000057,1.7230586176912235
0.99,0.7,0.6,1e-06,4.583000000000004,1.4075691812482953
0.99,0.7,0.6,1e-07,3.5770000000000026,1.2327574781764659
0.99,0.7,0.7,1e-06,3.1060000000000016,1.3577790689210079
0.99,0.7,0.7,1e-07,2.527000000000008,1.139688992664226
0.99,0.8,0.3,1e-06,5.797000000000002,2.1839439095361404
0.99,0.8,0.3,1e-07,4.8320000000000025,1.682122468787577
0.99,0.8,0.4,1e-06,5.715000000000005,2.6813569325996145
0.99,0.8,0.4,1e-07,3.9800000000000053,1.9615504072034462
0.99,0.8,0.5,1e-06,3.927000000000004,1.9100395283867815
0.99,0.8,0.5,1e-07,3.6260000000000048,2.385590912122189
0.99,0.8,0.6,1e-06,3.323000000000003,1.848093882896648
0.99,0.8,0.6,1e-07,2.462000000000006,1.483157442755153
0.99,0.8,0.7,1e-06,2.0360000000000027,1.1058679848878876
0.99,0.8,0.7,1e-07,1.903000000000003,1.231881081923087
0.99,0.9,0.3,1e-06,4.865000000000005,2.3436371306155768
0.99,0.9,0.3,1e-07,4.1850000000000005,2.198844014476699
0.99,0.9,0.4,1e-06,4.5930000000000035,2.11436302464832
0.99,0.9,0.4,1e-07,3.7640000000000016,1.7874406283846178
0.99,0.9,0.5,1e-06,2.6950000000000047,1.1512927516492064
0.99,0.9,0.5,1e-07,2.046000000000005,0.8698298684225536
0.99,0.9,0.6,1e-06,1.9680000000000064,0.835641071274023
0.99,0.9,0.6,1e-07,1.6570000000000036,0.6082852949069216
0.99,0.9,0.7,1e-06,1.5040000000000049,0.6626190459079807
0.99,0.9,0.7,1e-07,1.3730000000000075,0.6388200059484722
0.99,1.0,0.3,1e-06,3.855000000000004,2.3757598784388962
0.99,1.0,0.3,1e-07,3.3700000000000045,2.0518333265643163
0.99,1.0,0.4,1e-06,3.1890000000000085,1.3971324203524864
0.99,1.0,0.4,1e-07,2.7440000000000055,1.2202393207891635
0.99,1.0,0.5,1e-06,1.7380000000000024,0.8509970622746051
0.99,1.0,0.5,1e-07,1.5480000000000032,0.7278021709228423
0.99,1.0,0.6,1e-06,1.396000000000008,0.5212139675795346
0.99,1.0,0.6,1e-07,1.3300000000000054,0.6184011642938602
0.99,1.0,0.7,1e-06,0.8410000000000082,0.33319513801975137
0.99,1.0,0.7,1e-07,0.8420000000000044,0.3684508108282595
