input_scale,leaking_rate,ridge_alpha,cycle_weight,connect_weight,combine_factor,mean_T_VPT,std_dev
0.1,0.4,1e-06,0.6,0.6,0.3,9.191000000000006,0.958404403161841
0.1,0.4,1e-06,0.6,0.6,0.4,9.225000000000005,1.009215041505034
0.1,0.4,1e-06,0.6,0.6,0.5,9.454000000000004,0.9025763125631003
0.1,0.4,1e-06,0.6,0.6,0.6,9.863000000000003,1.105518430420769
0.1,0.4,1e-06,0.6,0.6,0.7,10.076000000000004,1.1498278131963933
0.1,0.4,1e-06,0.6,0.8,0.3,9.079000000000004,0.8115534486403221
0.1,0.4,1e-06,0.6,0.8,0.4,9.106000000000003,0.8300867424552696
0.1,0.4,1e-06,0.6,0.8,0.5,9.515000000000004,0.9589134476061966
0.1,0.4,1e-06,0.6,0.8,0.6,9.720000000000006,1.404677899021696
0.1,0.4,1e-06,0.6,0.8,0.7,9.931000000000008,0.9391799614557385
0.1,0.4,1e-06,0.6,1.0,0.3,9.126000000000007,0.8553619117075537
0.1,0.4,1e-06,0.6,1.0,0.4,9.101,0.7546515752319095
0.1,0.4,1e-06,0.6,1.0,0.5,9.529000000000005,1.1292559497297314
0.1,0.4,1e-06,0.6,1.0,0.6,9.793000000000003,2.1235185424196326
0.1,0.4,1e-06,0.6,1.0,0.7,9.837000000000005,1.3463175702634202
0.1,0.4,1e-06,0.8,0.6,0.3,9.360000000000005,1.0745231500530854
0.1,0.4,1e-06,0.8,0.6,0.4,9.267000000000005,0.9264399602780542
0.1,0.4,1e-06,0.8,0.6,0.5,9.424000000000003,1.2184514762599257
0.1,0.4,1e-06,0.8,0.6,0.6,9.219000000000003,1.0608953765569917
0.1,0.4,1e-06,0.8,0.6,0.7,9.469000000000005,1.044767438236857
0.1,0.4,1e-06,0.8,0.8,0.3,9.261,0.9026289381578677
0.1,0.4,1e-06,0.8,0.8,0.4,9.314000000000005,0.9168445887935419
0.1,0.4,1e-06,0.8,0.8,0.5,9.381000000000006,0.9716269860393979
0.1,0.4,1e-06,0.8,0.8,0.6,9.283000000000008,0.9499952631460836
0.1,0.4,1e-06,0.8,0.8,0.7,10.106000000000005,2.17204143606884
0.1,0.4,1e-06,0.8,1.0,0.3,9.399000000000003,1.1309195373677146
0.1,0.4,1e-06,0.8,1.0,0.4,9.449000000000003,1.077394542403109
0.1,0.4,1e-06,0.8,1.0,0.5,9.411000000000005,0.9703705477805886
0.1,0.4,1e-06,0.8,1.0,0.6,9.237000000000005,1.3903276592228182
0.1,0.4,1e-06,0.8,1.0,0.7,9.679000000000006,1.282208641368479
0.1,0.4,1e-06,1.0,0.6,0.3,3.671000000000002,1.261467003135636
0.1,0.4,1e-06,1.0,0.6,0.4,4.184000000000002,1.1580086355463837
0.1,0.4,1e-06,1.0,0.6,0.5,4.669000000000006,1.2529720667277457
0.1,0.4,1e-06,1.0,0.6,0.6,4.682000000000005,1.0966658561293845
0.1,0.4,1e-06,1.0,0.6,0.7,4.856000000000002,0.6784865510826279
0.1,0.4,1e-06,1.0,0.8,0.3,3.8140000000000014,1.2769823804579292
0.1,0.4,1e-06,1.0,0.8,0.4,4.385000000000005,1.3749309073549842
0.1,0.4,1e-06,1.0,0.8,0.5,4.625000000000002,1.2277438657961195
0.1,0.4,1e-06,1.0,0.8,0.6,4.805000000000005,1.490192940528174
0.1,0.4,1e-06,1.0,0.8,0.7,4.924000000000002,0.6357546696643296
0.1,0.4,1e-06,1.0,1.0,0.3,4.072,1.0994434955922003
0.1,0.4,1e-06,1.0,1.0,0.4,4.524000000000003,0.8108908681197492
0.1,0.4,1e-06,1.0,1.0,0.5,4.502000000000001,0.7514226507099748
0.1,0.4,1e-06,1.0,1.0,0.6,4.782000000000004,1.0826061148912862
0.1,0.4,1e-06,1.0,1.0,0.7,5.219000000000003,1.0440014367806199
0.1,0.4,1e-07,0.6,0.6,0.3,10.906000000000002,1.2053895635851497
0.1,0.4,1e-07,0.6,0.6,0.4,10.826000000000004,1.2323165177826683
0.1,0.4,1e-07,0.6,0.6,0.5,10.911000000000001,1.074513378232211
0.1,0.4,1e-07,0.6,0.6,0.6,11.259000000000006,1.2510711410627313
0.1,0.4,1e-07,0.6,0.6,0.7,11.133000000000006,1.1424233015830847
0.1,0.4,1e-07,0.6,0.8,0.3,10.864000000000003,1.3896992480389403
0.1,0.4,1e-07,0.6,0.8,0.4,10.867000000000006,1.1796317221912935
0.1,0.4,1e-07,0.6,0.8,0.5,10.872000000000003,0.9922983422338277
0.1,0.4,1e-07,0.6,0.8,0.6,11.082000000000004,0.9358611008050306
0.1,0.4,1e-07,0.6,0.8,0.7,11.113000000000003,1.160470163338976
0.1,0.4,1e-07,0.6,1.0,0.3,10.573000000000006,0.9304681617336494
0.1,0.4,1e-07,0.6,1.0,0.4,10.575000000000003,0.9723965240579592
0.1,0.4,1e-07,0.6,1.0,0.5,10.798000000000004,0.9036127489140428
0.1,0.4,1e-07,0.6,1.0,0.6,10.860000000000003,0.9668505572217434
0.1,0.4,1e-07,0.6,1.0,0.7,10.907000000000004,1.170252536848351
0.1,0.4,1e-07,0.8,0.6,0.3,10.330000000000007,1.0109698313995312
0.1,0.4,1e-07,0.8,0.6,0.4,10.490000000000006,1.4513924348707317
0.1,0.4,1e-07,0.8,0.6,0.5,10.407000000000009,1.1378448927687819
0.1,0.4,1e-07,0.8,0.6,0.6,10.487000000000004,1.3014803110304796
0.1,0.4,1e-07,0.8,0.6,0.7,10.545000000000003,1.428661961417046
0.1,0.4,1e-07,0.8,0.8,0.3,10.389000000000006,0.9971454257027912
0.1,0.4,1e-07,0.8,0.8,0.4,10.780000000000006,1.5150181517064412
0.1,0.4,1e-07,0.8,0.8,0.5,10.448000000000006,1.193405211987945
0.1,0.4,1e-07,0.8,0.8,0.6,10.581000000000007,1.678767107135471
0.1,0.4,1e-07,0.8,0.8,0.7,10.439000000000009,1.275860102048808
0.1,0.4,1e-07,0.8,1.0,0.3,10.339000000000004,1.045322438293564
0.1,0.4,1e-07,0.8,1.0,0.4,10.749000000000006,1.4562894629846095
0.1,0.4,1e-07,0.8,1.0,0.5,10.639000000000005,1.3130647356471035
0.1,0.4,1e-07,0.8,1.0,0.6,10.454000000000004,1.2594300298150756
0.1,0.4,1e-07,0.8,1.0,0.7,10.376000000000003,1.2178604189314988
0.1,0.4,1e-07,1.0,0.6,0.3,3.6400000000000032,1.150756273065674
0.1,0.4,1e-07,1.0,0.6,0.4,4.032000000000004,1.0936800263331135
0.1,0.4,1e-07,1.0,0.6,0.5,4.538000000000002,1.2044069079841753
0.1,0.4,1e-07,1.0,0.6,0.6,4.512000000000003,0.7182590062087643
0.1,0.4,1e-07,1.0,0.6,0.7,4.934,0.6416260593211575
0.1,0.4,1e-07,1.0,0.8,0.3,3.8810000000000016,1.6285511966161828
0.1,0.4,1e-07,1.0,0.8,0.4,4.268000000000006,1.082892423096585
0.1,0.4,1e-07,1.0,0.8,0.5,4.557,1.1156034241611101
0.1,0.4,1e-07,1.0,0.8,0.6,4.556000000000002,0.7297287167160098
0.1,0.4,1e-07,1.0,0.8,0.7,5.211000000000003,1.0569668868985476
0.1,0.4,1e-07,1.0,1.0,0.3,4.4079999999999995,0.9412629813181842
0.1,0.4,1e-07,1.0,1.0,0.4,4.893000000000005,1.8079410941731486
0.1,0.4,1e-07,1.0,1.0,0.5,4.794000000000002,1.9743262141804243
0.1,0.4,1e-07,1.0,1.0,0.6,4.604000000000006,0.7601473541360253
0.1,0.4,1e-07,1.0,1.0,0.7,5.109999999999999,0.5140233457733208
0.1,0.5,1e-06,0.6,0.6,0.3,9.933000000000003,1.1099599091859143
0.1,0.5,1e-06,0.6,0.6,0.4,10.097000000000003,1.8410135795262357
0.1,0.5,1e-06,0.6,0.6,0.5,9.676000000000005,1.3784716174082094
0.1,0.5,1e-06,0.6,0.6,0.6,9.566000000000004,1.3773612452802648
0.1,0.5,1e-06,0.6,0.6,0.7,10.095000000000004,1.071146581939183
0.1,0.5,1e-06,0.6,0.8,0.3,9.809000000000003,1.2050804952367298
0.1,0.5,1e-06,0.6,0.8,0.4,9.647000000000006,1.05879695881694
0.1,0.5,1e-06,0.6,0.8,0.5,10.214000000000004,2.4122943435658897
0.1,0.5,1e-06,0.6,0.8,0.6,9.959000000000005,1.4757164361760018
0.1,0.5,1e-06,0.6,0.8,0.7,10.076000000000004,1.0307783466875855
0.1,0.5,1e-06,0.6,1.0,0.3,9.695000000000004,1.0738691726649012
0.1,0.5,1e-06,0.6,1.0,0.4,9.814000000000004,1.258937647383698
0.1,0.5,1e-06,0.6,1.0,0.5,9.777000000000003,1.1668123242407062
0.1,0.5,1e-06,0.6,1.0,0.6,9.807000000000004,1.5705448099306194
0.1,0.5,1e-06,0.6,1.0,0.7,10.170000000000007,0.9572147094565566
0.1,0.5,1e-06,0.8,0.6,0.3,9.696000000000002,2.0894554314461953
0.1,0.5,1e-06,0.8,0.6,0.4,9.632000000000001,1.4725814069177976
0.1,0.5,1e-06,0.8,0.6,0.5,9.370000000000005,1.3648662938178255
0.1,0.5,1e-06,0.8,0.6,0.6,9.142000000000005,1.237188748736423
0.1,0.5,1e-06,0.8,0.6,0.7,9.556000000000001,1.2404450814123138
0.1,0.5,1e-06,0.8,0.8,0.3,9.555000000000003,1.9207902019741796
0.1,0.5,1e-06,0.8,0.8,0.4,9.814000000000004,1.6071851169047076
0.1,0.5,1e-06,0.8,0.8,0.5,9.263000000000002,1.3935318439131574
0.1,0.5,1e-06,0.8,0.8,0.6,9.217000000000008,1.4500658605732348
0.1,0.5,1e-06,0.8,0.8,0.7,9.583000000000006,1.206039385758195
0.1,0.5,1e-06,0.8,1.0,0.3,9.719000000000003,1.9386848635092835
0.1,0.5,1e-06,0.8,1.0,0.4,9.922000000000006,1.7571215097425694
0.1,0.5,1e-06,0.8,1.0,0.5,9.137000000000004,1.5138200025102082
0.1,0.5,1e-06,0.8,1.0,0.6,9.293000000000006,1.4331263028777304
0.1,0.5,1e-06,0.8,1.0,0.7,9.581000000000007,1.1456085718953049
0.1,0.5,1e-06,1.0,0.6,0.3,4.524000000000003,2.073871741453654
0.1,0.5,1e-06,1.0,0.6,0.4,4.932000000000005,1.2404741029138797
0.1,0.5,1e-06,1.0,0.6,0.5,4.972000000000007,0.6182038498747812
0.1,0.5,1e-06,1.0,0.6,0.6,5.604000000000004,1.5647951942666505
0.1,0.5,1e-06,1.0,0.6,0.7,5.968000000000002,1.4307816045784203
0.1,0.5,1e-06,1.0,0.8,0.3,4.081000000000005,1.1691616654680368
0.1,0.5,1e-06,1.0,0.8,0.4,5.139000000000003,1.5655219576869557
0.1,0.5,1e-06,1.0,0.8,0.5,5.608000000000001,1.916928793669708
0.1,0.5,1e-06,1.0,0.8,0.6,5.822000000000003,1.431962290006271
0.1,0.5,1e-06,1.0,0.8,0.7,5.815000000000007,1.0456170427073177
0.1,0.5,1e-06,1.0,1.0,0.3,4.278000000000003,1.6781048834920897
0.1,0.5,1e-06,1.0,1.0,0.4,4.8960000000000035,1.1832599038250207
0.1,0.5,1e-06,1.0,1.0,0.5,5.236000000000002,1.0274745738946527
0.1,0.5,1e-06,1.0,1.0,0.6,5.293000000000005,0.247085005615477
0.1,0.5,1e-06,1.0,1.0,0.7,6.3640000000000025,2.0769843523724463
0.1,0.5,1e-07,0.6,0.6,0.3,11.454000000000004,2.0393342050777243
0.1,0.5,1e-07,0.6,0.6,0.4,11.222000000000005,1.4585321388299939
0.1,0.5,1e-07,0.6,0.6,0.5,10.700000000000006,1.1822013364905344
0.1,0.5,1e-07,0.6,0.6,0.6,10.528000000000002,1.096182466562934
0.1,0.5,1e-07,0.6,0.6,0.7,10.711000000000007,0.9532990087060803
0.1,0.5,1e-07,0.6,0.8,0.3,10.995000000000005,1.2695176249268878
0.1,0.5,1e-07,0.6,0.8,0.4,11.219000000000005,1.5086480702933982
0.1,0.5,1e-07,0.6,0.8,0.5,10.833000000000006,1.4650361770277187
0.1,0.5,1e-07,0.6,0.8,0.6,10.623000000000006,1.1989040829023787
0.1,0.5,1e-07,0.6,0.8,0.7,10.740000000000006,1.1171033971839825
0.1,0.5,1e-07,0.6,1.0,0.3,11.019000000000004,1.1405871295083074
0.1,0.5,1e-07,0.6,1.0,0.4,11.433000000000003,1.6882331000190676
0.1,0.5,1e-07,0.6,1.0,0.5,10.827000000000004,1.3665617439398814
0.1,0.5,1e-07,0.6,1.0,0.6,10.628000000000004,1.0565869580872176
0.1,0.5,1e-07,0.6,1.0,0.7,10.680000000000003,0.9163187218430034
0.1,0.5,1e-07,0.8,0.6,0.3,10.502000000000006,1.4061137934036487
0.1,0.5,1e-07,0.8,0.6,0.4,10.539000000000007,1.4016486721001113
0.1,0.5,1e-07,0.8,0.6,0.5,10.607000000000003,1.5609007015181964
0.1,0.5,1e-07,0.8,0.6,0.6,10.583000000000006,1.4455210133374055
0.1,0.5,1e-07,0.8,0.6,0.7,10.643000000000004,1.5417817614695015
0.1,0.5,1e-07,0.8,0.8,0.3,10.819000000000006,1.5616590536989832
0.1,0.5,1e-07,0.8,0.8,0.4,10.647000000000004,1.4207219995481173
0.1,0.5,1e-07,0.8,0.8,0.5,10.519000000000004,1.3518650080536876
0.1,0.5,1e-07,0.8,0.8,0.6,10.448000000000004,1.290850882170361
0.1,0.5,1e-07,0.8,0.8,0.7,10.520000000000007,1.3110758940656342
0.1,0.5,1e-07,0.8,1.0,0.3,10.772000000000004,1.4541994361159694
0.1,0.5,1e-07,0.8,1.0,0.4,10.713000000000005,1.4404898472394745
0.1,0.5,1e-07,0.8,1.0,0.5,10.381000000000004,1.170273045062564
0.1,0.5,1e-07,0.8,1.0,0.6,10.306000000000004,1.0658536484902617
0.1,0.5,1e-07,0.8,1.0,0.7,10.454000000000006,1.2143492084240004
0.1,0.5,1e-07,1.0,0.6,0.3,4.4570000000000025,1.5327527524033357
0.1,0.5,1e-07,1.0,0.6,0.4,4.823000000000003,1.377349265800074
0.1,0.5,1e-07,1.0,0.6,0.5,5.078000000000005,0.9534757469385352
0.1,0.5,1e-07,1.0,0.6,0.6,5.402000000000004,0.759128447629255
0.1,0.5,1e-07,1.0,0.6,0.7,5.905000000000003,2.1252658657212735
0.1,0.5,1e-07,1.0,0.8,0.3,4.388000000000003,1.6300846603781043
0.1,0.5,1e-07,1.0,0.8,0.4,4.948000000000005,1.1721160352115312
0.1,0.5,1e-07,1.0,0.8,0.5,5.437000000000002,1.4457147021456205
0.1,0.5,1e-07,1.0,0.8,0.6,5.829000000000003,1.4069466940861683
0.1,0.5,1e-07,1.0,0.8,0.7,5.690000000000005,0.8796249200653615
0.1,0.5,1e-07,1.0,1.0,0.3,4.167000000000002,1.101295146634183
0.1,0.5,1e-07,1.0,1.0,0.4,4.9060000000000015,1.1489490850337996
0.1,0.5,1e-07,1.0,1.0,0.5,5.358000000000006,1.6610586985413835
0.1,0.5,1e-07,1.0,1.0,0.6,5.834000000000001,1.8154459507239538
0.1,0.5,1e-07,1.0,1.0,0.7,5.7260000000000035,1.0182160870856416
0.1,0.6,1e-06,0.6,0.6,0.3,9.636000000000005,1.2995014428618366
0.1,0.6,1e-06,0.6,0.6,0.4,9.453000000000005,1.0880124080174849
0.1,0.6,1e-06,0.6,0.6,0.5,9.592,1.1965182823509213
0.1,0.6,1e-06,0.6,0.6,0.6,9.554000000000006,1.000701753770821
0.1,0.6,1e-06,0.6,0.6,0.7,9.713000000000003,0.8750605693322012
0.1,0.6,1e-06,0.6,0.8,0.3,9.593000000000004,1.1751812626144098
0.1,0.6,1e-06,0.6,0.8,0.4,9.560000000000002,1.4413604684463905
0.1,0.6,1e-06,0.6,0.8,0.5,9.562000000000006,1.3295397699956164
0.1,0.6,1e-06,0.6,0.8,0.6,9.549000000000005,0.9889686547105505
0.1,0.6,1e-06,0.6,0.8,0.7,9.637000000000004,0.8537277083473372
0.1,0.6,1e-06,0.6,1.0,0.3,9.596000000000002,1.125888093906318
0.1,0.6,1e-06,0.6,1.0,0.4,9.517000000000005,1.27298507453937
0.1,0.6,1e-06,0.6,1.0,0.5,9.563000000000004,1.3413019794214889
0.1,0.6,1e-06,0.6,1.0,0.6,9.733000000000006,1.1332303384572784
0.1,0.6,1e-06,0.6,1.0,0.7,9.713000000000005,0.9093134773003186
0.1,0.6,1e-06,0.8,0.6,0.3,9.153000000000008,1.7214676877594894
0.1,0.6,1e-06,0.8,0.6,0.4,9.077000000000005,1.507120101385423
0.1,0.6,1e-06,0.8,0.6,0.5,9.407000000000004,1.3434623180424496
0.1,0.6,1e-06,0.8,0.6,0.6,9.880000000000003,1.2841339493993635
0.1,0.6,1e-06,0.8,0.6,0.7,10.043000000000008,1.201786586711636
0.1,0.6,1e-06,0.8,0.8,0.3,8.956000000000005,1.438813399993203
0.1,0.6,1e-06,0.8,0.8,0.4,8.996000000000002,1.3815585402001593
0.1,0.6,1e-06,0.8,0.8,0.5,9.330000000000009,1.3518357888441912
0.1,0.6,1e-06,0.8,0.8,0.6,9.810000000000004,1.2667517515282931
0.1,0.6,1e-06,0.8,0.8,0.7,10.039000000000005,1.26458649368084
0.1,0.6,1e-06,0.8,1.0,0.3,9.033000000000003,1.5660431028550925
0.1,0.6,1e-06,0.8,1.0,0.4,9.137000000000004,1.6040358474797234
0.1,0.6,1e-06,0.8,1.0,0.5,9.542000000000005,1.5088525441540002
0.1,0.6,1e-06,0.8,1.0,0.6,9.723000000000006,1.6517660245930725
0.1,0.6,1e-06,0.8,1.0,0.7,10.070000000000007,1.5092448442847175
0.1,0.6,1e-06,1.0,0.6,0.3,4.726000000000001,1.3794361166795663
0.1,0.6,1e-06,1.0,0.6,0.4,5.061,0.5375304642529578
0.1,0.6,1e-06,1.0,0.6,0.5,5.194000000000005,0.4511363430272471
0.1,0.6,1e-06,1.0,0.6,0.6,5.547000000000007,0.9850944117189971
0.1,0.6,1e-06,1.0,0.6,0.7,5.762000000000006,1.1438513889487543
0.1,0.6,1e-06,1.0,0.8,0.3,5.146000000000001,1.016210608092634
0.1,0.6,1e-06,1.0,0.8,0.4,5.375000000000003,0.9842738440088709
0.1,0.6,1e-06,1.0,0.8,0.5,5.365000000000002,0.7492896636148106
0.1,0.6,1e-06,1.0,0.8,0.6,5.434000000000005,0.7404350072761307
0.1,0.6,1e-06,1.0,0.8,0.7,5.752000000000004,1.1070934919870103
0.1,0.6,1e-06,1.0,1.0,0.3,5.299000000000005,1.3517318521067687
0.1,0.6,1e-06,1.0,1.0,0.4,5.441000000000005,1.2974201324166343
0.1,0.6,1e-06,1.0,1.0,0.5,5.481000000000007,0.8408917885197843
0.1,0.6,1e-06,1.0,1.0,0.6,5.358000000000006,0.05996665740226322
0.1,0.6,1e-06,1.0,1.0,0.7,5.856000000000007,1.150088692232038
0.1,0.6,1e-07,0.6,0.6,0.3,11.516000000000002,1.2185827834004541
0.1,0.6,1e-07,0.6,0.6,0.4,10.773000000000005,0.9147081501768771
0.1,0.6,1e-07,0.6,0.6,0.5,10.742000000000003,1.3658242932383347
0.1,0.6,1e-07,0.6,0.6,0.6,10.750000000000004,1.0670051546267247
0.1,0.6,1e-07,0.6,0.6,0.7,10.677000000000003,0.7750941878249362
0.1,0.6,1e-07,0.6,0.8,0.3,11.438000000000006,1.2178653455945
0.1,0.6,1e-07,0.6,0.8,0.4,10.845000000000002,1.0137430640946439
0.1,0.6,1e-07,0.6,0.8,0.5,10.584000000000003,0.9290984877826438
0.1,0.6,1e-07,0.6,0.8,0.6,10.721000000000005,0.9900398981859267
0.1,0.6,1e-07,0.6,0.8,0.7,10.722000000000007,0.7695167314620268
0.1,0.6,1e-07,0.6,1.0,0.3,11.383000000000004,1.116051522108185
0.1,0.6,1e-07,0.6,1.0,0.4,10.667000000000005,0.8505121986191587
0.1,0.6,1e-07,0.6,1.0,0.5,10.644000000000002,1.0758921879073178
0.1,0.6,1e-07,0.6,1.0,0.6,10.648000000000005,0.8717430814179168
0.1,0.6,1e-07,0.6,1.0,0.7,10.811000000000003,0.9828626557154355
0.1,0.6,1e-07,0.8,0.6,0.3,10.183000000000005,1.474520600059559
0.1,0.6,1e-07,0.8,0.6,0.4,10.149000000000004,1.0381420904673921
0.1,0.6,1e-07,0.8,0.6,0.5,10.176000000000004,1.2486728955174775
0.1,0.6,1e-07,0.8,0.6,0.6,10.623000000000005,1.4174099618670677
0.1,0.6,1e-07,0.8,0.6,0.7,11.069000000000004,1.556527866759864
0.1,0.6,1e-07,0.8,0.8,0.3,9.964000000000002,1.1218841294893172
0.1,0.6,1e-07,0.8,0.8,0.4,10.069000000000003,0.9869645383700483
0.1,0.6,1e-07,0.8,0.8,0.5,10.094000000000005,0.9611472311774107
0.1,0.6,1e-07,0.8,0.8,0.6,10.613000000000005,1.1752493352476352
0.1,0.6,1e-07,0.8,0.8,0.7,11.386,1.8300830582244079
0.1,0.6,1e-07,0.8,1.0,0.3,10.250000000000002,1.4512546296222477
0.1,0.6,1e-07,0.8,1.0,0.4,9.998000000000005,0.8573424053433994
0.1,0.6,1e-07,0.8,1.0,0.5,10.086000000000002,0.9623325828423371
0.1,0.6,1e-07,0.8,1.0,0.6,10.562000000000003,1.8576748908245468
0.1,0.6,1e-07,0.8,1.0,0.7,11.412000000000006,1.8812591528016553
0.1,0.6,1e-07,1.0,0.6,0.3,4.473000000000003,0.9555160909163164
0.1,0.6,1e-07,1.0,0.6,0.4,4.932000000000005,0.7807790980808821
0.1,0.6,1e-07,1.0,0.6,0.5,5.136000000000003,0.5374234829257101
0.1,0.6,1e-07,1.0,0.6,0.6,5.644000000000001,1.0211483731564184
0.1,0.6,1e-07,1.0,0.6,0.7,5.652000000000011,1.1095116042655904
0.1,0.6,1e-07,1.0,0.8,0.3,5.074000000000005,1.2049746885308408
0.1,0.6,1e-07,1.0,0.8,0.4,5.537000000000004,1.282922834780019
0.1,0.6,1e-07,1.0,0.8,0.5,5.452000000000001,0.8746519307701806
0.1,0.6,1e-07,1.0,0.8,0.6,5.330000000000004,0.17498571370257698
0.1,0.6,1e-07,1.0,0.8,0.7,5.9120000000000035,1.7279166646571824
0.1,0.6,1e-07,1.0,1.0,0.3,5.1430000000000025,1.1754194995830207
0.1,0.6,1e-07,1.0,1.0,0.4,5.193000000000003,0.48622114310260534
0.1,0.6,1e-07,1.0,1.0,0.5,5.4510000000000005,0.6760022189312721
0.1,0.6,1e-07,1.0,1.0,0.6,5.374000000000004,0.0713021738799067
0.1,0.6,1e-07,1.0,1.0,0.7,5.5930000000000035,0.8071003655060482
0.3,0.4,1e-06,0.6,0.6,0.3,10.636000000000005,1.2622297730603582
0.3,0.4,1e-06,0.6,0.6,0.4,10.679000000000007,1.061517310268655
0.3,0.4,1e-06,0.6,0.6,0.5,10.954000000000002,0.716047484458956
0.3,0.4,1e-06,0.6,0.6,0.6,11.334000000000005,1.1836908380147242
0.3,0.4,1e-06,0.6,0.6,0.7,11.385000000000003,1.130254396142747
0.3,0.4,1e-06,0.6,0.8,0.3,10.564000000000004,0.9975489962904075
0.3,0.4,1e-06,0.6,0.8,0.4,10.756000000000004,1.4051419857082061
0.3,0.4,1e-06,0.6,0.8,0.5,10.829000000000004,0.6255709392227229
0.3,0.4,1e-06,0.6,0.8,0.6,11.188000000000008,0.8130781020295623
0.3,0.4,1e-06,0.6,0.8,0.7,11.208000000000007,0.9954175003484702
0.3,0.4,1e-06,0.6,1.0,0.3,10.780000000000005,1.328834075421007
0.3,0.4,1e-06,0.6,1.0,0.4,10.819000000000004,1.011523108979718
0.3,0.4,1e-06,0.6,1.0,0.5,11.027000000000003,0.7907787301135496
0.3,0.4,1e-06,0.6,1.0,0.6,11.224000000000007,0.8087916913519843
0.3,0.4,1e-06,0.6,1.0,0.7,11.087000000000007,0.7400074323951064
0.3,0.4,1e-06,0.8,0.6,0.3,10.283000000000005,1.0523169674579953
0.3,0.4,1e-06,0.8,0.6,0.4,10.470000000000002,1.0765407563116234
0.3,0.4,1e-06,0.8,0.6,0.5,10.378000000000004,0.9665795363031428
0.3,0.4,1e-06,0.8,0.6,0.6,10.299000000000005,0.9317826999896522
0.3,0.4,1e-06,0.8,0.6,0.7,10.545000000000005,1.1822161392909478
0.3,0.4,1e-06,0.8,0.8,0.3,10.529000000000007,1.5420437736977506
0.3,0.4,1e-06,0.8,0.8,0.4,10.316000000000006,1.0087536864864493
0.3,0.4,1e-06,0.8,0.8,0.5,10.271000000000004,0.8462263290633311
0.3,0.4,1e-06,0.8,0.8,0.6,10.324000000000003,0.9829872837427727
0.3,0.4,1e-06,0.8,0.8,0.7,10.807000000000004,1.5668474718363634
0.3,0.4,1e-06,0.8,1.0,0.3,10.234000000000004,0.85538529330355
0.3,0.4,1e-06,0.8,1.0,0.4,10.312000000000005,1.1544938284806885
0.3,0.4,1e-06,0.8,1.0,0.5,10.303000000000004,1.010094550029847
0.3,0.4,1e-06,0.8,1.0,0.6,10.661000000000003,1.2871437371171872
0.3,0.4,1e-06,0.8,1.0,0.7,10.733000000000004,1.2690827396194442
0.3,0.4,1e-06,1.0,0.6,0.3,6.677000000000007,2.207698122479611
0.3,0.4,1e-06,1.0,0.6,0.4,6.582000000000008,1.6649312298110084
0.3,0.4,1e-06,1.0,0.6,0.5,6.751000000000007,1.8013270108450603
0.3,0.4,1e-06,1.0,0.6,0.6,8.212000000000003,2.2586668634395863
0.3,0.4,1e-06,1.0,0.6,0.7,9.032000000000005,2.216604610660186
0.3,0.4,1e-06,1.0,0.8,0.3,6.659000000000008,1.6742458003531
0.3,0.4,1e-06,1.0,0.8,0.4,6.994000000000005,1.6759964200439088
0.3,0.4,1e-06,1.0,0.8,0.5,7.108000000000006,1.9958096101582428
0.3,0.4,1e-06,1.0,0.8,0.6,8.004000000000003,1.850098375762762
0.3,0.4,1e-06,1.0,0.8,0.7,8.583000000000004,1.7572623594671362
0.3,0.4,1e-06,1.0,1.0,0.3,6.5750000000000055,1.5139996697489733
0.3,0.4,1e-06,1.0,1.0,0.4,6.885000000000003,2.162034921087072
0.3,0.4,1e-06,1.0,1.0,0.5,7.266000000000008,1.800545472905364
0.3,0.4,1e-06,1.0,1.0,0.6,8.342,2.126253982947477
0.3,0.4,1e-06,1.0,1.0,0.7,8.472000000000005,2.044068492003146
0.3,0.4,1e-07,0.6,0.6,0.3,12.019000000000005,1.190671659190724
0.3,0.4,1e-07,0.6,0.6,0.4,12.242000000000003,1.309914501026688
0.3,0.4,1e-07,0.6,0.6,0.5,12.389000000000006,1.4148282581288787
0.3,0.4,1e-07,0.6,0.6,0.6,12.333000000000006,1.1999879166058278
0.3,0.4,1e-07,0.6,0.6,0.7,12.470000000000008,1.2201065527239812
0.3,0.4,1e-07,0.6,0.8,0.3,12.024000000000004,0.9950798962897376
0.3,0.4,1e-07,0.6,0.8,0.4,12.233000000000008,1.2000045833245805
0.3,0.4,1e-07,0.6,0.8,0.5,12.22600000000001,1.2074783641953972
0.3,0.4,1e-07,0.6,0.8,0.6,12.500000000000004,1.1890164002233128
0.3,0.4,1e-07,0.6,0.8,0.7,12.380000000000004,0.8654940785470427
0.3,0.4,1e-07,0.6,1.0,0.3,12.172000000000004,1.294440419640854
0.3,0.4,1e-07,0.6,1.0,0.4,12.258000000000004,1.4662455456027812
0.3,0.4,1e-07,0.6,1.0,0.5,12.504000000000007,1.3820072358710707
0.3,0.4,1e-07,0.6,1.0,0.6,12.721000000000005,1.1319094486751111
0.3,0.4,1e-07,0.6,1.0,0.7,12.463000000000005,0.9234560086977622
0.3,0.4,1e-07,0.8,0.6,0.3,11.395000000000005,1.4769952606559047
0.3,0.4,1e-07,0.8,0.6,0.4,11.526000000000007,1.38201447170426
0.3,0.4,1e-07,0.8,0.6,0.5,11.869000000000003,1.435959261260567
0.3,0.4,1e-07,0.8,0.6,0.6,11.665000000000003,1.53860813724613
0.3,0.4,1e-07,0.8,0.6,0.7,11.742000000000008,1.2072431403822539
0.3,0.4,1e-07,0.8,0.8,0.3,11.590000000000005,1.5134794349445257
0.3,0.4,1e-07,0.8,0.8,0.4,11.792000000000003,1.278693082799778
0.3,0.4,1e-07,0.8,0.8,0.5,11.563000000000006,1.0875895365440047
0.3,0.4,1e-07,0.8,0.8,0.6,11.526000000000007,1.7240545234997628
0.3,0.4,1e-07,0.8,0.8,0.7,11.938000000000004,1.4661637016377131
0.3,0.4,1e-07,0.8,1.0,0.3,11.693000000000003,1.5505002418574467
0.3,0.4,1e-07,0.8,1.0,0.4,11.471,0.751571021261463
0.3,0.4,1e-07,0.8,1.0,0.5,11.499000000000004,1.0462595280330769
0.3,0.4,1e-07,0.8,1.0,0.6,11.355000000000008,1.1112492969626546
0.3,0.4,1e-07,0.8,1.0,0.7,11.972000000000008,1.7059824149152307
0.3,0.4,1e-07,1.0,0.6,0.3,6.228000000000004,1.537626742743501
0.3,0.4,1e-07,1.0,0.6,0.4,6.274000000000005,1.363966275242904
0.3,0.4,1e-07,1.0,0.6,0.5,6.846000000000005,1.755791559382831
0.3,0.4,1e-07,1.0,0.6,0.6,8.113000000000003,2.3849551358463765
0.3,0.4,1e-07,1.0,0.6,0.7,8.931000000000004,1.7186328869191314
0.3,0.4,1e-07,1.0,0.8,0.3,6.153000000000004,1.3172285299066397
0.3,0.4,1e-07,1.0,0.8,0.4,6.943000000000008,1.8474769281374028
0.3,0.4,1e-07,1.0,0.8,0.5,7.129000000000003,1.9548040822547907
0.3,0.4,1e-07,1.0,0.8,0.6,7.954000000000006,2.0140814283439488
0.3,0.4,1e-07,1.0,0.8,0.7,8.959000000000003,1.9888134653606937
0.3,0.4,1e-07,1.0,1.0,0.3,6.303000000000003,1.4035280545824496
0.3,0.4,1e-07,1.0,1.0,0.4,6.470000000000004,1.7198662738713164
0.3,0.4,1e-07,1.0,1.0,0.5,6.951000000000005,1.6881169983149864
0.3,0.4,1e-07,1.0,1.0,0.6,7.968000000000005,1.9593304978997295
0.3,0.4,1e-07,1.0,1.0,0.7,8.683000000000009,1.4852376914150784
0.3,0.5,1e-06,0.6,0.6,0.3,11.084000000000005,1.0680561782977533
0.3,0.5,1e-06,0.6,0.6,0.4,11.615000000000007,1.7231236171557733
0.3,0.5,1e-06,0.6,0.6,0.5,11.712000000000007,1.238457104626561
0.3,0.5,1e-06,0.6,0.6,0.6,11.626000000000007,1.4149077708458617
0.3,0.5,1e-06,0.6,0.6,0.7,11.469000000000005,1.4950113711942106
0.3,0.5,1e-06,0.6,0.8,0.3,11.328000000000007,1.5334197077121439
0.3,0.5,1e-06,0.6,0.8,0.4,11.481000000000005,1.294457029028
0.3,0.5,1e-06,0.6,0.8,0.5,11.548000000000007,1.2077979963553525
0.3,0.5,1e-06,0.6,0.8,0.6,11.594000000000005,1.390166896455245
0.3,0.5,1e-06,0.6,0.8,0.7,11.557000000000004,1.6973305511891301
0.3,0.5,1e-06,0.6,1.0,0.3,11.209000000000003,1.3847378813335036
0.3,0.5,1e-06,0.6,1.0,0.4,11.294000000000008,1.3004937523879148
0.3,0.5,1e-06,0.6,1.0,0.5,11.717000000000004,1.6738850020237317
0.3,0.5,1e-06,0.6,1.0,0.6,11.660000000000004,1.40375211486929
0.3,0.5,1e-06,0.6,1.0,0.7,11.098000000000006,1.099288861036988
0.3,0.5,1e-06,0.8,0.6,0.3,10.586000000000006,0.9338543783695636
0.3,0.5,1e-06,0.8,0.6,0.4,10.872000000000005,0.6237435370406685
0.3,0.5,1e-06,0.8,0.6,0.5,11.245000000000006,1.3307422740711292
0.3,0.5,1e-06,0.8,0.6,0.6,10.984000000000005,1.4852151359314902
0.3,0.5,1e-06,0.8,0.6,0.7,11.056000000000006,1.6611152879917697
0.3,0.5,1e-06,0.8,0.8,0.3,10.506000000000004,1.0637687718672688
0.3,0.5,1e-06,0.8,0.8,0.4,11.014000000000006,0.880320396219466
0.3,0.5,1e-06,0.8,0.8,0.5,11.289000000000005,1.3157427560127408
0.3,0.5,1e-06,0.8,0.8,0.6,10.992000000000004,1.4093601385025747
0.3,0.5,1e-06,0.8,0.8,0.7,10.931000000000004,1.4660760553259167
0.3,0.5,1e-06,0.8,1.0,0.3,10.705000000000007,1.3535268745023143
0.3,0.5,1e-06,0.8,1.0,0.4,11.029000000000007,1.1361597598929476
0.3,0.5,1e-06,0.8,1.0,0.5,11.193000000000005,1.3876926893228219
0.3,0.5,1e-06,0.8,1.0,0.6,10.874000000000006,0.9351598793789232
0.3,0.5,1e-06,0.8,1.0,0.7,10.637000000000004,1.1159977598543827
0.3,0.5,1e-06,1.0,0.6,0.3,6.080000000000004,1.2260179444037507
0.3,0.5,1e-06,1.0,0.6,0.4,6.797000000000006,1.7993696118363198
0.3,0.5,1e-06,1.0,0.6,0.5,7.265000000000006,1.8718426750130444
0.3,0.5,1e-06,1.0,0.6,0.6,7.748000000000005,2.0921988433224996
0.3,0.5,1e-06,1.0,0.6,0.7,8.520000000000003,1.950712690275021
0.3,0.5,1e-06,1.0,0.8,0.3,6.602000000000008,1.624523314698807
0.3,0.5,1e-06,1.0,0.8,0.4,6.878000000000005,1.5508823295143916
0.3,0.5,1e-06,1.0,0.8,0.5,6.721000000000006,1.6835732832282637
0.3,0.5,1e-06,1.0,0.8,0.6,7.507000000000003,1.9200028645811984
0.3,0.5,1e-06,1.0,0.8,0.7,8.331000000000007,1.8072683807337537
0.3,0.5,1e-06,1.0,1.0,0.3,6.786000000000004,1.681559990009276
0.3,0.5,1e-06,1.0,1.0,0.4,7.572000000000007,1.8414928726443656
0.3,0.5,1e-06,1.0,1.0,0.5,7.275000000000006,1.8456421646678967
0.3,0.5,1e-06,1.0,1.0,0.6,6.985000000000001,1.8944537471260683
0.3,0.5,1e-06,1.0,1.0,0.7,8.352,1.620720827286427
0.3,0.5,1e-07,0.6,0.6,0.3,12.142000000000005,0.7888193709589011
0.3,0.5,1e-07,0.6,0.6,0.4,12.493,0.8497358413059878
0.3,0.5,1e-07,0.6,0.6,0.5,12.737000000000004,1.443541132077639
0.3,0.5,1e-07,0.6,0.6,0.6,12.258000000000006,1.1754981922572199
0.3,0.5,1e-07,0.6,0.6,0.7,11.960000000000004,0.8707697743950431
0.3,0.5,1e-07,0.6,0.8,0.3,12.381000000000004,1.0407972905422083
0.3,0.5,1e-07,0.6,0.8,0.4,12.539000000000003,0.9647896143719614
0.3,0.5,1e-07,0.6,0.8,0.5,12.576000000000004,1.0703569498069332
0.3,0.5,1e-07,0.6,0.8,0.6,12.54700000000001,1.2988652739988067
0.3,0.5,1e-07,0.6,0.8,0.7,12.083000000000009,0.8891181023913503
0.3,0.5,1e-07,0.6,1.0,0.3,12.492000000000003,1.0054531316774538
0.3,0.5,1e-07,0.6,1.0,0.4,12.678000000000008,1.313923894295249
0.3,0.5,1e-07,0.6,1.0,0.5,12.740000000000006,1.1980818002123204
0.3,0.5,1e-07,0.6,1.0,0.6,12.526000000000002,1.2546409845051263
0.3,0.5,1e-07,0.6,1.0,0.7,12.345000000000006,1.109159591763062
0.3,0.5,1e-07,0.8,0.6,0.3,11.472000000000005,1.1234126579311803
0.3,0.5,1e-07,0.8,0.6,0.4,11.545000000000005,0.9269924487286841
0.3,0.5,1e-07,0.8,0.6,0.5,11.951000000000004,1.0939922303197571
0.3,0.5,1e-07,0.8,0.6,0.6,12.003000000000004,1.236968471708153
0.3,0.5,1e-07,0.8,0.6,0.7,11.744000000000003,1.0070074478374014
0.3,0.5,1e-07,0.8,0.8,0.3,11.586000000000002,1.4773638685171642
0.3,0.5,1e-07,0.8,0.8,0.4,11.810000000000002,1.5840643926305513
0.3,0.5,1e-07,0.8,0.8,0.5,11.790000000000004,1.171144739133468
0.3,0.5,1e-07,0.8,0.8,0.6,12.033000000000005,1.4752393026217812
0.3,0.5,1e-07,0.8,0.8,0.7,11.845000000000002,0.9513542978302044
0.3,0.5,1e-07,0.8,1.0,0.3,11.555000000000007,1.1183000491817896
0.3,0.5,1e-07,0.8,1.0,0.4,11.715000000000003,0.7831698410945107
0.3,0.5,1e-07,0.8,1.0,0.5,11.819000000000003,0.9276739729021157
0.3,0.5,1e-07,0.8,1.0,0.6,12.121000000000002,1.332163278280857
0.3,0.5,1e-07,0.8,1.0,0.7,11.885000000000003,1.39647950217681
0.3,0.5,1e-07,1.0,0.6,0.3,6.074000000000007,1.225791173079653
0.3,0.5,1e-07,1.0,0.6,0.4,7.284000000000003,2.3831206431903507
0.3,0.5,1e-07,1.0,0.6,0.5,7.088000000000004,1.7849974789898166
0.3,0.5,1e-07,1.0,0.6,0.6,7.961000000000004,1.9432290137809276
0.3,0.5,1e-07,1.0,0.6,0.7,8.976000000000003,1.5464100361805753
0.3,0.5,1e-07,1.0,0.8,0.3,6.348000000000004,1.3527660551625302
0.3,0.5,1e-07,1.0,0.8,0.4,7.0130000000000035,1.529892479882165
0.3,0.5,1e-07,1.0,0.8,0.5,6.9660000000000055,1.6185808598893032
0.3,0.5,1e-07,1.0,0.8,0.6,7.630000000000004,1.86159608938137
0.3,0.5,1e-07,1.0,0.8,0.7,9.035000000000007,1.954757018148292
0.3,0.5,1e-07,1.0,1.0,0.3,6.406000000000004,1.6431323744604371
0.3,0.5,1e-07,1.0,1.0,0.4,7.497000000000002,1.7694436978892545
0.3,0.5,1e-07,1.0,1.0,0.5,7.031000000000006,1.509628762312113
0.3,0.5,1e-07,1.0,1.0,0.6,7.276000000000006,1.800451054597155
0.3,0.5,1e-07,1.0,1.0,0.7,8.678000000000004,1.879477586990597
0.3,0.6,1e-06,0.6,0.6,0.3,11.360000000000003,1.3037791223976576
0.3,0.6,1e-06,0.6,0.6,0.4,10.987000000000005,0.7322369834964648
0.3,0.6,1e-06,0.6,0.6,0.5,11.410000000000004,1.1059565995101217
0.3,0.6,1e-06,0.6,0.6,0.6,11.591000000000003,1.184980590558344
0.3,0.6,1e-06,0.6,0.6,0.7,11.206000000000003,1.226068513583151
0.3,0.6,1e-06,0.6,0.8,0.3,11.313000000000008,1.6798485050741907
0.3,0.6,1e-06,0.6,0.8,0.4,10.976000000000003,0.8830990884379846
0.3,0.6,1e-06,0.6,0.8,0.5,11.183000000000003,0.9580662816319164
0.3,0.6,1e-06,0.6,0.8,0.6,11.593000000000007,1.4681726737683132
0.3,0.6,1e-06,0.6,0.8,0.7,11.363000000000007,1.2716174739283779
0.3,0.6,1e-06,0.6,1.0,0.3,11.262000000000008,1.1056382771955755
0.3,0.6,1e-06,0.6,1.0,0.4,11.073,0.9073979281439892
0.3,0.6,1e-06,0.6,1.0,0.5,11.052000000000003,0.7698934991282886
0.3,0.6,1e-06,0.6,1.0,0.6,11.142000000000007,1.078960610958529
0.3,0.6,1e-06,0.6,1.0,0.7,11.278000000000006,1.168193477126112
0.3,0.6,1e-06,0.8,0.6,0.3,11.057000000000006,1.3865969133097056
0.3,0.6,1e-06,0.8,0.6,0.4,11.012000000000008,1.2311035699728907
0.3,0.6,1e-06,0.8,0.6,0.5,10.806000000000004,0.8595138160611472
0.3,0.6,1e-06,0.8,0.6,0.6,11.101000000000004,1.162780718794393
0.3,0.6,1e-06,0.8,0.6,0.7,11.069000000000003,0.9013650758710374
0.3,0.6,1e-06,0.8,0.8,0.3,11.434000000000001,1.8509035631280155
0.3,0.6,1e-06,0.8,0.8,0.4,11.207000000000006,1.4496796197781114
0.3,0.6,1e-06,0.8,0.8,0.5,10.837000000000003,0.9620867944213742
0.3,0.6,1e-06,0.8,0.8,0.6,10.936000000000003,0.6900608668805968
0.3,0.6,1e-06,0.8,0.8,0.7,11.117000000000003,1.1668637452590607
0.3,0.6,1e-06,0.8,1.0,0.3,11.217000000000004,1.711739174056608
0.3,0.6,1e-06,0.8,1.0,0.4,11.081000000000005,1.2446441258448095
0.3,0.6,1e-06,0.8,1.0,0.5,10.928000000000004,1.101297416686339
0.3,0.6,1e-06,0.8,1.0,0.6,11.107000000000005,1.096599744665303
0.3,0.6,1e-06,0.8,1.0,0.7,11.106000000000005,1.0396172372560986
0.3,0.6,1e-06,1.0,0.6,0.3,7.169000000000006,2.1803346073481467
0.3,0.6,1e-06,1.0,0.6,0.4,7.465000000000005,2.2279486080248807
0.3,0.6,1e-06,1.0,0.6,0.5,7.4470000000000045,2.1571858983407086
0.3,0.6,1e-06,1.0,0.6,0.6,8.296000000000006,1.6019313343586203
0.3,0.6,1e-06,1.0,0.6,0.7,9.302000000000003,1.7339769317958118
0.3,0.6,1e-06,1.0,0.8,0.3,7.038000000000006,1.6391204958757566
0.3,0.6,1e-06,1.0,0.8,0.4,7.102000000000002,1.7030314148599845
0.3,0.6,1e-06,1.0,0.8,0.5,6.936000000000004,1.7669250125571232
0.3,0.6,1e-06,1.0,0.8,0.6,8.130000000000004,1.4359038965056132
0.3,0.6,1e-06,1.0,0.8,0.7,9.079000000000004,1.7758882284648456
0.3,0.6,1e-06,1.0,1.0,0.3,6.848000000000009,1.773565899536862
0.3,0.6,1e-06,1.0,1.0,0.4,7.230000000000001,2.183158262701083
0.3,0.6,1e-06,1.0,1.0,0.5,7.235000000000002,1.690903604585428
0.3,0.6,1e-06,1.0,1.0,0.6,7.803000000000003,1.6211511342253082
0.3,0.6,1e-06,1.0,1.0,0.7,8.663000000000004,1.3028165642176974
0.3,0.6,1e-07,0.6,0.6,0.3,12.400000000000006,0.6852444819186793
0.3,0.6,1e-07,0.6,0.6,0.4,12.642000000000007,1.1661886639819463
0.3,0.6,1e-07,0.6,0.6,0.5,12.676000000000007,1.115806434826399
0.3,0.6,1e-07,0.6,0.6,0.6,12.685000000000004,1.1523866538623198
0.3,0.6,1e-07,0.6,0.6,0.7,12.306000000000006,1.0722145307726438
0.3,0.6,1e-07,0.6,0.8,0.3,12.497000000000003,0.7034848967817268
0.3,0.6,1e-07,0.6,0.8,0.4,12.624000000000006,1.0020898163338439
0.3,0.6,1e-07,0.6,0.8,0.5,12.807000000000006,1.2009875103430492
0.3,0.6,1e-07,0.6,0.8,0.6,12.714000000000004,1.1986175369983532
0.3,0.6,1e-07,0.6,0.8,0.7,12.126000000000005,1.1713257446159042
0.3,0.6,1e-07,0.6,1.0,0.3,12.487000000000005,0.9679726235798187
0.3,0.6,1e-07,0.6,1.0,0.4,12.545000000000003,0.9255890016632634
0.3,0.6,1e-07,0.6,1.0,0.5,12.455000000000005,1.0218586007858423
0.3,0.6,1e-07,0.6,1.0,0.6,12.195000000000006,0.8460939664127127
0.3,0.6,1e-07,0.6,1.0,0.7,12.071000000000003,1.1170581900688985
0.3,0.6,1e-07,0.8,0.6,0.3,11.729000000000003,1.2717936153322993
0.3,0.6,1e-07,0.8,0.6,0.4,11.725000000000005,1.2603630429364394
0.3,0.6,1e-07,0.8,0.6,0.5,11.677000000000007,1.133406811343568
0.3,0.6,1e-07,0.8,0.6,0.6,12.018000000000006,1.727123620358428
0.3,0.6,1e-07,0.8,0.6,0.7,11.999000000000008,0.7958008544855911
0.3,0.6,1e-07,0.8,0.8,0.3,11.596000000000002,1.1622495429123618
0.3,0.6,1e-07,0.8,0.8,0.4,11.662000000000003,1.3229497344948535
0.3,0.6,1e-07,0.8,0.8,0.5,11.883000000000008,1.8301068274830303
0.3,0.6,1e-07,0.8,0.8,0.6,11.737000000000005,1.0260268027688173
0.3,0.6,1e-07,0.8,0.8,0.7,12.226000000000008,1.456833552606476
0.3,0.6,1e-07,0.8,1.0,0.3,11.408000000000007,1.0609882185962285
0.3,0.6,1e-07,0.8,1.0,0.4,11.696000000000007,1.0872092714836477
0.3,0.6,1e-07,0.8,1.0,0.5,11.789000000000005,1.3588741663597848
0.3,0.6,1e-07,0.8,1.0,0.6,11.928000000000004,1.2970797970826615
0.3,0.6,1e-07,0.8,1.0,0.7,11.876000000000007,0.8355261815167742
0.3,0.6,1e-07,1.0,0.6,0.3,6.639000000000003,1.8575195826693216
0.3,0.6,1e-07,1.0,0.6,0.4,7.136000000000001,1.681839469152746
0.3,0.6,1e-07,1.0,0.6,0.5,7.525000000000001,1.885713392856931
0.3,0.6,1e-07,1.0,0.6,0.6,8.440000000000007,2.0690480903062647
0.3,0.6,1e-07,1.0,0.6,0.7,9.177000000000003,1.9360916817134464
0.3,0.6,1e-07,1.0,0.8,0.3,7.2390000000000025,1.910219620881328
0.3,0.6,1e-07,1.0,0.8,0.4,7.209000000000006,1.5951235061900366
0.3,0.6,1e-07,1.0,0.8,0.5,7.521000000000005,1.682123360517889
0.3,0.6,1e-07,1.0,0.8,0.6,8.013000000000002,1.6648996966784515
0.3,0.6,1e-07,1.0,0.8,0.7,9.065000000000005,1.1463834437045908
0.3,0.6,1e-07,1.0,1.0,0.3,7.212000000000006,1.6482038708849085
0.3,0.6,1e-07,1.0,1.0,0.4,7.068000000000002,1.5981163912556555
0.3,0.6,1e-07,1.0,1.0,0.5,7.433000000000004,1.7021548108206852
0.3,0.6,1e-07,1.0,1.0,0.6,7.677000000000007,1.7195380193528749
0.3,0.6,1e-07,1.0,1.0,0.7,8.667000000000002,1.2852435566848817
0.5,0.4,1e-06,0.6,0.6,0.3,11.419000000000008,1.1708027160884118
0.5,0.4,1e-06,0.6,0.6,0.4,11.805000000000003,1.411621408168632
0.5,0.4,1e-06,0.6,0.6,0.5,11.586000000000004,1.1451305602419322
0.5,0.4,1e-06,0.6,0.6,0.6,11.358000000000004,1.0686982736020507
0.5,0.4,1e-06,0.6,0.6,0.7,11.015000000000004,1.011550789629468
0.5,0.4,1e-06,0.6,0.8,0.3,11.279000000000007,0.9129397570486245
0.5,0.4,1e-06,0.6,0.8,0.4,11.567000000000004,1.3786845179372964
0.5,0.4,1e-06,0.6,0.8,0.5,11.553000000000006,1.1219674683340874
0.5,0.4,1e-06,0.6,0.8,0.6,11.609000000000004,1.172100251684983
0.5,0.4,1e-06,0.6,0.8,0.7,11.191000000000004,1.1342393927209562
0.5,0.4,1e-06,0.6,1.0,0.3,11.272000000000002,0.9929431000817703
0.5,0.4,1e-06,0.6,1.0,0.4,11.994000000000003,2.0763342698130303
0.5,0.4,1e-06,0.6,1.0,0.5,11.838000000000006,0.9545658699115528
0.5,0.4,1e-06,0.6,1.0,0.6,11.316000000000004,0.9098923013192304
0.5,0.4,1e-06,0.6,1.0,0.7,11.253000000000004,0.9818813573950791
0.5,0.4,1e-06,0.8,0.6,0.3,10.615000000000006,0.7619940944653073
0.5,0.4,1e-06,0.8,0.6,0.4,11.073000000000004,1.06709465372103
0.5,0.4,1e-06,0.8,0.6,0.5,10.892,1.1696050615485547
0.5,0.4,1e-06,0.8,0.6,0.6,11.007000000000003,1.3522910189748383
0.5,0.4,1e-06,0.8,0.6,0.7,10.959000000000001,0.9496836315321023
0.5,0.4,1e-06,0.8,0.8,0.3,10.532000000000007,0.8886033985980469
0.5,0.4,1e-06,0.8,0.8,0.4,11.242000000000003,1.2911994423790645
0.5,0.4,1e-06,0.8,0.8,0.5,10.771000000000003,0.8960239952144142
0.5,0.4,1e-06,0.8,0.8,0.6,10.882000000000005,1.1632695302465355
0.5,0.4,1e-06,0.8,0.8,0.7,11.016000000000004,1.0329104511040623
0.5,0.4,1e-06,0.8,1.0,0.3,10.799000000000003,1.1105219493553482
0.5,0.4,1e-06,0.8,1.0,0.4,10.970000000000006,1.0938281400658876
0.5,0.4,1e-06,0.8,1.0,0.5,10.788000000000004,1.3098152541484613
0.5,0.4,1e-06,0.8,1.0,0.6,11.038000000000004,1.2173068635311304
0.5,0.4,1e-06,0.8,1.0,0.7,10.883000000000001,0.8691208201395256
0.5,0.4,1e-06,1.0,0.6,0.3,7.379000000000005,1.8082419638975313
0.5,0.4,1e-06,1.0,0.6,0.4,8.194000000000004,1.8060908061335141
0.5,0.4,1e-06,1.0,0.6,0.5,8.036000000000005,1.68315893486028
0.5,0.4,1e-06,1.0,0.6,0.6,8.110000000000001,2.0827241776097005
0.5,0.4,1e-06,1.0,0.6,0.7,8.446000000000005,1.4468324021807142
0.5,0.4,1e-06,1.0,0.8,0.3,8.075000000000006,1.6853115438992279
0.5,0.4,1e-06,1.0,0.8,0.4,7.671000000000005,1.9080825453842407
0.5,0.4,1e-06,1.0,0.8,0.5,8.223000000000003,1.5671155030820152
0.5,0.4,1e-06,1.0,0.8,0.6,8.205000000000002,2.0047730544877167
0.5,0.4,1e-06,1.0,0.8,0.7,8.724000000000004,1.8881482992604195
0.5,0.4,1e-06,1.0,1.0,0.3,7.342000000000008,1.8085563303364338
0.5,0.4,1e-06,1.0,1.0,0.4,8.190000000000001,1.9553669732303436
0.5,0.4,1e-06,1.0,1.0,0.5,8.114000000000003,1.6348957153286603
0.5,0.4,1e-06,1.0,1.0,0.6,8.134000000000006,1.9605825664837486
0.5,0.4,1e-06,1.0,1.0,0.7,8.559000000000001,1.709461611151302
0.5,0.4,1e-07,0.6,0.6,0.3,12.427000000000007,1.118038908088621
0.5,0.4,1e-07,0.6,0.6,0.4,12.427000000000003,1.4877267894341342
0.5,0.4,1e-07,0.6,0.6,0.5,12.029000000000005,0.9552271981052449
0.5,0.4,1e-07,0.6,0.6,0.6,12.181000000000008,1.0911732218121906
0.5,0.4,1e-07,0.6,0.6,0.7,12.418000000000001,1.4545088518121838
0.5,0.4,1e-07,0.6,0.8,0.3,12.470000000000004,1.0869498608491572
0.5,0.4,1e-07,0.6,0.8,0.4,12.319000000000006,0.9483770347282754
0.5,0.4,1e-07,0.6,0.8,0.5,12.214000000000004,0.9272345981465517
0.5,0.4,1e-07,0.6,0.8,0.6,12.161000000000007,0.9952984477029986
0.5,0.4,1e-07,0.6,0.8,0.7,12.222000000000003,1.1883753615756252
0.5,0.4,1e-07,0.6,1.0,0.3,12.267000000000007,0.9030896965418227
0.5,0.4,1e-07,0.6,1.0,0.4,12.426000000000004,0.9379999999999996
0.5,0.4,1e-07,0.6,1.0,0.5,12.388000000000007,1.1367216018005435
0.5,0.4,1e-07,0.6,1.0,0.6,12.426000000000004,1.2309362290549404
0.5,0.4,1e-07,0.6,1.0,0.7,12.515000000000004,1.4811195090201201
0.5,0.4,1e-07,0.8,0.6,0.3,11.194000000000004,1.2041777277461998
0.5,0.4,1e-07,0.8,0.6,0.4,11.289000000000005,1.0504375278901665
0.5,0.4,1e-07,0.8,0.6,0.5,11.428000000000008,0.870457351051735
0.5,0.4,1e-07,0.8,0.6,0.6,11.664000000000007,1.1770743391986753
0.5,0.4,1e-07,0.8,0.6,0.7,11.686000000000005,1.3405536169806853
0.5,0.4,1e-07,0.8,0.8,0.3,11.384000000000007,1.4685176199147212
0.5,0.4,1e-07,0.8,0.8,0.4,11.297000000000002,1.21060769863734
0.5,0.4,1e-07,0.8,0.8,0.5,11.333000000000007,1.2892831341485826
0.5,0.4,1e-07,0.8,0.8,0.6,11.682000000000004,1.3836603629503907
0.5,0.4,1e-07,0.8,0.8,0.7,11.652000000000005,1.2145023672270066
0.5,0.4,1e-07,0.8,1.0,0.3,11.233000000000002,1.155651764157354
0.5,0.4,1e-07,0.8,1.0,0.4,11.316000000000006,1.331984984900354
0.5,0.4,1e-07,0.8,1.0,0.5,11.489000000000006,1.3285401762837303
0.5,0.4,1e-07,0.8,1.0,0.6,11.657000000000005,1.0080332335791276
0.5,0.4,1e-07,0.8,1.0,0.7,11.658000000000005,1.3006752092663256
0.5,0.4,1e-07,1.0,0.6,0.3,7.279000000000005,2.009830589875672
0.5,0.4,1e-07,1.0,0.6,0.4,7.851000000000004,1.6355974443609274
0.5,0.4,1e-07,1.0,0.6,0.5,7.712000000000001,1.7119976635498046
0.5,0.4,1e-07,1.0,0.6,0.6,8.440000000000003,1.6965494393031966
0.5,0.4,1e-07,1.0,0.6,0.7,8.883000000000004,1.361135922676349
0.5,0.4,1e-07,1.0,0.8,0.3,7.621000000000002,2.04902391396489
0.5,0.4,1e-07,1.0,0.8,0.4,7.829000000000003,1.6512355979689868
0.5,0.4,1e-07,1.0,0.8,0.5,7.711000000000001,1.5160405667395587
0.5,0.4,1e-07,1.0,0.8,0.6,8.656,2.210009954728713
0.5,0.4,1e-07,1.0,0.8,0.7,9.289000000000001,1.584026199278282
0.5,0.4,1e-07,1.0,1.0,0.3,7.0030000000000046,2.078107552558335
0.5,0.4,1e-07,1.0,1.0,0.4,8.144000000000004,2.0469254993770507
0.5,0.4,1e-07,1.0,1.0,0.5,8.605000000000008,1.7404927463221462
0.5,0.4,1e-07,1.0,1.0,0.6,8.685000000000006,2.3212313542600636
0.5,0.4,1e-07,1.0,1.0,0.7,8.862000000000005,1.384354000969406
0.5,0.5,1e-06,0.6,0.6,0.3,11.198000000000006,1.0926463288731625
0.5,0.5,1e-06,0.6,0.6,0.4,11.358000000000004,1.0955710839557573
0.5,0.5,1e-06,0.6,0.6,0.5,11.288000000000006,1.2125741214457781
0.5,0.5,1e-06,0.6,0.6,0.6,11.164000000000009,0.8800590889252847
0.5,0.5,1e-06,0.6,0.6,0.7,11.142000000000005,0.8997532995215963
0.5,0.5,1e-06,0.6,0.8,0.3,10.983000000000002,0.9055887587641546
0.5,0.5,1e-06,0.6,0.8,0.4,11.391000000000005,1.4927086118864579
0.5,0.5,1e-06,0.6,0.8,0.5,11.527000000000005,1.3462730035174877
0.5,0.5,1e-06,0.6,0.8,0.6,11.385000000000002,1.2753176075001886
0.5,0.5,1e-06,0.6,0.8,0.7,11.338000000000003,1.2445223983520755
0.5,0.5,1e-06,0.6,1.0,0.3,11.047000000000006,0.8288371371988627
0.5,0.5,1e-06,0.6,1.0,0.4,11.04900000000001,0.8043749125874068
0.5,0.5,1e-06,0.6,1.0,0.5,11.528000000000006,1.4264978093218386
0.5,0.5,1e-06,0.6,1.0,0.6,11.447000000000006,1.5574630011656767
0.5,0.5,1e-06,0.6,1.0,0.7,11.214000000000004,1.0121086898154774
0.5,0.5,1e-06,0.8,0.6,0.3,10.506000000000004,1.1403525770567615
0.5,0.5,1e-06,0.8,0.6,0.4,10.436000000000003,1.1077653181066796
0.5,0.5,1e-06,0.8,0.6,0.5,10.437000000000005,0.8090556223153035
0.5,0.5,1e-06,0.8,0.6,0.6,10.855000000000004,1.1211400447758502
0.5,0.5,1e-06,0.8,0.6,0.7,10.639000000000006,1.3653347574862364
0.5,0.5,1e-06,0.8,0.8,0.3,10.222000000000001,1.1752769886286396
0.5,0.5,1e-06,0.8,0.8,0.4,10.421000000000005,1.2259441259698585
0.5,0.5,1e-06,0.8,0.8,0.5,10.347000000000005,1.175895828719534
0.5,0.5,1e-06,0.8,0.8,0.6,10.884000000000007,1.2759717865219462
0.5,0.5,1e-06,0.8,0.8,0.7,10.645000000000008,1.2772763992182739
0.5,0.5,1e-06,0.8,1.0,0.3,10.313000000000006,1.247241355953209
0.5,0.5,1e-06,0.8,1.0,0.4,10.318000000000005,1.1647300116335966
0.5,0.5,1e-06,0.8,1.0,0.5,10.321000000000005,1.1050153845082853
0.5,0.5,1e-06,0.8,1.0,0.6,10.564000000000005,1.212758838351632
0.5,0.5,1e-06,0.8,1.0,0.7,10.790000000000006,1.5368994762182748
0.5,0.5,1e-06,1.0,0.6,0.3,6.585000000000005,1.5044583742995357
0.5,0.5,1e-06,1.0,0.6,0.4,6.828000000000003,1.674567406824816
0.5,0.5,1e-06,1.0,0.6,0.5,8.115000000000006,1.6432391791823873
0.5,0.5,1e-06,1.0,0.6,0.6,8.750000000000004,1.8154062906137562
0.5,0.5,1e-06,1.0,0.6,0.7,8.810000000000006,1.4427404478976829
0.5,0.5,1e-06,1.0,0.8,0.3,6.316000000000007,1.659260076058001
0.5,0.5,1e-06,1.0,0.8,0.4,7.199000000000003,2.0163876115469455
0.5,0.5,1e-06,1.0,0.8,0.5,7.6460000000000035,1.6336596952854054
0.5,0.5,1e-06,1.0,0.8,0.6,8.489000000000004,1.7125825527547587
0.5,0.5,1e-06,1.0,0.8,0.7,9.039000000000005,1.3785133296417564
0.5,0.5,1e-06,1.0,1.0,0.3,6.952000000000005,2.0592270394495094
0.5,0.5,1e-06,1.0,1.0,0.4,7.768000000000008,1.733625103648423
0.5,0.5,1e-06,1.0,1.0,0.5,7.498000000000003,1.4738371687537264
0.5,0.5,1e-06,1.0,1.0,0.6,8.406000000000004,1.8120275936088865
0.5,0.5,1e-06,1.0,1.0,0.7,8.930000000000003,1.1214900802057948
0.5,0.5,1e-07,0.6,0.6,0.3,12.384000000000004,1.1279290757844678
0.5,0.5,1e-07,0.6,0.6,0.4,12.431000000000003,1.0378916128382611
0.5,0.5,1e-07,0.6,0.6,0.5,12.760000000000003,1.4972508139920992
0.5,0.5,1e-07,0.6,0.6,0.6,12.362000000000005,1.9075523583901943
0.5,0.5,1e-07,0.6,0.6,0.7,11.963000000000006,0.7778759541212211
0.5,0.5,1e-07,0.6,0.8,0.3,12.73,1.4658035339021376
0.5,0.5,1e-07,0.6,0.8,0.4,12.530000000000005,1.3500740720419726
0.5,0.5,1e-07,0.6,0.8,0.5,12.359000000000005,1.0192050824049137
0.5,0.5,1e-07,0.6,0.8,0.6,12.707000000000004,1.1168039219128842
0.5,0.5,1e-07,0.6,0.8,0.7,12.386000000000006,1.0680842663385708
0.5,0.5,1e-07,0.6,1.0,0.3,12.994,1.6289272543609776
0.5,0.5,1e-07,0.6,1.0,0.4,12.568000000000007,1.1821742680332734
0.5,0.5,1e-07,0.6,1.0,0.5,12.696000000000002,1.2115378656897184
0.5,0.5,1e-07,0.6,1.0,0.6,12.483000000000004,1.0534377057994466
0.5,0.5,1e-07,0.6,1.0,0.7,12.322000000000003,0.8497270149877554
0.5,0.5,1e-07,0.8,0.6,0.3,11.524000000000004,1.1744036784683558
0.5,0.5,1e-07,0.8,0.6,0.4,11.594000000000005,1.2694896612418691
0.5,0.5,1e-07,0.8,0.6,0.5,11.315000000000003,0.7762699272804517
0.5,0.5,1e-07,0.8,0.6,0.6,11.290000000000004,0.8318052656722006
0.5,0.5,1e-07,0.8,0.6,0.7,11.328000000000007,1.1666259040497928
0.5,0.5,1e-07,0.8,0.8,0.3,11.439000000000004,1.0958553736693544
0.5,0.5,1e-07,0.8,0.8,0.4,11.280000000000005,1.0465753675679537
0.5,0.5,1e-07,0.8,0.8,0.5,11.569000000000006,1.4681753982409607
0.5,0.5,1e-07,0.8,0.8,0.6,11.277000000000006,0.9233043918448579
0.5,0.5,1e-07,0.8,0.8,0.7,11.224000000000007,0.8357415868556488
0.5,0.5,1e-07,0.8,1.0,0.3,11.695000000000006,1.392334370760125
0.5,0.5,1e-07,0.8,1.0,0.4,11.564000000000005,1.1584230660686965
0.5,0.5,1e-07,0.8,1.0,0.5,11.641000000000005,1.6221279234388364
0.5,0.5,1e-07,0.8,1.0,0.6,11.782000000000005,1.236622820426664
0.5,0.5,1e-07,0.8,1.0,0.7,11.564000000000009,1.5680765287446916
0.5,0.5,1e-07,1.0,0.6,0.3,6.571000000000003,1.9754642492335805
0.5,0.5,1e-07,1.0,0.6,0.4,6.8600000000000065,1.7307223925286235
0.5,0.5,1e-07,1.0,0.6,0.5,7.881000000000006,2.0849601914664975
0.5,0.5,1e-07,1.0,0.6,0.6,8.714000000000002,1.9485492038950394
0.5,0.5,1e-07,1.0,0.6,0.7,9.030000000000006,0.8084182086024555
0.5,0.5,1e-07,1.0,0.8,0.3,6.854000000000006,1.9331435539038453
0.5,0.5,1e-07,1.0,0.8,0.4,7.106000000000004,1.8591944492171866
0.5,0.5,1e-07,1.0,0.8,0.5,7.602000000000001,1.63216298205786
0.5,0.5,1e-07,1.0,0.8,0.6,8.939000000000004,2.2866173707028468
0.5,0.5,1e-07,1.0,0.8,0.7,9.261000000000003,1.558107505918643
0.5,0.5,1e-07,1.0,1.0,0.3,6.5620000000000065,1.4946959557047041
0.5,0.5,1e-07,1.0,1.0,0.4,7.7790000000000035,1.8527220514691325
0.5,0.5,1e-07,1.0,1.0,0.5,7.640000000000001,1.86715826859964
0.5,0.5,1e-07,1.0,1.0,0.6,8.386000000000003,1.6905395588391328
0.5,0.5,1e-07,1.0,1.0,0.7,9.161000000000005,1.9509226022577124
0.5,0.6,1e-06,0.6,0.6,0.3,11.565000000000003,1.0327027645939557
0.5,0.6,1e-06,0.6,0.6,0.4,11.313000000000006,0.9326794733454793
0.5,0.6,1e-06,0.6,0.6,0.5,11.166000000000007,0.8452242306039288
0.5,0.6,1e-06,0.6,0.6,0.6,11.335000000000004,1.040728110507253
0.5,0.6,1e-06,0.6,0.6,0.7,11.063000000000006,0.9051469493955123
0.5,0.6,1e-06,0.6,0.8,0.3,11.314000000000005,1.0605489144777789
0.5,0.6,1e-06,0.6,0.8,0.4,11.179000000000006,1.1903692704367008
0.5,0.6,1e-06,0.6,0.8,0.5,10.952000000000007,0.8388659010831204
0.5,0.6,1e-06,0.6,0.8,0.6,11.071000000000002,0.8121693173224424
0.5,0.6,1e-06,0.6,0.8,0.7,11.017000000000005,1.0550881479762757
0.5,0.6,1e-06,0.6,1.0,0.3,11.451000000000004,0.9976266836848308
0.5,0.6,1e-06,0.6,1.0,0.4,11.441000000000004,1.0389316628152208
0.5,0.6,1e-06,0.6,1.0,0.5,11.072000000000005,0.8664271463891254
0.5,0.6,1e-06,0.6,1.0,0.6,11.144000000000007,0.9879595133405017
0.5,0.6,1e-06,0.6,1.0,0.7,11.064000000000004,0.9840243899416313
0.5,0.6,1e-06,0.8,0.6,0.3,9.827000000000004,0.8196651755442569
0.5,0.6,1e-06,0.8,0.6,0.4,9.969000000000005,1.0748297539610647
0.5,0.6,1e-06,0.8,0.6,0.5,10.133000000000006,0.9917313144193872
0.5,0.6,1e-06,0.8,0.6,0.6,10.279000000000002,1.0917412697154945
0.5,0.6,1e-06,0.8,0.6,0.7,10.152000000000001,0.9314805419331113
0.5,0.6,1e-06,0.8,0.8,0.3,10.119000000000003,1.2085441655148592
0.5,0.6,1e-06,0.8,0.8,0.4,9.889000000000005,0.8055675018271299
0.5,0.6,1e-06,0.8,0.8,0.5,10.321000000000005,1.226824763362721
0.5,0.6,1e-06,0.8,0.8,0.6,10.234000000000005,1.0793164503517954
0.5,0.6,1e-06,0.8,0.8,0.7,9.933000000000005,0.833409263207461
0.5,0.6,1e-06,0.8,1.0,0.3,10.129000000000005,1.4423657649847326
0.5,0.6,1e-06,0.8,1.0,0.4,9.973,1.152723297240062
0.5,0.6,1e-06,0.8,1.0,0.5,10.280000000000005,1.188208735870933
0.5,0.6,1e-06,0.8,1.0,0.6,10.313000000000006,0.9751364007153055
0.5,0.6,1e-06,0.8,1.0,0.7,9.827000000000004,0.7160803027594049
0.5,0.6,1e-06,1.0,0.6,0.3,7.490000000000005,2.2810655404876026
0.5,0.6,1e-06,1.0,0.6,0.4,7.225000000000006,2.106180191721496
0.5,0.6,1e-06,1.0,0.6,0.5,6.845000000000004,1.6994572663059222
0.5,0.6,1e-06,1.0,0.6,0.6,7.225000000000007,1.9518183829444777
0.5,0.6,1e-06,1.0,0.6,0.7,8.019000000000005,2.121975259045214
0.5,0.6,1e-06,1.0,0.8,0.3,6.777000000000004,2.1064973296921137
0.5,0.6,1e-06,1.0,0.8,0.4,6.392000000000006,1.4192307775693145
0.5,0.6,1e-06,1.0,0.8,0.5,6.488000000000007,1.6059315053886933
0.5,0.6,1e-06,1.0,0.8,0.6,7.120000000000006,2.186000914912891
0.5,0.6,1e-06,1.0,0.8,0.7,7.775000000000003,1.709314189960406
0.5,0.6,1e-06,1.0,1.0,0.3,6.606000000000003,1.7189776031118034
0.5,0.6,1e-06,1.0,1.0,0.4,5.945000000000007,1.112058901317732
0.5,0.6,1e-06,1.0,1.0,0.5,6.489000000000006,1.4144606746035762
0.5,0.6,1e-06,1.0,1.0,0.6,7.151000000000002,1.885868235057796
0.5,0.6,1e-06,1.0,1.0,0.7,7.907000000000004,1.9058990004719556
0.5,0.6,1e-07,0.6,0.6,0.3,12.136000000000006,0.83820283941299
0.5,0.6,1e-07,0.6,0.6,0.4,12.227000000000002,0.9974622799885715
0.5,0.6,1e-07,0.6,0.6,0.5,12.420000000000005,1.1738313337102555
0.5,0.6,1e-07,0.6,0.6,0.6,12.094000000000003,1.393486275497535
0.5,0.6,1e-07,0.6,0.6,0.7,11.909000000000006,1.0090882022895733
0.5,0.6,1e-07,0.6,0.8,0.3,11.867000000000004,1.0297820157683832
0.5,0.6,1e-07,0.6,0.8,0.4,11.916000000000007,0.8895751795098593
0.5,0.6,1e-07,0.6,0.8,0.5,12.044000000000002,0.9090786544628581
0.5,0.6,1e-07,0.6,0.8,0.6,12.435000000000006,1.4516318403782715
0.5,0.6,1e-07,0.6,0.8,0.7,12.091000000000005,1.1523102880734901
0.5,0.6,1e-07,0.6,1.0,0.3,12.129000000000005,1.1332338681843237
0.5,0.6,1e-07,0.6,1.0,0.4,12.179000000000006,1.1308311102901258
0.5,0.6,1e-07,0.6,1.0,0.5,12.152000000000006,0.9799265278580841
0.5,0.6,1e-07,0.6,1.0,0.6,12.211000000000007,1.321612272945436
0.5,0.6,1e-07,0.6,1.0,0.7,11.848000000000008,0.9243462554692395
0.5,0.6,1e-07,0.8,0.6,0.3,10.754000000000007,1.1990179314755882
0.5,0.6,1e-07,0.8,0.6,0.4,10.756000000000004,1.3406058331963193
0.5,0.6,1e-07,0.8,0.6,0.5,10.774000000000006,1.308588552601621
0.5,0.6,1e-07,0.8,0.6,0.6,11.288000000000004,1.4250670159680188
0.5,0.6,1e-07,0.8,0.6,0.7,11.510000000000003,1.3454292995174424
0.5,0.6,1e-07,0.8,0.8,0.3,10.744000000000007,1.2302780173603038
0.5,0.6,1e-07,0.8,0.8,0.4,10.782000000000004,1.3046823368161293
0.5,0.6,1e-07,0.8,0.8,0.5,10.957000000000004,1.7349959654131761
0.5,0.6,1e-07,0.8,0.8,0.6,11.001000000000003,1.2415872905277348
0.5,0.6,1e-07,0.8,0.8,0.7,11.484000000000005,0.9550204186298856
0.5,0.6,1e-07,0.8,1.0,0.3,11.402000000000003,1.6723863190064643
0.5,0.6,1e-07,0.8,1.0,0.4,10.940000000000003,1.371203850636366
0.5,0.6,1e-07,0.8,1.0,0.5,11.163000000000006,1.6711107084810406
0.5,0.6,1e-07,0.8,1.0,0.6,11.228000000000002,1.2890213341911767
0.5,0.6,1e-07,0.8,1.0,0.7,11.433000000000003,0.9403887494010139
0.5,0.6,1e-07,1.0,0.6,0.3,7.017000000000003,2.272754056205822
0.5,0.6,1e-07,1.0,0.6,0.4,7.056000000000006,1.9317618900889393
0.5,0.6,1e-07,1.0,0.6,0.5,6.761000000000007,1.6015302057719674
0.5,0.6,1e-07,1.0,0.6,0.6,7.240000000000007,1.7898715037677955
0.5,0.6,1e-07,1.0,0.6,0.7,8.123000000000006,2.3931007082862172
0.5,0.6,1e-07,1.0,0.8,0.3,6.579000000000005,1.9951488666262465
0.5,0.6,1e-07,1.0,0.8,0.4,6.473000000000004,1.609015537525975
0.5,0.6,1e-07,1.0,0.8,0.5,6.554000000000005,1.6941204207493612
0.5,0.6,1e-07,1.0,0.8,0.6,7.095000000000008,1.6591307965317226
0.5,0.6,1e-07,1.0,0.8,0.7,8.162000000000006,1.9744153565042977
0.5,0.6,1e-07,1.0,1.0,0.3,6.9470000000000045,1.9621546829952023
0.5,0.6,1e-07,1.0,1.0,0.4,6.069000000000008,1.2132184469418488
0.5,0.6,1e-07,1.0,1.0,0.5,6.399000000000004,1.432459074459023
0.5,0.6,1e-07,1.0,1.0,0.6,7.117000000000002,1.8691310815456452
0.5,0.6,1e-07,1.0,1.0,0.7,8.042000000000005,1.8448403724983897
0.7,0.4,1e-06,0.6,0.6,0.3,11.027000000000008,1.2991885929302176
0.7,0.4,1e-06,0.6,0.6,0.4,11.260000000000005,1.4105034562169627
0.7,0.4,1e-06,0.6,0.6,0.5,10.693000000000003,1.2445444949860152
0.7,0.4,1e-06,0.6,0.6,0.6,10.557000000000004,1.468445096011423
0.7,0.4,1e-06,0.6,0.6,0.7,10.477000000000006,1.0400629788623361
0.7,0.4,1e-06,0.6,0.8,0.3,11.030000000000006,1.592551412042947
0.7,0.4,1e-06,0.6,0.8,0.4,11.189000000000005,1.0528147985282093
0.7,0.4,1e-06,0.6,0.8,0.5,10.690000000000007,1.2801484288940868
0.7,0.4,1e-06,0.6,0.8,0.6,10.559000000000008,1.4499582752617401
0.7,0.4,1e-06,0.6,0.8,0.7,10.408000000000003,1.07473531625233
0.7,0.4,1e-06,0.6,1.0,0.3,11.328000000000007,2.0300778310202787
0.7,0.4,1e-06,0.6,1.0,0.4,11.084000000000007,1.102063519040531
0.7,0.4,1e-06,0.6,1.0,0.5,10.967000000000006,1.1617620238241568
0.7,0.4,1e-06,0.6,1.0,0.6,10.639000000000001,1.5940072145382542
0.7,0.4,1e-06,0.6,1.0,0.7,10.659000000000004,1.3918114096385306
0.7,0.4,1e-06,0.8,0.6,0.3,10.913000000000006,1.5085393597781944
0.7,0.4,1e-06,0.8,0.6,0.4,10.564000000000004,1.1243949484055833
0.7,0.4,1e-06,0.8,0.6,0.5,10.383000000000004,1.036132713507294
0.7,0.4,1e-06,0.8,0.6,0.6,10.322000000000001,1.4640068305851575
0.7,0.4,1e-06,0.8,0.6,0.7,10.115000000000006,1.0526894128849227
0.7,0.4,1e-06,0.8,0.8,0.3,10.625000000000004,1.3116077919866092
0.7,0.4,1e-06,0.8,0.8,0.4,10.427000000000001,0.9491949220260288
0.7,0.4,1e-06,0.8,0.8,0.5,10.271000000000004,0.9528583315477724
0.7,0.4,1e-06,0.8,0.8,0.6,9.983000000000004,1.1416177118457858
0.7,0.4,1e-06,0.8,0.8,0.7,10.194,1.1839273626367435
0.7,0.4,1e-06,0.8,1.0,0.3,10.623000000000006,1.2608453513417113
0.7,0.4,1e-06,0.8,1.0,0.4,10.485000000000003,1.0692403845721516
0.7,0.4,1e-06,0.8,1.0,0.5,10.185000000000004,0.7488624706847029
0.7,0.4,1e-06,0.8,1.0,0.6,10.061000000000003,1.3414540618299244
0.7,0.4,1e-06,0.8,1.0,0.7,10.414000000000003,1.198667593622185
0.7,0.4,1e-06,1.0,0.6,0.3,6.933000000000004,1.7210726306579853
0.7,0.4,1e-06,1.0,0.6,0.4,6.518000000000006,1.4143394217796468
0.7,0.4,1e-06,1.0,0.6,0.5,7.939000000000005,2.0105966776059265
0.7,0.4,1e-06,1.0,0.6,0.6,8.392000000000003,2.4338068945583986
0.7,0.4,1e-06,1.0,0.6,0.7,8.113000000000003,1.6720439587522815
0.7,0.4,1e-06,1.0,0.8,0.3,6.739000000000002,2.126974141826833
0.7,0.4,1e-06,1.0,0.8,0.4,6.757000000000005,1.8197172857342423
0.7,0.4,1e-06,1.0,0.8,0.5,7.725000000000003,1.963689130183289
0.7,0.4,1e-06,1.0,0.8,0.6,8.140000000000004,1.999439921578037
0.7,0.4,1e-06,1.0,0.8,0.7,7.8270000000000035,1.8368154507189902
0.7,0.4,1e-06,1.0,1.0,0.3,7.139000000000007,2.384285846957114
0.7,0.4,1e-06,1.0,1.0,0.4,6.917000000000004,1.607597897485561
0.7,0.4,1e-06,1.0,1.0,0.5,7.551000000000004,2.1152633405796077
0.7,0.4,1e-06,1.0,1.0,0.6,8.109000000000004,1.707658923790112
0.7,0.4,1e-06,1.0,1.0,0.7,7.778000000000001,1.760101133457963
0.7,0.4,1e-07,0.6,0.6,0.3,11.840000000000007,0.832370109987139
0.7,0.4,1e-07,0.6,0.6,0.4,11.986000000000008,1.0197274145574406
0.7,0.4,1e-07,0.6,0.6,0.5,11.843000000000004,0.9478454515373227
0.7,0.4,1e-07,0.6,0.6,0.6,12.089000000000002,1.7588345573134505
0.7,0.4,1e-07,0.6,0.6,0.7,11.633000000000003,1.2589086543510621
0.7,0.4,1e-07,0.6,0.8,0.3,11.911000000000003,1.046068353407175
0.7,0.4,1e-07,0.6,0.8,0.4,11.903000000000006,0.953986897184651
0.7,0.4,1e-07,0.6,0.8,0.5,11.808000000000007,0.9667553982264588
0.7,0.4,1e-07,0.6,0.8,0.6,11.830000000000004,1.5264140984673844
0.7,0.4,1e-07,0.6,0.8,0.7,11.368000000000006,0.8263268118607793
0.7,0.4,1e-07,0.6,1.0,0.3,12.395000000000007,1.7618952863323072
0.7,0.4,1e-07,0.6,1.0,0.4,12.392000000000007,1.652893220991606
0.7,0.4,1e-07,0.6,1.0,0.5,11.821000000000005,0.91776848932615
0.7,0.4,1e-07,0.6,1.0,0.6,11.704000000000006,0.8901595362630234
0.7,0.4,1e-07,0.6,1.0,0.7,11.660000000000007,1.0768286771812865
0.7,0.4,1e-07,0.8,0.6,0.3,10.703000000000007,1.3206100862858838
0.7,0.4,1e-07,0.8,0.6,0.4,11.545000000000005,1.5067962702369537
0.7,0.4,1e-07,0.8,0.6,0.5,11.248000000000003,1.1578670044525847
0.7,0.4,1e-07,0.8,0.6,0.6,10.919000000000008,1.0213417645430942
0.7,0.4,1e-07,0.8,0.6,0.7,11.018000000000004,1.1873146171087052
0.7,0.4,1e-07,0.8,0.8,0.3,10.771000000000004,1.3796590158441333
0.7,0.4,1e-07,0.8,0.8,0.4,11.409000000000006,1.3218543792717883
0.7,0.4,1e-07,0.8,0.8,0.5,11.391000000000005,1.4881461621762813
0.7,0.4,1e-07,0.8,0.8,0.6,10.881000000000004,0.9810295612263706
0.7,0.4,1e-07,0.8,0.8,0.7,11.088000000000003,1.2317532220375962
0.7,0.4,1e-07,0.8,1.0,0.3,10.746000000000006,1.540987994761803
0.7,0.4,1e-07,0.8,1.0,0.4,11.412000000000003,1.6991692087605652
0.7,0.4,1e-07,0.8,1.0,0.5,11.18500000000001,1.2135382153026755
0.7,0.4,1e-07,0.8,1.0,0.6,10.936000000000003,0.9988913854869329
0.7,0.4,1e-07,0.8,1.0,0.7,11.100000000000005,1.016287360936857
0.7,0.4,1e-07,1.0,0.6,0.3,6.991000000000007,2.0024532453967567
0.7,0.4,1e-07,1.0,0.6,0.4,6.891000000000004,1.6291160179680249
0.7,0.4,1e-07,1.0,0.6,0.5,8.166000000000007,2.4642572917615553
0.7,0.4,1e-07,1.0,0.6,0.6,8.272000000000002,1.9946368090457
0.7,0.4,1e-07,1.0,0.6,0.7,8.610000000000003,1.8773651749193632
0.7,0.4,1e-07,1.0,0.8,0.3,6.710000000000006,1.8376343488300384
0.7,0.4,1e-07,1.0,0.8,0.4,7.028000000000004,2.2554059501562027
0.7,0.4,1e-07,1.0,0.8,0.5,7.6110000000000015,1.7791849257454926
0.7,0.4,1e-07,1.0,0.8,0.6,7.951000000000006,1.7137383114116342
0.7,0.4,1e-07,1.0,0.8,0.7,7.8640000000000025,1.8638197337725535
0.7,0.4,1e-07,1.0,1.0,0.3,7.007000000000005,2.339156044388661
0.7,0.4,1e-07,1.0,1.0,0.4,6.5460000000000065,1.6365341426319207
0.7,0.4,1e-07,1.0,1.0,0.5,7.3330000000000055,1.7168025512562606
0.7,0.4,1e-07,1.0,1.0,0.6,7.767000000000001,1.9453048604267669
0.7,0.4,1e-07,1.0,1.0,0.7,7.691000000000004,1.6466994261248782
0.7,0.5,1e-06,0.6,0.6,0.3,10.686000000000005,1.499067710278626
0.7,0.5,1e-06,0.6,0.6,0.4,10.499000000000006,1.271306021381163
0.7,0.5,1e-06,0.6,0.6,0.5,10.559000000000005,1.366959765318645
0.7,0.5,1e-06,0.6,0.6,0.6,10.233000000000008,0.9594430676178728
0.7,0.5,1e-06,0.6,0.6,0.7,10.421000000000008,1.0734705398845357
0.7,0.5,1e-06,0.6,0.8,0.3,10.623000000000005,1.26892513569556
0.7,0.5,1e-06,0.6,0.8,0.4,10.567000000000007,1.183795168092861
0.7,0.5,1e-06,0.6,0.8,0.5,10.617000000000004,1.9807904987655796
0.7,0.5,1e-06,0.6,0.8,0.6,10.492000000000008,1.4179054975561682
0.7,0.5,1e-06,0.6,0.8,0.7,10.484000000000007,1.2388801394808107
0.7,0.5,1e-06,0.6,1.0,0.3,10.523000000000007,0.9344361936483395
0.7,0.5,1e-06,0.6,1.0,0.4,10.631000000000004,1.2452545924428473
0.7,0.5,1e-06,0.6,1.0,0.5,10.788000000000006,1.4922117812160571
0.7,0.5,1e-06,0.6,1.0,0.6,10.476000000000008,1.213006183001554
0.7,0.5,1e-06,0.6,1.0,0.7,10.597000000000005,1.2146814397198973
0.7,0.5,1e-06,0.8,0.6,0.3,9.992,1.2542790758041045
0.7,0.5,1e-06,0.8,0.6,0.4,10.442000000000002,1.765048441261601
0.7,0.5,1e-06,0.8,0.6,0.5,10.195000000000004,1.517430393790767
0.7,0.5,1e-06,0.8,0.6,0.6,10.162000000000003,1.428508312891458
0.7,0.5,1e-06,0.8,0.6,0.7,9.729000000000003,1.032036336569601
0.7,0.5,1e-06,0.8,0.8,0.3,9.850000000000005,1.102896187317738
0.7,0.5,1e-06,0.8,0.8,0.4,10.508000000000004,1.5794480048421986
0.7,0.5,1e-06,0.8,0.8,0.5,10.229000000000005,1.4494064302327327
0.7,0.5,1e-06,0.8,0.8,0.6,9.922000000000006,1.0990159234515213
0.7,0.5,1e-06,0.8,0.8,0.7,9.871000000000004,1.2539772725213185
0.7,0.5,1e-06,0.8,1.0,0.3,10.038000000000006,1.2912459099644795
0.7,0.5,1e-06,0.8,1.0,0.4,10.18800000000001,1.0407574165001168
0.7,0.5,1e-06,0.8,1.0,0.5,10.147000000000006,1.065162428928101
0.7,0.5,1e-06,0.8,1.0,0.6,10.029000000000007,1.66160735434097
0.7,0.5,1e-06,0.8,1.0,0.7,9.886000000000006,1.16094961130964
0.7,0.5,1e-06,1.0,0.6,0.3,6.248000000000002,1.461415751933726
0.7,0.5,1e-06,1.0,0.6,0.4,5.760000000000008,1.015657422559396
0.7,0.5,1e-06,1.0,0.6,0.5,7.111000000000004,1.8659740083934722
0.7,0.5,1e-06,1.0,0.6,0.6,6.788000000000006,1.8660482308879378
0.7,0.5,1e-06,1.0,0.6,0.7,6.934000000000005,1.859710730194349
0.7,0.5,1e-06,1.0,0.8,0.3,6.211000000000006,1.917941344254302
0.7,0.5,1e-06,1.0,0.8,0.4,5.753000000000005,0.9672905458030712
0.7,0.5,1e-06,1.0,0.8,0.5,7.257000000000003,1.6994619736846146
0.7,0.5,1e-06,1.0,0.8,0.6,6.7160000000000055,1.5184149630453445
0.7,0.5,1e-06,1.0,0.8,0.7,6.820000000000005,1.6847314326028318
0.7,0.5,1e-06,1.0,1.0,0.3,5.496000000000007,1.3978211616655403
0.7,0.5,1e-06,1.0,1.0,0.4,5.7000000000000055,0.8933308457676811
0.7,0.5,1e-06,1.0,1.0,0.5,6.986000000000006,1.7528274301824445
0.7,0.5,1e-06,1.0,1.0,0.6,6.574000000000003,1.7593191865036895
0.7,0.5,1e-06,1.0,1.0,0.7,7.056000000000003,1.9876377939654915
0.7,0.5,1e-07,0.6,0.6,0.3,12.027000000000005,0.8431672431967451
0.7,0.5,1e-07,0.6,0.6,0.4,12.275000000000006,1.8088435532129368
0.7,0.5,1e-07,0.6,0.6,0.5,11.972000000000005,1.6110418988964879
0.7,0.5,1e-07,0.6,0.6,0.6,11.480000000000002,1.4214640340156306
0.7,0.5,1e-07,0.6,0.6,0.7,11.669000000000004,1.4832595861817306
0.7,0.5,1e-07,0.6,0.8,0.3,12.086000000000006,1.3866665064102472
0.7,0.5,1e-07,0.6,0.8,0.4,11.834000000000005,0.942318417521382
0.7,0.5,1e-07,0.6,0.8,0.5,11.815000000000008,1.1740677152532564
0.7,0.5,1e-07,0.6,0.8,0.6,11.393000000000004,1.217378741394805
0.7,0.5,1e-07,0.6,0.8,0.7,11.472000000000005,1.129059785839526
0.7,0.5,1e-07,0.6,1.0,0.3,11.697000000000003,0.8104634476643547
0.7,0.5,1e-07,0.6,1.0,0.4,11.876000000000003,1.2501775873850864
0.7,0.5,1e-07,0.6,1.0,0.5,11.821000000000003,1.2265312878194337
0.7,0.5,1e-07,0.6,1.0,0.6,11.414000000000007,1.1195195398026763
0.7,0.5,1e-07,0.6,1.0,0.7,11.555000000000007,1.0106408857749631
0.7,0.5,1e-07,0.8,0.6,0.3,10.025000000000007,1.2068782042940376
0.7,0.5,1e-07,0.8,0.6,0.4,10.376000000000003,1.2749996078430756
0.7,0.5,1e-07,0.8,0.6,0.5,10.875000000000004,1.8701537369959766
0.7,0.5,1e-07,0.8,0.6,0.6,10.837000000000005,1.482919755077803
0.7,0.5,1e-07,0.8,0.6,0.7,10.488000000000008,1.451818170433199
0.7,0.5,1e-07,0.8,0.8,0.3,10.027000000000005,1.7719060358833933
0.7,0.5,1e-07,0.8,0.8,0.4,10.175000000000004,1.3866344146890328
0.7,0.5,1e-07,0.8,0.8,0.5,10.438000000000004,1.2365257781380883
0.7,0.5,1e-07,0.8,0.8,0.6,10.496000000000006,1.136865867198063
0.7,0.5,1e-07,0.8,0.8,0.7,10.627000000000002,1.1178242258960045
0.7,0.5,1e-07,0.8,1.0,0.3,9.837000000000003,1.3335257777785905
0.7,0.5,1e-07,0.8,1.0,0.4,10.342000000000002,1.2373988847578612
0.7,0.5,1e-07,0.8,1.0,0.5,10.389000000000006,1.0179877209475552
0.7,0.5,1e-07,0.8,1.0,0.6,10.327000000000005,1.3107597033781588
0.7,0.5,1e-07,0.8,1.0,0.7,10.775000000000007,1.329644689381341
0.7,0.5,1e-07,1.0,0.6,0.3,5.930000000000004,1.4214288585785777
0.7,0.5,1e-07,1.0,0.6,0.4,5.570000000000006,0.6390461642166391
0.7,0.5,1e-07,1.0,0.6,0.5,7.042000000000002,1.99497268151722
0.7,0.5,1e-07,1.0,0.6,0.6,6.828000000000005,1.9075471160629298
0.7,0.5,1e-07,1.0,0.6,0.7,6.866000000000009,1.748817886459309
0.7,0.5,1e-07,1.0,0.8,0.3,5.912000000000008,1.5069890510551174
0.7,0.5,1e-07,1.0,0.8,0.4,5.576000000000005,0.6191478014173971
0.7,0.5,1e-07,1.0,0.8,0.5,7.007000000000001,1.9763327149040457
0.7,0.5,1e-07,1.0,0.8,0.6,6.590000000000005,1.50208521728962
0.7,0.5,1e-07,1.0,0.8,0.7,7.051000000000005,2.212803425521569
0.7,0.5,1e-07,1.0,1.0,0.3,5.416000000000007,1.3320450442834106
0.7,0.5,1e-07,1.0,1.0,0.4,5.732000000000006,0.872568621943282
0.7,0.5,1e-07,1.0,1.0,0.5,6.872000000000004,1.7751439378258862
0.7,0.5,1e-07,1.0,1.0,0.6,6.495000000000003,1.5611518183700162
0.7,0.5,1e-07,1.0,1.0,0.7,7.197000000000005,1.765392590898694
0.7,0.6,1e-06,0.6,0.6,0.3,10.433000000000003,1.3108665073149155
0.7,0.6,1e-06,0.6,0.6,0.4,10.119000000000005,1.0760571546158717
0.7,0.6,1e-06,0.6,0.6,0.5,10.558000000000003,1.4433835249163665
0.7,0.6,1e-06,0.6,0.6,0.6,10.710000000000004,1.4158319109272852
0.7,0.6,1e-06,0.6,0.6,0.7,10.600000000000007,1.4990930591527674
0.7,0.6,1e-06,0.6,0.8,0.3,10.317000000000004,1.1725574612785508
0.7,0.6,1e-06,0.6,0.8,0.4,10.63400000000001,1.8853339226778882
0.7,0.6,1e-06,0.6,0.8,0.5,10.291000000000004,1.2387812559124376
0.7,0.6,1e-06,0.6,0.8,0.6,10.702,1.5033948250542828
0.7,0.6,1e-06,0.6,0.8,0.7,10.516000000000002,1.3709938001318596
0.7,0.6,1e-06,0.6,1.0,0.3,10.273000000000003,1.3188976457633104
0.7,0.6,1e-06,0.6,1.0,0.4,10.460000000000004,1.486095555474142
0.7,0.6,1e-06,0.6,1.0,0.5,10.543000000000003,0.9780649262702382
0.7,0.6,1e-06,0.6,1.0,0.6,10.526000000000002,1.262443662109323
0.7,0.6,1e-06,0.6,1.0,0.7,10.309000000000008,1.3690211831816168
0.7,0.6,1e-06,0.8,0.6,0.3,9.613000000000005,1.7573420270397007
0.7,0.6,1e-06,0.8,0.6,0.4,9.759000000000004,1.6150105262814851
0.7,0.6,1e-06,0.8,0.6,0.5,10.025000000000004,1.8001763802472277
0.7,0.6,1e-06,0.8,0.6,0.6,9.575000000000006,1.1839742395846273
0.7,0.6,1e-06,0.8,0.6,0.7,9.682000000000002,1.1091600425547268
0.7,0.6,1e-06,0.8,0.8,0.3,10.013000000000002,1.7496431064648579
0.7,0.6,1e-06,0.8,0.8,0.4,9.669000000000008,1.5580818335376359
0.7,0.6,1e-06,0.8,0.8,0.5,9.914000000000005,1.2868115635165867
0.7,0.6,1e-06,0.8,0.8,0.6,9.645000000000003,1.178624197952852
0.7,0.6,1e-06,0.8,0.8,0.7,9.866000000000005,1.3836198899986971
0.7,0.6,1e-06,0.8,1.0,0.3,9.412000000000003,1.212260698034873
0.7,0.6,1e-06,0.8,1.0,0.4,9.513000000000009,1.4700241494614967
0.7,0.6,1e-06,0.8,1.0,0.5,9.461000000000002,1.6945497927178172
0.7,0.6,1e-06,0.8,1.0,0.6,9.416,1.4906454977626322
0.7,0.6,1e-06,0.8,1.0,0.7,9.293000000000001,1.243917601772723
0.7,0.6,1e-06,1.0,0.6,0.3,5.045000000000004,1.5334259030028132
0.7,0.6,1e-06,1.0,0.6,0.4,5.273000000000006,1.178121810340511
0.7,0.6,1e-06,1.0,0.6,0.5,6.261000000000005,1.6652264110324433
0.7,0.6,1e-06,1.0,0.6,0.6,5.946000000000003,1.3864357179472815
0.7,0.6,1e-06,1.0,0.6,0.7,6.032000000000004,1.2373908032630576
0.7,0.6,1e-06,1.0,0.8,0.3,5.015000000000005,1.1828757331182318
0.7,0.6,1e-06,1.0,0.8,0.4,5.698000000000005,1.7781327284542063
0.7,0.6,1e-06,1.0,0.8,0.5,6.296000000000005,1.7631630667638218
0.7,0.6,1e-06,1.0,0.8,0.6,6.039000000000006,1.2414100853464973
0.7,0.6,1e-06,1.0,0.8,0.7,6.111000000000004,1.6500724226530168
0.7,0.6,1e-06,1.0,1.0,0.3,4.8330000000000055,1.824163095778446
0.7,0.6,1e-06,1.0,1.0,0.4,4.954000000000003,0.9201325991399292
0.7,0.6,1e-06,1.0,1.0,0.5,6.232000000000005,1.8514470016719329
0.7,0.6,1e-06,1.0,1.0,0.6,5.641000000000004,1.355145379654892
0.7,0.6,1e-06,1.0,1.0,0.7,5.795000000000002,1.2541271865325292
0.7,0.6,1e-07,0.6,0.6,0.3,11.456000000000005,1.102571539629059
0.7,0.6,1e-07,0.6,0.6,0.4,11.691000000000006,1.1592665784883132
0.7,0.6,1e-07,0.6,0.6,0.5,11.515000000000006,1.2394010650310088
0.7,0.6,1e-07,0.6,0.6,0.6,11.852000000000006,1.3373914909255233
0.7,0.6,1e-07,0.6,0.6,0.7,12.039000000000005,1.2775049902055182
0.7,0.6,1e-07,0.6,0.8,0.3,11.535000000000004,1.4029807553918892
0.7,0.6,1e-07,0.6,0.8,0.4,11.586000000000002,1.0129185554623792
0.7,0.6,1e-07,0.6,0.8,0.5,11.629000000000007,1.362695490562729
0.7,0.6,1e-07,0.6,0.8,0.6,12.056000000000006,1.7469241540490554
0.7,0.6,1e-07,0.6,0.8,0.7,11.599000000000006,0.8819404741817921
0.7,0.6,1e-07,0.6,1.0,0.3,11.414000000000003,1.3499199976294873
0.7,0.6,1e-07,0.6,1.0,0.4,11.750000000000005,1.1046900017652006
0.7,0.6,1e-07,0.6,1.0,0.5,11.667000000000005,1.1114004678782547
0.7,0.6,1e-07,0.6,1.0,0.6,11.871000000000006,1.430377222973017
0.7,0.6,1e-07,0.6,1.0,0.7,11.863000000000003,0.9448020956793
0.7,0.6,1e-07,0.8,0.6,0.3,9.700000000000003,1.420901122527531
0.7,0.6,1e-07,0.8,0.6,0.4,9.509000000000004,0.9773939840207745
0.7,0.6,1e-07,0.8,0.6,0.5,9.933000000000005,1.8291011453716801
0.7,0.6,1e-07,0.8,0.6,0.6,9.569,1.1616449543642835
0.7,0.6,1e-07,0.8,0.6,0.7,10.175,1.3459996285289249
0.7,0.6,1e-07,0.8,0.8,0.3,9.631000000000006,1.6066297022027223
0.7,0.6,1e-07,0.8,0.8,0.4,9.577000000000005,0.9591928898819082
0.7,0.6,1e-07,0.8,0.8,0.5,9.634000000000002,1.2065836067177458
0.7,0.6,1e-07,0.8,0.8,0.6,9.468000000000005,0.9080616719144117
0.7,0.6,1e-07,0.8,0.8,0.7,10.052000000000003,1.456178560479449
0.7,0.6,1e-07,0.8,1.0,0.3,9.189000000000002,1.4645610263829913
0.7,0.6,1e-07,0.8,1.0,0.4,9.532000000000002,1.9378173288522298
0.7,0.6,1e-07,0.8,1.0,0.5,9.758000000000004,1.4703319353125632
0.7,0.6,1e-07,0.8,1.0,0.6,9.647000000000002,1.1439628490471163
0.7,0.6,1e-07,0.8,1.0,0.7,10.215000000000005,1.6608055274474502
0.7,0.6,1e-07,1.0,0.6,0.3,5.005000000000005,1.5782886301307544
0.7,0.6,1e-07,1.0,0.6,0.4,5.267000000000006,1.180529965735729
0.7,0.6,1e-07,1.0,0.6,0.5,6.088000000000006,1.5481136909154964
0.7,0.6,1e-07,1.0,0.6,0.6,5.948000000000003,1.5709665814395934
0.7,0.6,1e-07,1.0,0.6,0.7,6.031000000000003,1.2339606962946592
0.7,0.6,1e-07,1.0,0.8,0.3,4.960000000000006,1.32022725316515
0.7,0.6,1e-07,1.0,0.8,0.4,5.319000000000008,1.3145870073905335
0.7,0.6,1e-07,1.0,0.8,0.5,6.120000000000006,1.651932201998616
0.7,0.6,1e-07,1.0,0.8,0.6,5.833000000000003,1.2632541312024277
0.7,0.6,1e-07,1.0,0.8,0.7,6.230000000000004,1.922212267154699
0.7,0.6,1e-07,1.0,1.0,0.3,4.799000000000004,1.9790247598248978
0.7,0.6,1e-07,1.0,1.0,0.4,4.947000000000003,0.9181563047760457
0.7,0.6,1e-07,1.0,1.0,0.5,6.372000000000004,1.909035358499154
0.7,0.6,1e-07,1.0,1.0,0.6,5.637000000000005,1.3613856911250404
0.7,0.6,1e-07,1.0,1.0,0.7,5.835000000000003,1.2467537848348433
