spectral_radius,input_scale,leaking_rate,ridge_alpha,jump,mean_T_VPT,std_dev
0.9,0.6,0.3,1e-06,1,7.469000000000003,2.0559423630053457
0.9,0.6,0.3,1e-06,5,8.986000000000002,1.9078794511184431
0.9,0.6,0.3,1e-06,10,9.342000000000006,1.8230622589478422
0.9,0.6,0.3,1e-06,20,9.732000000000003,2.0378066640385715
0.9,0.6,0.3,1e-07,1,8.194000000000004,2.4007507159220025
0.9,0.6,0.3,1e-07,5,10.317000000000004,1.3363723283576328
0.9,0.6,0.3,1e-07,10,10.120000000000005,1.295160221748644
0.9,0.6,0.3,1e-07,20,10.268000000000002,1.4999386654126894
0.9,0.6,0.4,1e-06,1,7.738000000000005,1.5495792977450364
0.9,0.6,0.4,1e-06,5,8.757000000000003,1.768154687803079
0.9,0.6,0.4,1e-06,10,9.351000000000003,1.26731961241038
0.9,0.6,0.4,1e-06,20,9.319000000000004,1.6740307643529129
0.9,0.6,0.4,1e-07,1,8.858000000000002,2.2006444510642766
0.9,0.6,0.4,1e-07,5,9.969000000000007,1.7706210774753588
0.9,0.6,0.4,1e-07,10,9.746000000000006,1.291156071123859
0.9,0.6,0.4,1e-07,20,10.166000000000004,1.2450718854748914
0.9,0.6,0.5,1e-06,1,7.700000000000005,1.8519503233078378
0.9,0.6,0.5,1e-06,5,8.654000000000005,1.5077678866456865
0.9,0.6,0.5,1e-06,10,9.149000000000003,1.7578904971584586
0.9,0.6,0.5,1e-06,20,8.752000000000002,1.866466179709668
0.9,0.6,0.5,1e-07,1,8.158000000000005,1.933224249796178
0.9,0.6,0.5,1e-07,5,9.877000000000002,1.6648516450422821
0.9,0.6,0.5,1e-07,10,9.959000000000003,1.3703061701678192
0.9,0.6,0.5,1e-07,20,9.495000000000001,1.3702974129728145
0.9,0.6,0.6,1e-06,1,6.966000000000008,2.1548651929993223
0.9,0.6,0.6,1e-06,5,8.409000000000002,1.8902960085658551
0.9,0.6,0.6,1e-06,10,8.618000000000006,1.9359018570165198
0.9,0.6,0.6,1e-06,20,8.957,1.4041833925808984
0.9,0.6,0.6,1e-07,1,6.1030000000000015,2.32355137666461
0.9,0.6,0.6,1e-07,5,9.175000000000002,1.9022920385682123
0.9,0.6,0.6,1e-07,10,9.588000000000005,1.8130350244824271
0.9,0.6,0.6,1e-07,20,9.825000000000006,2.081805706592236
0.9,0.6,0.7,1e-06,1,5.911000000000004,1.5619663888829358
0.9,0.6,0.7,1e-06,5,7.539000000000003,1.7930585601145324
0.9,0.6,0.7,1e-06,10,8.554000000000004,2.3326988661205235
0.9,0.6,0.7,1e-06,20,8.152000000000006,1.6799571423104853
0.9,0.6,0.7,1e-07,1,5.501000000000005,1.9634813469956878
0.9,0.6,0.7,1e-07,5,8.600000000000003,2.209841623284349
0.9,0.6,0.7,1e-07,10,8.337000000000003,2.052201500827831
0.9,0.6,0.7,1e-07,20,9.070000000000002,2.793302704684907
0.9,0.7,0.3,1e-06,1,6.915000000000001,1.8375295915984593
0.9,0.7,0.3,1e-06,5,8.334000000000001,1.596985911021135
0.9,0.7,0.3,1e-06,10,8.586000000000004,2.02949353287957
0.9,0.7,0.3,1e-06,20,8.933000000000002,1.4672596907159963
0.9,0.7,0.3,1e-07,1,6.731000000000003,1.8625517442476567
0.9,0.7,0.3,1e-07,5,9.578000000000005,0.9720473239508435
0.9,0.7,0.3,1e-07,10,9.603000000000003,1.8313740742950373
0.9,0.7,0.3,1e-07,20,9.802000000000007,1.5340000000000007
0.9,0.7,0.4,1e-06,1,6.270000000000008,2.165451454085265
0.9,0.7,0.4,1e-06,5,8.690000000000003,2.0315560538661
0.9,0.7,0.4,1e-06,10,8.498000000000005,2.097130420360164
0.9,0.7,0.4,1e-06,20,8.010000000000005,1.3440758907145105
0.9,0.7,0.4,1e-07,1,5.534000000000006,2.4304328832535176
0.9,0.7,0.4,1e-07,5,9.503000000000004,1.9193777637557443
0.9,0.7,0.4,1e-07,10,8.975000000000003,2.3353618563297647
0.9,0.7,0.4,1e-07,20,8.498000000000006,2.1423249053306552
0.9,0.7,0.5,1e-06,1,6.178000000000003,1.7571670381611422
0.9,0.7,0.5,1e-06,5,8.234000000000005,1.958510658638345
0.9,0.7,0.5,1e-06,10,7.118000000000005,2.159137790878569
0.9,0.7,0.5,1e-06,20,6.772000000000007,2.13484800395719
0.9,0.7,0.5,1e-07,1,6.449000000000003,2.4242893804164556
0.9,0.7,0.5,1e-07,5,8.898000000000005,2.6922548170631977
0.9,0.7,0.5,1e-07,10,8.151000000000005,2.852693288806213
0.9,0.7,0.5,1e-07,20,6.870000000000006,2.565388859412936
0.9,0.7,0.6,1e-06,1,4.842000000000003,1.3487609128381515
0.9,0.7,0.6,1e-06,5,6.243000000000005,1.7592643348854664
0.9,0.7,0.6,1e-06,10,7.033000000000003,2.270350413482465
0.9,0.7,0.6,1e-06,20,5.964000000000006,2.4163824200651662
0.9,0.7,0.6,1e-07,1,4.385000000000007,2.137633036795604
0.9,0.7,0.6,1e-07,5,7.244000000000002,2.46393668749828
0.9,0.7,0.6,1e-07,10,6.957000000000006,2.707517497635057
0.9,0.7,0.6,1e-07,20,5.554000000000002,2.656005271079107
0.9,0.7,0.7,1e-06,1,4.368000000000004,2.275033186571133
0.9,0.7,0.7,1e-06,5,5.610000000000004,2.019093856164194
0.9,0.7,0.7,1e-06,10,5.973000000000003,1.94752432590712
0.9,0.7,0.7,1e-06,20,5.504000000000003,2.328111681169955
0.9,0.7,0.7,1e-07,1,3.0620000000000047,1.6659159642671058
0.9,0.7,0.7,1e-07,5,6.655000000000003,2.7785598787861367
0.9,0.7,0.7,1e-07,10,5.586000000000008,2.5410084612216464
0.9,0.7,0.7,1e-07,20,5.425000000000006,2.809568472203515
0.9,0.8,0.3,1e-06,1,5.965999999999999,1.6758054779717129
0.9,0.8,0.3,1e-06,5,8.072000000000005,2.2574622920438783
0.9,0.8,0.3,1e-06,10,7.639000000000003,2.081388719100786
0.9,0.8,0.3,1e-06,20,8.479000000000003,2.674094052197867
0.9,0.8,0.3,1e-07,1,6.108000000000007,2.8091237067811745
0.9,0.8,0.3,1e-07,5,8.080000000000002,2.0976463000229537
0.9,0.8,0.3,1e-07,10,9.018000000000004,1.3377428751445475
0.9,0.8,0.3,1e-07,20,8.987000000000004,2.073241664640182
0.9,0.8,0.4,1e-06,1,5.998000000000003,2.227041984337071
0.9,0.8,0.4,1e-06,5,6.26300000000001,1.8763078105684063
0.9,0.8,0.4,1e-06,10,6.923000000000004,2.8772297440419985
0.9,0.8,0.4,1e-06,20,5.797000000000007,1.9619100387122763
0.9,0.8,0.4,1e-07,1,4.447000000000003,2.0658584172203116
0.9,0.8,0.4,1e-07,5,6.984000000000007,2.4086311465228536
0.9,0.8,0.4,1e-07,10,8.095000000000004,3.0458356817136423
0.9,0.8,0.4,1e-07,20,6.729000000000006,2.4909714972275383
0.9,0.8,0.5,1e-06,1,5.061000000000009,2.5616750379390423
0.9,0.8,0.5,1e-06,5,4.844000000000003,1.7167713883915907
0.9,0.8,0.5,1e-06,10,5.127000000000007,1.8898917958444081
0.9,0.8,0.5,1e-06,20,4.351000000000006,2.6737649485323107
0.9,0.8,0.5,1e-07,1,3.982000000000005,2.1255672184148877
0.9,0.8,0.5,1e-07,5,5.737000000000007,3.3980598876417694
0.9,0.8,0.5,1e-07,10,6.400000000000006,2.927333257420482
0.9,0.8,0.5,1e-07,20,4.442000000000007,2.670579712347113
0.9,0.8,0.6,1e-06,1,3.704000000000005,2.173932841648979
0.9,0.8,0.6,1e-06,5,4.141000000000004,1.8211477150412596
0.9,0.8,0.6,1e-06,10,4.324000000000005,1.8242982212346723
0.9,0.8,0.6,1e-06,20,2.9920000000000044,1.8396238746004565
0.9,0.8,0.6,1e-07,1,3.012000000000003,1.9531246759999723
0.9,0.8,0.6,1e-07,5,3.932000000000002,2.242288117080407
0.9,0.8,0.6,1e-07,10,4.329000000000005,2.221526277134708
0.9,0.8,0.6,1e-07,20,3.393000000000005,2.708573609854457
0.9,0.8,0.7,1e-06,1,3.2110000000000056,1.941550668924198
0.9,0.8,0.7,1e-06,5,4.011000000000005,1.9312221519027786
0.9,0.8,0.7,1e-06,10,3.8010000000000046,1.4490890241803631
0.9,0.8,0.7,1e-06,20,3.2390000000000057,2.28046903070399
0.9,0.8,0.7,1e-07,1,1.9540000000000048,0.9663353455193475
0.9,0.8,0.7,1e-07,5,4.155000000000006,2.2269519527820973
0.9,0.8,0.7,1e-07,10,3.8770000000000024,2.3867574237865044
0.9,0.8,0.7,1e-07,20,2.964000000000007,2.707512511513106
0.9,0.9,0.3,1e-06,1,5.119000000000007,1.7602212929060927
0.9,0.9,0.3,1e-06,5,6.591000000000006,1.8040119179207192
0.9,0.9,0.3,1e-06,10,6.625000000000005,2.712606679929843
0.9,0.9,0.3,1e-06,20,6.871,2.699055205067134
0.9,0.9,0.3,1e-07,1,4.9060000000000015,2.679485771561402
0.9,0.9,0.3,1e-07,5,6.353000000000003,2.359544659462925
0.9,0.9,0.3,1e-07,10,6.5660000000000025,2.163923288843671
0.9,0.9,0.3,1e-07,20,6.8350000000000035,2.4512435619497324
0.9,0.9,0.4,1e-06,1,3.9820000000000038,1.376704761377693
0.9,0.9,0.4,1e-06,5,4.2600000000000025,1.7323394586512197
0.9,0.9,0.4,1e-06,10,5.3370000000000015,2.5218348478835813
0.9,0.9,0.4,1e-06,20,5.1600000000000055,2.64096194595833
0.9,0.9,0.4,1e-07,1,3.3250000000000055,1.9175074967258903
0.9,0.9,0.4,1e-07,5,4.6810000000000045,2.0104076701007707
0.9,0.9,0.4,1e-07,10,5.742000000000006,2.4791603417286248
0.9,0.9,0.4,1e-07,20,5.244000000000007,3.044369228592356
0.9,0.9,0.5,1e-06,1,2.9350000000000036,1.1520047742956632
0.9,0.9,0.5,1e-06,5,3.018000000000005,1.6139132566529115
0.9,0.9,0.5,1e-06,10,3.9910000000000054,1.8975824092776588
0.9,0.9,0.5,1e-06,20,2.386000000000004,1.2206244303634113
0.9,0.9,0.5,1e-07,1,2.691000000000004,1.7122204881381358
0.9,0.9,0.5,1e-07,5,2.9150000000000036,1.8977447141277963
0.9,0.9,0.5,1e-07,10,3.9990000000000068,2.15647374201496
0.9,0.9,0.5,1e-07,20,3.0510000000000077,2.1426009894518403
0.9,0.9,0.6,1e-06,1,2.207000000000008,1.0255978744127743
0.9,0.9,0.6,1e-06,5,2.4240000000000053,1.1537348048836877
0.9,0.9,0.6,1e-06,10,2.885000000000004,1.4549072135363137
0.9,0.9,0.6,1e-06,20,2.410000000000005,2.2519724687482263
0.9,0.9,0.6,1e-07,1,1.6730000000000018,0.7325919737480091
0.9,0.9,0.6,1e-07,5,1.9180000000000021,1.0012172591400943
0.9,0.9,0.6,1e-07,10,2.7720000000000082,1.4850643083718633
0.9,0.9,0.6,1e-07,20,2.510000000000005,2.6703145882086643
0.9,0.9,0.7,1e-06,1,1.746000000000005,0.5433267893266455
0.9,0.9,0.7,1e-06,5,2.0980000000000034,0.9776072831152584
0.9,0.9,0.7,1e-06,10,2.285000000000005,2.1989531600286543
0.9,0.9,0.7,1e-06,20,2.207000000000005,2.510125694063945
0.9,0.9,0.7,1e-07,1,1.2170000000000045,0.5285555789129477
0.9,0.9,0.7,1e-07,5,1.8300000000000054,0.9920987854039518
0.9,0.9,0.7,1e-07,10,2.2630000000000026,1.4983761210056716
0.9,0.9,0.7,1e-07,20,2.158000000000004,1.9954037185492073
0.9,1.0,0.3,1e-06,1,4.459000000000008,1.7911501891242965
0.9,1.0,0.3,1e-06,5,5.552000000000004,2.759908694141893
0.9,1.0,0.3,1e-06,10,4.7520000000000024,1.525521550159161
0.9,1.0,0.3,1e-06,20,4.755000000000007,1.5094220748352658
0.9,1.0,0.3,1e-07,1,4.027000000000003,1.7701556428743759
0.9,1.0,0.3,1e-07,5,4.9700000000000015,2.3853930493736244
0.9,1.0,0.3,1e-07,10,5.1630000000000065,2.4596688801544007
0.9,1.0,0.3,1e-07,20,5.159000000000003,2.5743696315797413
0.9,1.0,0.4,1e-06,1,3.226000000000006,1.1927799461761608
0.9,1.0,0.4,1e-06,5,3.146000000000001,1.3181820815046779
0.9,1.0,0.4,1e-06,10,4.327000000000001,2.3119452848196915
0.9,1.0,0.4,1e-06,20,4.042000000000003,2.69370302743268
0.9,1.0,0.4,1e-07,1,2.4420000000000015,1.0907777042092495
0.9,1.0,0.4,1e-07,5,3.6770000000000054,1.9234788795305229
0.9,1.0,0.4,1e-07,10,4.527000000000001,2.375266511362462
0.9,1.0,0.4,1e-07,20,3.575000000000004,2.0761972449649377
0.9,1.0,0.5,1e-06,1,2.116000000000004,0.7451603854204797
0.9,1.0,0.5,1e-06,5,2.1350000000000025,1.0401898865111157
0.9,1.0,0.5,1e-06,10,3.0380000000000025,1.5452106652492412
0.9,1.0,0.5,1e-06,20,2.0170000000000057,1.3496410633942624
0.9,1.0,0.5,1e-07,1,1.9500000000000057,1.0912286653126406
0.9,1.0,0.5,1e-07,5,2.412000000000005,2.1486963489520825
0.9,1.0,0.5,1e-07,10,2.7560000000000047,1.362036710224802
0.9,1.0,0.5,1e-07,20,1.9800000000000069,1.2936923900216792
0.9,1.0,0.6,1e-06,1,1.4020000000000024,0.5672354008698675
0.9,1.0,0.6,1e-06,5,1.2830000000000041,0.7091762827393464
0.9,1.0,0.6,1e-06,10,2.0450000000000044,1.4278777958915108
0.9,1.0,0.6,1e-06,20,1.6050000000000069,1.3826767518115013
0.9,1.0,0.6,1e-07,1,1.2040000000000006,0.5502581212485649
0.9,1.0,0.6,1e-07,5,1.1810000000000032,0.5164290851607778
0.9,1.0,0.6,1e-07,10,1.6970000000000027,1.0576629898034622
0.9,1.0,0.6,1e-07,20,1.5090000000000017,1.1545990646107387
0.9,1.0,0.7,1e-06,1,1.1890000000000014,0.5216310956988633
0.9,1.0,0.7,1e-06,5,1.1670000000000074,0.4939342061449108
0.9,1.0,0.7,1e-06,10,1.3820000000000037,0.8031413325187531
0.9,1.0,0.7,1e-06,20,1.494000000000004,1.394791740726908
0.9,1.0,0.7,1e-07,1,1.037000000000002,0.4387379627978415
0.9,1.0,0.7,1e-07,5,1.3240000000000065,0.7197388415251755
0.9,1.0,0.7,1e-07,10,1.4620000000000033,0.7694387564972262
0.9,1.0,0.7,1e-07,20,1.5340000000000074,1.1539168080932005
0.92,0.6,0.3,1e-06,1,7.492000000000004,2.1127366139677695
0.92,0.6,0.3,1e-06,5,8.956,1.9057135146710817
0.92,0.6,0.3,1e-06,10,9.179000000000006,1.8206534541202521
0.92,0.6,0.3,1e-06,20,8.943000000000007,1.3276788015178986
0.92,0.6,0.3,1e-07,1,8.001000000000007,1.8273311139473338
0.92,0.6,0.3,1e-07,5,10.008000000000003,1.720155806896577
0.92,0.6,0.3,1e-07,10,10.053000000000003,1.9569085313320083
0.92,0.6,0.3,1e-07,20,9.987000000000005,1.5022286776652884
0.92,0.6,0.4,1e-06,1,8.57,1.9027926844509364
0.92,0.6,0.4,1e-06,5,8.761000000000003,1.9132744183728598
0.92,0.6,0.4,1e-06,10,9.228000000000003,1.6119727044835468
0.92,0.6,0.4,1e-06,20,9.713000000000003,1.923936329507815
0.92,0.6,0.4,1e-07,1,8.064000000000005,2.39787072211994
0.92,0.6,0.4,1e-07,5,10.058000000000003,1.8742027638438692
0.92,0.6,0.4,1e-07,10,9.770000000000005,1.3814412763487296
0.92,0.6,0.4,1e-07,20,10.340000000000003,1.5677244655869862
0.92,0.6,0.5,1e-06,1,7.675000000000004,2.0498768255678184
0.92,0.6,0.5,1e-06,5,8.916000000000002,1.6984180875155577
0.92,0.6,0.5,1e-06,10,8.923000000000005,1.771985045083621
0.92,0.6,0.5,1e-06,20,9.057000000000002,1.8323239342430693
0.92,0.6,0.5,1e-07,1,8.033000000000005,2.227045352030354
0.92,0.6,0.5,1e-07,5,10.085000000000004,1.4449204130331887
0.92,0.6,0.5,1e-07,10,10.073000000000004,1.5759349605868893
0.92,0.6,0.5,1e-07,20,9.579000000000002,1.4333523642147452
0.92,0.6,0.6,1e-06,1,6.712000000000003,2.106023741556587
0.92,0.6,0.6,1e-06,5,8.843000000000007,1.8975592217372268
0.92,0.6,0.6,1e-06,10,8.765000000000006,1.6611306390528155
0.92,0.6,0.6,1e-06,20,9.085000000000004,1.1186040407579418
0.92,0.6,0.6,1e-07,1,5.857000000000004,1.9633163270344351
0.92,0.6,0.6,1e-07,5,9.154000000000003,1.8352122493052403
0.92,0.6,0.6,1e-07,10,9.847000000000005,2.0794160237912958
0.92,0.6,0.6,1e-07,20,9.60700000000001,1.8522880445546266
0.92,0.6,0.7,1e-06,1,5.233000000000004,1.5033332963784207
0.92,0.6,0.7,1e-06,5,7.3060000000000045,1.8485356366594607
0.92,0.6,0.7,1e-06,10,8.287000000000003,2.101487806293438
0.92,0.6,0.7,1e-06,20,8.124000000000006,1.6573303834781972
0.92,0.6,0.7,1e-07,1,4.248000000000005,1.4622913526380437
0.92,0.6,0.7,1e-07,5,8.383000000000003,2.2850406998563493
0.92,0.6,0.7,1e-07,10,8.810000000000004,1.7126996234016052
0.92,0.6,0.7,1e-07,20,8.367000000000006,2.018526938140782
0.92,0.7,0.3,1e-06,1,6.356000000000004,1.542849312149437
0.92,0.7,0.3,1e-06,5,7.949000000000003,1.675714474485436
0.92,0.7,0.3,1e-06,10,8.596000000000007,1.7831163730951496
0.92,0.7,0.3,1e-06,20,9.295000000000007,1.9849722919980557
0.92,0.7,0.3,1e-07,1,6.879000000000003,2.1894608925486625
0.92,0.7,0.3,1e-07,5,9.191000000000003,1.4111055949148548
0.92,0.7,0.3,1e-07,10,9.720000000000002,1.835374621160486
0.92,0.7,0.3,1e-07,20,9.886000000000003,1.5800012658222784
0.92,0.7,0.4,1e-06,1,5.909000000000009,1.9379006682490192
0.92,0.7,0.4,1e-06,5,8.566000000000003,2.175850178665802
0.92,0.7,0.4,1e-06,10,7.600000000000006,1.8443535452835529
0.92,0.7,0.4,1e-06,20,8.146,1.2038787314343595
0.92,0.7,0.4,1e-07,1,6.441000000000007,3.053905532265199
0.92,0.7,0.4,1e-07,5,9.490000000000004,1.8977091452590935
0.92,0.7,0.4,1e-07,10,9.191000000000006,2.0058561762997864
0.92,0.7,0.4,1e-07,20,8.508000000000006,1.9808927280395583
0.92,0.7,0.5,1e-06,1,6.708000000000007,2.1606332405107547
0.92,0.7,0.5,1e-06,5,7.883000000000005,2.2573637278914513
0.92,0.7,0.5,1e-06,10,6.915000000000006,2.34373953330996
0.92,0.7,0.5,1e-06,20,6.758000000000003,2.1105724341988377
0.92,0.7,0.5,1e-07,1,5.447000000000005,2.2240348468493014
0.92,0.7,0.5,1e-07,5,8.938000000000006,2.273401856249792
0.92,0.7,0.5,1e-07,10,7.563000000000007,2.53790681468016
0.92,0.7,0.5,1e-07,20,7.605000000000004,2.2924212091149414
0.92,0.7,0.6,1e-06,1,4.589000000000006,1.5895593729081035
0.92,0.7,0.6,1e-06,5,6.905000000000004,1.925428523731795
0.92,0.7,0.6,1e-06,10,6.677000000000007,2.5515977347536554
0.92,0.7,0.6,1e-06,20,6.145000000000003,2.154872386012683
0.92,0.7,0.6,1e-07,1,4.084000000000006,2.3127697680486916
0.92,0.7,0.6,1e-07,5,7.332000000000005,2.933403484009661
0.92,0.7,0.6,1e-07,10,6.718000000000006,2.797476720189109
0.92,0.7,0.6,1e-07,20,5.919000000000006,2.3175717896108425
0.92,0.7,0.7,1e-06,1,4.161000000000003,1.9251750569753379
0.92,0.7,0.7,1e-06,5,5.938000000000008,2.395419796194396
0.92,0.7,0.7,1e-06,10,6.168000000000004,2.2404678082936145
0.92,0.7,0.7,1e-06,20,5.661000000000003,2.3919571484455977
0.92,0.7,0.7,1e-07,1,2.7550000000000052,1.3387139350884485
0.92,0.7,0.7,1e-07,5,7.237000000000002,3.121610321612871
0.92,0.7,0.7,1e-07,10,5.5920000000000085,2.3821116682473127
0.92,0.7,0.7,1e-07,20,5.281000000000004,2.5403659185243397
0.92,0.8,0.3,1e-06,1,6.527000000000004,2.5351629138972527
0.92,0.8,0.3,1e-06,5,7.210000000000005,1.7687340105284342
0.92,0.8,0.3,1e-06,10,7.563000000000007,2.4254589256468537
0.92,0.8,0.3,1e-06,20,8.748000000000003,2.206802211345636
0.92,0.8,0.3,1e-07,1,5.499000000000004,2.564242383239153
0.92,0.8,0.3,1e-07,5,8.423000000000005,1.9337143015450857
0.92,0.8,0.3,1e-07,10,8.389000000000006,1.6445969111001073
0.92,0.8,0.3,1e-07,20,9.067000000000007,2.273352370399274
0.92,0.8,0.4,1e-06,1,5.473000000000004,2.2946309071395334
0.92,0.8,0.4,1e-06,5,6.6020000000000065,2.0930733384188924
0.92,0.8,0.4,1e-06,10,7.071000000000002,2.418606830388106
0.92,0.8,0.4,1e-06,20,6.423000000000004,2.244426652844776
0.92,0.8,0.4,1e-07,1,4.630000000000005,2.552046237825642
0.92,0.8,0.4,1e-07,5,7.346000000000002,2.8336485314872766
0.92,0.8,0.4,1e-07,10,8.048000000000004,2.9583535961747374
0.92,0.8,0.4,1e-07,20,7.090000000000006,2.7738096546086197
0.92,0.8,0.5,1e-06,1,4.499000000000004,2.010298236580828
0.92,0.8,0.5,1e-06,5,5.553000000000004,2.189660019272401
0.92,0.8,0.5,1e-06,10,5.660000000000006,2.686641025518668
0.92,0.8,0.5,1e-06,20,3.9980000000000047,2.053181920824357
0.92,0.8,0.5,1e-07,1,3.705000000000004,2.0375168710957974
0.92,0.8,0.5,1e-07,5,5.983000000000006,3.4137561424331397
0.92,0.8,0.5,1e-07,10,6.676000000000004,3.2716882492071284
0.92,0.8,0.5,1e-07,20,4.793000000000005,3.062771783858535
0.92,0.8,0.6,1e-06,1,3.5880000000000036,2.2328940861581428
0.92,0.8,0.6,1e-06,5,4.413000000000008,1.7813059815764405
0.92,0.8,0.6,1e-06,10,4.100000000000006,1.5442409138473165
0.92,0.8,0.6,1e-06,20,3.297000000000003,2.070306982068117
0.92,0.8,0.6,1e-07,1,2.7660000000000067,1.4553226446393264
0.92,0.8,0.6,1e-07,5,3.802000000000004,2.0307131752170235
0.92,0.8,0.6,1e-07,10,4.217000000000006,2.257275127227519
0.92,0.8,0.6,1e-07,20,3.2820000000000022,2.3035963188024065
0.92,0.8,0.7,1e-06,1,2.771000000000002,1.8112589544292121
0.92,0.8,0.7,1e-06,5,4.189000000000007,2.185099311244228
0.92,0.8,0.7,1e-06,10,4.303000000000007,2.044047700030509
0.92,0.8,0.7,1e-06,20,3.545000000000003,2.508496561687896
0.92,0.8,0.7,1e-07,1,1.993000000000005,1.2587338876823817
0.92,0.8,0.7,1e-07,5,4.189000000000007,2.1564922907351205
0.92,0.8,0.7,1e-07,10,3.7950000000000044,2.035592051468078
0.92,0.8,0.7,1e-07,20,2.981000000000003,2.3176408263576973
0.92,0.9,0.3,1e-06,1,4.969000000000006,1.7900444128568433
0.92,0.9,0.3,1e-06,5,6.300000000000004,1.8025870297991173
0.92,0.9,0.3,1e-06,10,6.815000000000005,2.7476599134536297
0.92,0.9,0.3,1e-06,20,6.731000000000003,2.409576518809895
0.92,0.9,0.3,1e-07,1,4.368000000000002,2.3865573531763284
0.92,0.9,0.3,1e-07,5,6.477000000000001,2.5537053471377646
0.92,0.9,0.3,1e-07,10,6.866000000000001,2.3180258842385664
0.92,0.9,0.3,1e-07,20,7.451000000000006,2.4786405548203243
0.92,0.9,0.4,1e-06,1,3.9360000000000057,1.3741557408096072
0.92,0.9,0.4,1e-06,5,4.188000000000004,1.712558320174821
0.92,0.9,0.4,1e-06,10,5.962000000000005,2.665152153255046
0.92,0.9,0.4,1e-06,20,5.3490000000000055,2.7613292089137063
0.92,0.9,0.4,1e-07,1,3.0930000000000035,1.5516349441798483
0.92,0.9,0.4,1e-07,5,4.665000000000008,2.2863759533375085
0.92,0.9,0.4,1e-07,10,5.892000000000006,2.6345048870708103
0.92,0.9,0.4,1e-07,20,5.4250000000000025,2.952028963272547
0.92,0.9,0.5,1e-06,1,3.0480000000000063,1.2993598423839303
0.92,0.9,0.5,1e-06,5,3.1930000000000063,1.5796743335257455
0.92,0.9,0.5,1e-06,10,4.118000000000004,1.9164435812201737
0.92,0.9,0.5,1e-06,20,2.822000000000004,2.1171008478577495
0.92,0.9,0.5,1e-07,1,2.785000000000005,2.1365942525430497
0.92,0.9,0.5,1e-07,5,3.2700000000000045,2.5618547968220207
0.92,0.9,0.5,1e-07,10,4.0540000000000065,2.2197756643408817
0.92,0.9,0.5,1e-07,20,3.3840000000000074,2.8277453916503874
0.92,0.9,0.6,1e-06,1,2.332000000000005,1.2376493849228847
0.92,0.9,0.6,1e-06,5,2.552000000000004,1.5155381882354544
0.92,0.9,0.6,1e-06,10,2.8710000000000035,1.4737092657644513
0.92,0.9,0.6,1e-06,20,2.4930000000000048,2.63796341900338
0.92,0.9,0.6,1e-07,1,1.628000000000003,0.6936973403437555
0.92,0.9,0.6,1e-07,5,2.076000000000002,1.0931166451939174
0.92,0.9,0.6,1e-07,10,2.841000000000001,1.8441309606424356
0.92,0.9,0.6,1e-07,20,2.340000000000002,2.135724701360176
0.92,0.9,0.7,1e-06,1,1.628000000000003,1.0325192492152373
0.92,0.9,0.7,1e-06,5,2.042000000000006,0.9355404854948822
0.92,0.9,0.7,1e-06,10,2.1970000000000014,1.6723429672169503
0.92,0.9,0.7,1e-06,20,2.259000000000005,2.420929366999378
0.92,0.9,0.7,1e-07,1,1.2550000000000054,0.520879064658967
0.92,0.9,0.7,1e-07,5,1.8720000000000057,1.1674998929336162
0.92,0.9,0.7,1e-07,10,2.287000000000005,1.604709007888968
0.92,0.9,0.7,1e-07,20,2.4600000000000053,2.6804104163355307
0.92,1.0,0.3,1e-06,1,4.357000000000002,1.42666429127528
0.92,1.0,0.3,1e-06,5,5.333000000000003,2.283324549861453
0.92,1.0,0.3,1e-06,10,4.8780000000000046,2.2998339070463354
0.92,1.0,0.3,1e-06,20,5.255000000000004,1.9445397913131008
0.92,1.0,0.3,1e-07,1,4.106000000000006,1.9608171765873545
0.92,1.0,0.3,1e-07,5,5.233000000000004,2.6526611166901826
0.92,1.0,0.3,1e-07,10,4.993000000000005,2.286904239359401
0.92,1.0,0.3,1e-07,20,5.193000000000007,2.700950018049208
0.92,1.0,0.4,1e-06,1,3.1300000000000097,1.5257326109118847
0.92,1.0,0.4,1e-06,5,3.360000000000002,1.4916165727156576
0.92,1.0,0.4,1e-06,10,4.814000000000007,2.479234559294461
0.92,1.0,0.4,1e-06,20,3.8280000000000043,2.268994490958494
0.92,1.0,0.4,1e-07,1,2.1500000000000057,0.7454260526705523
0.92,1.0,0.4,1e-07,5,3.6540000000000035,1.9018317486044882
0.92,1.0,0.4,1e-07,10,4.418000000000008,2.1809530027031756
0.92,1.0,0.4,1e-07,20,3.585000000000002,2.279656772411145
0.92,1.0,0.5,1e-06,1,2.1380000000000052,1.0124208611047067
0.92,1.0,0.5,1e-06,5,2.2710000000000035,1.4411172748947232
0.92,1.0,0.5,1e-06,10,3.3290000000000033,1.705748809174435
0.92,1.0,0.5,1e-06,20,2.032000000000001,1.3097999847304924
0.92,1.0,0.5,1e-07,1,2.050000000000007,1.4566742944117568
0.92,1.0,0.5,1e-07,5,2.1690000000000027,1.4498617175441288
0.92,1.0,0.5,1e-07,10,2.8580000000000028,1.428872282606111
0.92,1.0,0.5,1e-07,20,1.996000000000005,1.2285536211334067
0.92,1.0,0.6,1e-06,1,1.3510000000000033,0.5792918090220142
0.92,1.0,0.6,1e-06,5,1.444000000000004,0.778321270427578
0.92,1.0,0.6,1e-06,10,2.1660000000000026,1.3125258092700516
0.92,1.0,0.6,1e-06,20,1.6300000000000054,1.351421473856327
0.92,1.0,0.6,1e-07,1,1.1680000000000106,0.541050829405148
0.92,1.0,0.6,1e-07,5,1.2660000000000053,0.6469652231766411
0.92,1.0,0.6,1e-07,10,1.8220000000000056,1.1133534928314532
0.92,1.0,0.6,1e-07,20,1.4690000000000054,1.1102517732478534
0.92,1.0,0.7,1e-06,1,1.078000000000003,0.4942833195648027
0.92,1.0,0.7,1e-06,5,1.1350000000000051,0.4233143040342469
0.92,1.0,0.7,1e-06,10,1.5660000000000054,1.3695707356686606
0.92,1.0,0.7,1e-06,20,1.4860000000000042,1.3915760848764258
0.92,1.0,0.7,1e-07,1,0.9860000000000056,0.3977486643597949
0.92,1.0,0.7,1e-07,5,1.1570000000000065,0.6091723893940044
0.92,1.0,0.7,1e-07,10,1.2450000000000045,0.5519012592846693
0.92,1.0,0.7,1e-07,20,1.628000000000003,1.3365388135029965
0.95,0.6,0.3,1e-06,1,7.158000000000007,1.8185917628758805
0.95,0.6,0.3,1e-06,5,8.373000000000005,2.0445955590287292
0.95,0.6,0.3,1e-06,10,8.439000000000005,1.9491585363946156
0.95,0.6,0.3,1e-06,20,8.564000000000004,1.6137856115358085
0.95,0.6,0.3,1e-07,1,7.018000000000008,2.0656901994248775
0.95,0.6,0.3,1e-07,5,9.605000000000004,1.6832929038049202
0.95,0.6,0.3,1e-07,10,9.376000000000007,1.2074369548759045
0.95,0.6,0.3,1e-07,20,9.197000000000006,1.4829871880768204
0.95,0.6,0.4,1e-06,1,8.063000000000004,1.8958509962547152
0.95,0.6,0.4,1e-06,5,8.706000000000007,1.5783801823388415
0.95,0.6,0.4,1e-06,10,9.090000000000003,1.9914667961078352
0.95,0.6,0.4,1e-06,20,8.959000000000001,1.3421695123940194
0.95,0.6,0.4,1e-07,1,7.489000000000002,2.2276038696321208
0.95,0.6,0.4,1e-07,5,10.088000000000005,1.402047074815962
0.95,0.6,0.4,1e-07,10,10.027000000000005,2.4655325996627995
0.95,0.6,0.4,1e-07,20,9.605000000000006,1.096209377810644
0.95,0.6,0.5,1e-06,1,6.908000000000001,1.74763154011365
0.95,0.6,0.5,1e-06,5,9.758000000000004,1.2291444178777347
0.95,0.6,0.5,1e-06,10,8.743000000000004,1.554159258248654
0.95,0.6,0.5,1e-06,20,8.277000000000005,1.926761791192676
0.95,0.6,0.5,1e-07,1,6.713000000000004,1.8772029725098973
0.95,0.6,0.5,1e-07,5,10.039000000000005,1.046469779783438
0.95,0.6,0.5,1e-07,10,9.907000000000002,1.3135794608625717
0.95,0.6,0.5,1e-07,20,9.688,2.0577405084217952
0.95,0.6,0.6,1e-06,1,5.763000000000005,1.3965138739017235
0.95,0.6,0.6,1e-06,5,9.340000000000005,2.2824811061649575
0.95,0.6,0.6,1e-06,10,9.083000000000002,1.4153483670107538
0.95,0.6,0.6,1e-06,20,8.155000000000005,1.5602163311541142
0.95,0.6,0.6,1e-07,1,5.132000000000005,1.3975607321329546
0.95,0.6,0.6,1e-07,5,9.236000000000004,1.847112340925692
0.95,0.6,0.6,1e-07,10,9.581000000000007,1.8220370468242384
0.95,0.6,0.6,1e-07,20,9.665000000000003,1.7284313697685545
0.95,0.6,0.7,1e-06,1,5.069000000000005,1.9930727533133317
0.95,0.6,0.7,1e-06,5,7.469000000000004,2.176533712121179
0.95,0.6,0.7,1e-06,10,8.104000000000006,1.9653762998469297
0.95,0.6,0.7,1e-06,20,7.7070000000000025,2.087125056147809
0.95,0.6,0.7,1e-07,1,3.837000000000006,1.4443306408160168
0.95,0.6,0.7,1e-07,5,8.206000000000007,2.7485057758716835
0.95,0.6,0.7,1e-07,10,8.428000000000003,2.1121401468652574
0.95,0.6,0.7,1e-07,20,8.960000000000003,1.8060786250880676
0.95,0.7,0.3,1e-06,1,7.151000000000005,2.047822990397359
0.95,0.7,0.3,1e-06,5,8.292000000000002,2.392800869274329
0.95,0.7,0.3,1e-06,10,8.196000000000003,2.1164366279196734
0.95,0.7,0.3,1e-06,20,9.239000000000004,1.69898175387495
0.95,0.7,0.3,1e-07,1,6.290000000000002,2.2303856168833267
0.95,0.7,0.3,1e-07,5,8.958000000000002,1.127366843578434
0.95,0.7,0.3,1e-07,10,9.320000000000006,1.6370583373844705
0.95,0.7,0.3,1e-07,20,9.489000000000004,2.182773236046291
0.95,0.7,0.4,1e-06,1,7.0990000000000055,2.3429167718892607
0.95,0.7,0.4,1e-06,5,8.272000000000002,2.2884877102575856
0.95,0.7,0.4,1e-06,10,7.140000000000005,1.840597729000012
0.95,0.7,0.4,1e-06,20,8.031000000000006,1.5917220234701759
0.95,0.7,0.4,1e-07,1,5.923000000000004,2.419762591660598
0.95,0.7,0.4,1e-07,5,9.382000000000003,2.180531127959425
0.95,0.7,0.4,1e-07,10,8.495000000000001,2.15103579700571
0.95,0.7,0.4,1e-07,20,8.482000000000003,1.8762185373777778
0.95,0.7,0.5,1e-06,1,5.842000000000001,1.9627623391536735
0.95,0.7,0.5,1e-06,5,8.092000000000004,1.8902423125091639
0.95,0.7,0.5,1e-06,10,7.282000000000008,2.0642567669744976
0.95,0.7,0.5,1e-06,20,6.719000000000001,1.6682862464217598
0.95,0.7,0.5,1e-07,1,4.637000000000003,2.361738977956709
0.95,0.7,0.5,1e-07,5,8.666000000000004,2.1624994797687216
0.95,0.7,0.5,1e-07,10,7.619000000000005,2.738514013110029
0.95,0.7,0.5,1e-07,20,8.125000000000004,2.6372627855411026
0.95,0.7,0.6,1e-06,1,4.549000000000004,1.79260118263935
0.95,0.7,0.6,1e-06,5,6.536000000000004,2.5118009475274903
0.95,0.7,0.6,1e-06,10,7.104000000000008,2.2579689989014464
0.95,0.7,0.6,1e-06,20,6.243000000000005,1.8934230905954423
0.95,0.7,0.6,1e-07,1,3.4440000000000013,2.016874810195219
0.95,0.7,0.6,1e-07,5,6.817000000000005,2.636272178664409
0.95,0.7,0.6,1e-07,10,7.005000000000004,2.783730410797711
0.95,0.7,0.6,1e-07,20,6.097000000000001,2.324885158454068
0.95,0.7,0.7,1e-06,1,3.488000000000002,1.6375151907692338
0.95,0.7,0.7,1e-06,5,5.382000000000003,1.5946146870012203
0.95,0.7,0.7,1e-06,10,5.486000000000006,1.8298098261841294
0.95,0.7,0.7,1e-06,20,5.900000000000003,2.41215256565583
0.95,0.7,0.7,1e-07,1,2.447000000000007,1.1821721532839484
0.95,0.7,0.7,1e-07,5,6.706000000000005,3.1238316215827036
0.95,0.7,0.7,1e-07,10,5.221000000000004,2.099252009645342
0.95,0.7,0.7,1e-07,20,5.606000000000006,2.5453966292112473
0.95,0.8,0.3,1e-06,1,6.1120000000000045,2.0514814159528743
0.95,0.8,0.3,1e-06,5,7.504000000000003,2.30638765171859
0.95,0.8,0.3,1e-06,10,7.116000000000005,1.886548170601536
0.95,0.8,0.3,1e-06,20,8.484000000000005,2.5820813310196145
0.95,0.8,0.3,1e-07,1,5.094000000000006,1.8958175017653989
0.95,0.8,0.3,1e-07,5,8.138000000000002,2.2285322524029128
0.95,0.8,0.3,1e-07,10,7.996000000000004,1.813467397004979
0.95,0.8,0.3,1e-07,20,8.565000000000003,1.9193944357531123
0.95,0.8,0.4,1e-06,1,5.2770000000000055,2.6944630262818627
0.95,0.8,0.4,1e-06,5,6.570000000000005,1.9651208614230302
0.95,0.8,0.4,1e-06,10,7.524000000000005,2.790108241627912
0.95,0.8,0.4,1e-06,20,6.427000000000004,2.020576897819035
0.95,0.8,0.4,1e-07,1,4.949000000000005,2.5700698434089295
0.95,0.8,0.4,1e-07,5,6.966000000000003,2.5031028744340493
0.95,0.8,0.4,1e-07,10,8.038000000000004,3.172726902839258
0.95,0.8,0.4,1e-07,20,7.349000000000004,3.0481566560792115
0.95,0.8,0.5,1e-06,1,4.061000000000005,1.6200799362994407
0.95,0.8,0.5,1e-06,5,6.016000000000005,2.3123286963578518
0.95,0.8,0.5,1e-06,10,5.528000000000008,2.06260417918708
0.95,0.8,0.5,1e-06,20,4.5030000000000046,2.0653258822762077
0.95,0.8,0.5,1e-07,1,3.5370000000000035,2.8933045121452383
0.95,0.8,0.5,1e-07,5,5.784000000000006,2.8647973750337052
0.95,0.8,0.5,1e-07,10,5.998000000000002,3.32117991081483
0.95,0.8,0.5,1e-07,20,5.303000000000004,2.872533898842623
0.95,0.8,0.6,1e-06,1,3.3750000000000027,2.313921995228019
0.95,0.8,0.6,1e-06,5,4.509000000000003,1.6780163884777755
0.95,0.8,0.6,1e-06,10,4.552000000000009,1.8951981426753253
0.95,0.8,0.6,1e-06,20,3.6610000000000014,2.127303222392143
0.95,0.8,0.6,1e-07,1,2.446000000000005,1.592671968736815
0.95,0.8,0.6,1e-07,5,3.8330000000000055,2.135155966200129
0.95,0.8,0.6,1e-07,10,4.726000000000004,2.6468252681278366
0.95,0.8,0.6,1e-07,20,3.695000000000006,2.8579284455703244
0.95,0.8,0.7,1e-06,1,2.488000000000004,1.4525205678406043
0.95,0.8,0.7,1e-06,5,4.250000000000004,1.9833355742284249
0.95,0.8,0.7,1e-06,10,3.9070000000000022,1.34316454688173
0.95,0.8,0.7,1e-06,20,3.504000000000006,2.2762214303533814
0.95,0.8,0.7,1e-07,1,1.7490000000000037,0.8235890965766826
0.95,0.8,0.7,1e-07,5,3.885000000000005,1.5720543883721085
0.95,0.8,0.7,1e-07,10,3.8510000000000075,2.119664831995851
0.95,0.8,0.7,1e-07,20,2.822000000000007,1.9953536027481482
0.95,0.9,0.3,1e-06,1,4.888000000000007,2.189167878441486
0.95,0.9,0.3,1e-06,5,6.382000000000003,2.1174692441686114
0.95,0.9,0.3,1e-06,10,7.084000000000005,2.7102368900153375
0.95,0.9,0.3,1e-06,20,6.692000000000005,1.9939849548078346
0.95,0.9,0.3,1e-07,1,3.8540000000000063,2.592929617247639
0.95,0.9,0.3,1e-07,5,6.386000000000005,2.7160125183805763
0.95,0.9,0.3,1e-07,10,6.947000000000008,2.5667900186809214
0.95,0.9,0.3,1e-07,20,6.9050000000000065,2.423492314821735
0.95,0.9,0.4,1e-06,1,3.3590000000000044,1.2517903179047163
0.95,0.9,0.4,1e-06,5,4.388000000000008,1.8960000000000026
0.95,0.9,0.4,1e-06,10,6.265000000000003,3.067604113962554
0.95,0.9,0.4,1e-06,20,5.1620000000000035,2.2552596302865
0.95,0.9,0.4,1e-07,1,2.852000000000005,1.5740571781228268
0.95,0.9,0.4,1e-07,5,4.622000000000002,2.4196603067372915
0.95,0.9,0.4,1e-07,10,5.605000000000006,2.4038541969096188
0.95,0.9,0.4,1e-07,20,5.188000000000002,2.6313601045846986
0.95,0.9,0.5,1e-06,1,3.3880000000000026,1.8426111906748008
0.95,0.9,0.5,1e-06,5,3.2970000000000055,1.6583760128511285
0.95,0.9,0.5,1e-06,10,4.311000000000003,2.192828994700682
0.95,0.9,0.5,1e-06,20,3.1680000000000037,2.410994815423707
0.95,0.9,0.5,1e-07,1,2.7810000000000032,1.9856432207221928
0.95,0.9,0.5,1e-07,5,3.4650000000000047,2.5497990116869995
0.95,0.9,0.5,1e-07,10,4.962000000000003,2.8877804625698253
0.95,0.9,0.5,1e-07,20,3.296000000000005,2.390310440089319
0.95,0.9,0.6,1e-06,1,2.1270000000000038,1.1299783183760639
0.95,0.9,0.6,1e-06,5,2.587000000000002,1.431660225053416
0.95,0.9,0.6,1e-06,10,3.1060000000000043,1.5843497088711178
0.95,0.9,0.6,1e-06,20,2.457000000000002,1.9701601457749556
0.95,0.9,0.6,1e-07,1,1.6150000000000033,0.5751825797083903
0.95,0.9,0.6,1e-07,5,2.0750000000000073,1.1851392323267298
0.95,0.9,0.6,1e-07,10,2.8010000000000033,1.6194749149029766
0.95,0.9,0.6,1e-07,20,2.6850000000000067,2.4116954617032422
0.95,0.9,0.7,1e-06,1,1.6340000000000074,1.0749158106568182
0.95,0.9,0.7,1e-06,5,2.347,1.4220446547137693
0.95,0.9,0.7,1e-06,10,2.553000000000007,2.169509391544548
0.95,0.9,0.7,1e-06,20,2.0970000000000026,1.8557292367153155
0.95,0.9,0.7,1e-07,1,1.2230000000000032,0.49320482560493834
0.95,0.9,0.7,1e-07,5,1.907000000000005,1.005172124563747
0.95,0.9,0.7,1e-07,10,2.1300000000000012,1.367720731728522
0.95,0.9,0.7,1e-07,20,2.634000000000006,2.3900301253331495
0.95,1.0,0.3,1e-06,1,4.549000000000008,2.203946233463962
0.95,1.0,0.3,1e-06,5,5.166000000000004,1.8789688661603745
0.95,1.0,0.3,1e-06,10,5.569000000000007,2.4337253337219478
0.95,1.0,0.3,1e-06,20,4.941000000000004,1.6728475722551672
0.95,1.0,0.3,1e-07,1,3.471000000000005,1.366432947495048
0.95,1.0,0.3,1e-07,5,4.7200000000000015,1.9581011209843042
0.95,1.0,0.3,1e-07,10,5.187000000000005,2.069427698664535
0.95,1.0,0.3,1e-07,20,5.062000000000005,2.509851788452857
0.95,1.0,0.4,1e-06,1,2.563000000000007,0.7954941860252679
0.95,1.0,0.4,1e-06,5,3.3580000000000028,1.8465741252384091
0.95,1.0,0.4,1e-06,10,4.827000000000003,1.9568063266455338
0.95,1.0,0.4,1e-06,20,4.0850000000000035,2.280770703073854
0.95,1.0,0.4,1e-07,1,1.8550000000000026,0.43330705048498347
0.95,1.0,0.4,1e-07,5,3.472000000000004,1.8952403541503675
0.95,1.0,0.4,1e-07,10,4.287000000000009,2.176945336934304
0.95,1.0,0.4,1e-07,20,3.6989999999999994,2.1149040167345663
0.95,1.0,0.5,1e-06,1,2.384000000000005,1.2052651160636811
0.95,1.0,0.5,1e-06,5,2.1930000000000063,1.2700909416258341
0.95,1.0,0.5,1e-06,10,3.0040000000000036,1.813191661132382
0.95,1.0,0.5,1e-06,20,2.104000000000002,1.283566905151423
0.95,1.0,0.5,1e-07,1,1.7510000000000034,0.9472164483369147
0.95,1.0,0.5,1e-07,5,2.1730000000000045,1.416803091470374
0.95,1.0,0.5,1e-07,10,3.1880000000000024,1.9410450793322622
0.95,1.0,0.5,1e-07,20,2.2090000000000076,1.6751176078114642
0.95,1.0,0.6,1e-06,1,1.248000000000006,0.5598356901806067
0.95,1.0,0.6,1e-06,5,1.4680000000000049,0.8045222184626133
0.95,1.0,0.6,1e-06,10,1.9720000000000013,1.0603471129776363
0.95,1.0,0.6,1e-06,20,1.7850000000000037,1.3608802298512537
0.95,1.0,0.6,1e-07,1,0.9880000000000024,0.42999534881205437
0.95,1.0,0.6,1e-07,5,1.4660000000000024,1.011001483678434
0.95,1.0,0.6,1e-07,10,1.5690000000000084,0.6984690401155932
0.95,1.0,0.6,1e-07,20,1.4770000000000025,1.1200049107035188
0.95,1.0,0.7,1e-06,1,1.0730000000000004,0.5521331361184548
0.95,1.0,0.7,1e-06,5,1.1250000000000029,0.44667101987928426
0.95,1.0,0.7,1e-06,10,1.6430000000000065,1.1634650832749545
0.95,1.0,0.7,1e-06,20,1.5940000000000054,1.4395429830331534
0.95,1.0,0.7,1e-07,1,1.0260000000000047,0.529607401760967
0.95,1.0,0.7,1e-07,5,1.0910000000000024,0.537232724245278
0.95,1.0,0.7,1e-07,10,1.2740000000000038,0.6291295574045159
0.95,1.0,0.7,1e-07,20,1.6540000000000064,1.3588244919782713
0.98,0.6,0.3,1e-06,1,7.135000000000003,2.1827494130110328
0.98,0.6,0.3,1e-06,5,8.002000000000006,2.2858687626370826
0.98,0.6,0.3,1e-06,10,8.246000000000006,1.7950164344651587
0.98,0.6,0.3,1e-06,20,7.834000000000005,1.575006031734483
0.98,0.6,0.3,1e-07,1,6.648000000000003,2.503344962245516
0.98,0.6,0.3,1e-07,5,8.827000000000004,1.3397204932373028
0.98,0.6,0.3,1e-07,10,9.088000000000005,1.7995932873846816
0.98,0.6,0.3,1e-07,20,9.057000000000006,1.6940280399096135
0.98,0.6,0.4,1e-06,1,7.1430000000000025,1.7754917628645903
0.98,0.6,0.4,1e-06,5,8.431000000000003,1.8822908914405327
0.98,0.6,0.4,1e-06,10,8.482000000000005,1.3963366356290998
0.98,0.6,0.4,1e-06,20,8.483,1.4193840213275637
0.98,0.6,0.4,1e-07,1,6.783000000000006,1.7833033953873347
0.98,0.6,0.4,1e-07,5,9.124000000000004,1.877792320785239
0.98,0.6,0.4,1e-07,10,8.898000000000007,1.278544484951539
0.98,0.6,0.4,1e-07,20,9.620000000000005,1.8163149506624698
0.98,0.6,0.5,1e-06,1,6.636000000000003,1.897457245895149
0.98,0.6,0.5,1e-06,5,9.377000000000002,1.3663861094141718
0.98,0.6,0.5,1e-06,10,9.025000000000002,1.176195136871429
0.98,0.6,0.5,1e-06,20,8.065000000000005,1.7830745918216673
0.98,0.6,0.5,1e-07,1,6.677000000000004,1.9360710214245762
0.98,0.6,0.5,1e-07,5,9.668000000000005,1.5552157406610818
0.98,0.6,0.5,1e-07,10,9.752000000000002,1.5412644159909719
0.98,0.6,0.5,1e-07,20,9.305000000000003,1.577477416637081
0.98,0.6,0.6,1e-06,1,5.934000000000005,1.9377213421955168
0.98,0.6,0.6,1e-06,5,9.168000000000003,1.8349103520335828
0.98,0.6,0.6,1e-06,10,8.933000000000003,1.6203737223245775
0.98,0.6,0.6,1e-06,20,8.893000000000004,1.6196947243230777
0.98,0.6,0.6,1e-07,1,4.972000000000006,1.311996951215967
0.98,0.6,0.6,1e-07,5,8.989000000000003,2.222822305088736
0.98,0.6,0.6,1e-07,10,9.710000000000004,1.5826749508348172
0.98,0.6,0.6,1e-07,20,9.246000000000006,2.256963446757612
0.98,0.6,0.7,1e-06,1,4.677000000000004,1.806469208151639
0.98,0.6,0.7,1e-06,5,7.880000000000004,2.3017210951807354
0.98,0.6,0.7,1e-06,10,7.750000000000004,1.8434695549425295
0.98,0.6,0.7,1e-06,20,7.991000000000005,2.2363763100158285
0.98,0.6,0.7,1e-07,1,3.520000000000002,1.9295284398007708
0.98,0.6,0.7,1e-07,5,8.080000000000002,2.933980231698914
0.98,0.6,0.7,1e-07,10,8.954000000000004,2.389419176285315
0.98,0.6,0.7,1e-07,20,8.771,2.397035460730606
0.98,0.7,0.3,1e-06,1,6.804000000000007,2.127605226539926
0.98,0.7,0.3,1e-06,5,7.639000000000005,1.970243385980524
0.98,0.7,0.3,1e-06,10,8.047,2.125646019449143
0.98,0.7,0.3,1e-06,20,8.574000000000003,1.854832607002585
0.98,0.7,0.3,1e-07,1,5.996000000000004,1.411730852535283
0.98,0.7,0.3,1e-07,5,8.928000000000003,1.916876626181248
0.98,0.7,0.3,1e-07,10,9.987000000000005,2.4345206920459748
0.98,0.7,0.3,1e-07,20,8.479000000000005,1.6704188097599935
0.98,0.7,0.4,1e-06,1,6.7390000000000025,2.956785247528129
0.98,0.7,0.4,1e-06,5,7.315000000000003,1.8193501587105188
0.98,0.7,0.4,1e-06,10,7.664000000000006,1.9489853770616141
0.98,0.7,0.4,1e-06,20,8.370000000000001,1.8828860825870475
0.98,0.7,0.4,1e-07,1,6.2260000000000035,2.4468518549352307
0.98,0.7,0.4,1e-07,5,8.889000000000003,1.625601119586227
0.98,0.7,0.4,1e-07,10,8.652000000000006,1.99070238860559
0.98,0.7,0.4,1e-07,20,8.605000000000006,1.7682745827500852
0.98,0.7,0.5,1e-06,1,5.681,2.210216957676326
0.98,0.7,0.5,1e-06,5,8.292000000000007,2.107931687697682
0.98,0.7,0.5,1e-06,10,7.892000000000005,2.1288626071214627
0.98,0.7,0.5,1e-06,20,7.174000000000002,1.99566630477142
0.98,0.7,0.5,1e-07,1,4.1990000000000025,1.518953258003685
0.98,0.7,0.5,1e-07,5,7.883000000000005,2.0707513129296835
0.98,0.7,0.5,1e-07,10,8.496000000000006,3.188464207106617
0.98,0.7,0.5,1e-07,20,8.076000000000004,2.9739441823948196
0.98,0.7,0.6,1e-06,1,4.090000000000005,1.6432102726066447
0.98,0.7,0.6,1e-06,5,6.104000000000002,1.9194957671221902
0.98,0.7,0.6,1e-06,10,6.999000000000004,2.340422825046791
0.98,0.7,0.6,1e-06,20,6.591000000000006,1.8889941768041514
0.98,0.7,0.6,1e-07,1,3.349000000000005,1.551946841873134
0.98,0.7,0.6,1e-07,5,6.7020000000000035,2.8188004540939047
0.98,0.7,0.6,1e-07,10,7.070000000000003,2.7645650652498674
0.98,0.7,0.6,1e-07,20,6.768000000000005,2.6553297347033977
0.98,0.7,0.7,1e-06,1,3.0010000000000034,1.6562062069682
0.98,0.7,0.7,1e-06,5,5.368000000000002,2.3554226796904176
0.98,0.7,0.7,1e-06,10,5.777000000000004,2.128410439741359
0.98,0.7,0.7,1e-06,20,5.871000000000002,2.0996425886326437
0.98,0.7,0.7,1e-07,1,2.255000000000004,1.238384027674777
0.98,0.7,0.7,1e-07,5,5.680000000000004,2.6521463006402946
0.98,0.7,0.7,1e-07,10,5.511000000000001,2.413118107345764
0.98,0.7,0.7,1e-07,20,5.861000000000004,3.514447182701715
0.98,0.8,0.3,1e-06,1,5.634000000000003,1.8950155672183786
0.98,0.8,0.3,1e-06,5,7.438000000000005,2.133906277229627
0.98,0.8,0.3,1e-06,10,7.918000000000004,2.7144863234136936
0.98,0.8,0.3,1e-06,20,8.172000000000002,2.414360370781461
0.98,0.8,0.3,1e-07,1,4.7290000000000045,1.7199357546141099
0.98,0.8,0.3,1e-07,5,7.666000000000002,2.3856328300893255
0.98,0.8,0.3,1e-07,10,7.706000000000005,1.9247243958551563
0.98,0.8,0.3,1e-07,20,7.726000000000002,2.196489016589882
0.98,0.8,0.4,1e-06,1,4.622000000000007,1.7197313743721725
0.98,0.8,0.4,1e-06,5,6.922000000000006,2.493615046473695
0.98,0.8,0.4,1e-06,10,7.428000000000006,2.6891961624247482
0.98,0.8,0.4,1e-06,20,6.700000000000003,1.7947590367511714
0.98,0.8,0.4,1e-07,1,4.046000000000002,1.6270230483923682
0.98,0.8,0.4,1e-07,5,7.725000000000003,2.521062276105054
0.98,0.8,0.4,1e-07,10,6.756000000000006,2.4221445043597236
0.98,0.8,0.4,1e-07,20,7.310000000000005,2.486519656065482
0.98,0.8,0.5,1e-06,1,4.225000000000004,2.3504542114238265
0.98,0.8,0.5,1e-06,5,5.973000000000004,2.461562715024747
0.98,0.8,0.5,1e-06,10,5.700000000000007,2.1409997664642586
0.98,0.8,0.5,1e-06,20,5.418000000000004,2.645501086750866
0.98,0.8,0.5,1e-07,1,3.174000000000002,1.6368640749921783
0.98,0.8,0.5,1e-07,5,5.824000000000003,3.161041600485511
0.98,0.8,0.5,1e-07,10,5.8220000000000045,3.155033438808533
0.98,0.8,0.5,1e-07,20,4.923000000000002,2.738293446656146
0.98,0.8,0.6,1e-06,1,2.945000000000003,1.4724656192930254
0.98,0.8,0.6,1e-06,5,4.568000000000003,2.2037549773057794
0.98,0.8,0.6,1e-06,10,4.796000000000005,2.395008141948583
0.98,0.8,0.6,1e-06,20,4.199000000000005,2.307513596926354
0.98,0.8,0.6,1e-07,1,2.3820000000000037,1.277120197945363
0.98,0.8,0.6,1e-07,5,3.7900000000000063,2.3489614726512618
0.98,0.8,0.6,1e-07,10,4.358000000000006,2.6916827450500165
0.98,0.8,0.6,1e-07,20,3.7990000000000066,2.8504489120136864
0.98,0.8,0.7,1e-06,1,2.1760000000000033,1.2667691186636962
0.98,0.8,0.7,1e-06,5,4.845000000000008,2.9512429584837623
0.98,0.8,0.7,1e-06,10,4.126000000000005,1.443372439808933
0.98,0.8,0.7,1e-06,20,3.3829999999999982,1.7746241855671863
0.98,0.8,0.7,1e-07,1,1.8040000000000007,1.1789927904783803
0.98,0.8,0.7,1e-07,5,3.801000000000002,1.9008784811239265
0.98,0.8,0.7,1e-07,10,3.545000000000003,1.4342785642963496
0.98,0.8,0.7,1e-07,20,2.386000000000004,1.4577119056933028
0.98,0.9,0.3,1e-06,1,4.587000000000005,2.148751032576834
0.98,0.9,0.3,1e-06,5,6.2290000000000045,2.0175477689512085
0.98,0.9,0.3,1e-06,10,6.567000000000003,2.4417721023879353
0.98,0.9,0.3,1e-06,20,6.751000000000003,2.2331544953271827
0.98,0.9,0.3,1e-07,1,3.681000000000007,2.2670110277632114
0.98,0.9,0.3,1e-07,5,6.240000000000004,2.486290409425255
0.98,0.9,0.3,1e-07,10,6.302000000000002,1.9522899374836722
0.98,0.9,0.3,1e-07,20,6.8170000000000055,2.687476697573395
0.98,0.9,0.4,1e-06,1,3.3080000000000043,1.3139467264695321
0.98,0.9,0.4,1e-06,5,4.516000000000004,1.9624128006105155
0.98,0.9,0.4,1e-06,10,5.691000000000004,2.6077229530761117
0.98,0.9,0.4,1e-06,20,5.260000000000007,1.8595053105597739
0.98,0.9,0.4,1e-07,1,2.901000000000006,1.2055948739107998
0.98,0.9,0.4,1e-07,5,4.751000000000003,1.8835867381142812
0.98,0.9,0.4,1e-07,10,5.174000000000004,2.559617940240299
0.98,0.9,0.4,1e-07,20,5.131000000000006,2.7037120778662795
0.98,0.9,0.5,1e-06,1,3.0940000000000025,2.2387058761704273
0.98,0.9,0.5,1e-06,5,3.4460000000000037,1.6656902473149082
0.98,0.9,0.5,1e-06,10,4.564000000000003,2.7370904259815707
0.98,0.9,0.5,1e-06,20,3.5190000000000055,2.4066198287224316
0.98,0.9,0.5,1e-07,1,2.6140000000000017,2.5017921576342053
0.98,0.9,0.5,1e-07,5,3.3360000000000056,2.445956663557228
0.98,0.9,0.5,1e-07,10,4.530000000000006,2.6940712685450627
0.98,0.9,0.5,1e-07,20,3.467000000000003,2.510763031430884
0.98,0.9,0.6,1e-06,1,2.0660000000000025,1.311900910892283
0.98,0.9,0.6,1e-06,5,2.6590000000000016,1.9304660059167036
0.98,0.9,0.6,1e-06,10,2.968000000000005,1.4719157584590232
0.98,0.9,0.6,1e-06,20,2.785000000000008,2.289776189936477
0.98,0.9,0.6,1e-07,1,1.571000000000005,0.6459249182374074
0.98,0.9,0.6,1e-07,5,2.029000000000005,1.439284197092427
0.98,0.9,0.6,1e-07,10,2.5690000000000026,1.3917682996820984
0.98,0.9,0.6,1e-07,20,2.633000000000004,2.1493559500464348
0.98,0.9,0.7,1e-06,1,1.5740000000000052,1.2101090859918364
0.98,0.9,0.7,1e-06,5,2.786000000000004,1.6557548127666721
0.98,0.9,0.7,1e-06,10,2.451000000000003,1.359286209743923
0.98,0.9,0.7,1e-06,20,2.346000000000005,1.591378019202226
0.98,0.9,0.7,1e-07,1,1.2090000000000032,0.5686290530741456
0.98,0.9,0.7,1e-07,5,2.357000000000002,1.4844968844696176
0.98,0.9,0.7,1e-07,10,2.5930000000000035,1.6509182293499591
0.98,0.9,0.7,1e-07,20,1.974000000000005,1.4553776142293802
0.98,1.0,0.3,1e-06,1,3.499000000000008,1.7220275839834878
0.98,1.0,0.3,1e-06,5,4.9580000000000055,1.6507077270068173
0.98,1.0,0.3,1e-06,10,5.6120000000000045,2.3211066326216048
0.98,1.0,0.3,1e-06,20,5.130000000000007,1.9821553924957553
0.98,1.0,0.3,1e-07,1,3.411000000000006,2.245203554246251
0.98,1.0,0.3,1e-07,5,4.878000000000009,2.114113525806976
0.98,1.0,0.3,1e-07,10,4.753000000000002,1.6509182293499565
0.98,1.0,0.3,1e-07,20,4.7360000000000015,3.1653031450399816
0.98,1.0,0.4,1e-06,1,2.1300000000000052,0.48532463362166084
0.98,1.0,0.4,1e-06,5,3.5870000000000046,1.8903679536005678
0.98,1.0,0.4,1e-06,10,4.545000000000004,1.7821433724591327
0.98,1.0,0.4,1e-06,20,3.7570000000000063,1.7154390108657331
0.98,1.0,0.4,1e-07,1,1.9040000000000035,0.6025479234052652
0.98,1.0,0.4,1e-07,5,3.2300000000000026,1.5693884159123874
0.98,1.0,0.4,1e-07,10,3.5870000000000046,1.3444593708996933
0.98,1.0,0.4,1e-07,20,3.552000000000001,2.1364493909287923
0.98,1.0,0.5,1e-06,1,2.3360000000000043,1.6011196082741612
0.98,1.0,0.5,1e-06,5,2.188000000000001,1.0971125739868248
0.98,1.0,0.5,1e-06,10,3.0260000000000034,1.7304346274852436
0.98,1.0,0.5,1e-06,20,2.5940000000000025,2.1935277522748584
0.98,1.0,0.5,1e-07,1,1.7240000000000009,1.1410276070279772
0.98,1.0,0.5,1e-07,5,2.4310000000000045,1.7482845878174402
0.98,1.0,0.5,1e-07,10,3.015000000000009,1.971394176718598
0.98,1.0,0.5,1e-07,20,2.3310000000000044,1.8731948643961185
0.98,1.0,0.6,1e-06,1,1.2170000000000059,0.5790431762830822
0.98,1.0,0.6,1e-06,5,1.6570000000000065,0.9901570582488404
0.98,1.0,0.6,1e-06,10,2.1660000000000026,1.3250373579639196
0.98,1.0,0.6,1e-06,20,2.029000000000002,2.104323881915517
0.98,1.0,0.6,1e-07,1,0.9970000000000041,0.4910916411424673
0.98,1.0,0.6,1e-07,5,1.2950000000000046,0.7752902682221682
0.98,1.0,0.6,1e-07,10,1.5610000000000028,0.6970358670828902
0.98,1.0,0.6,1e-07,20,1.720000000000003,1.855478374975036
0.98,1.0,0.7,1e-06,1,1.0960000000000008,0.5858532239392388
0.98,1.0,0.7,1e-06,5,1.3500000000000028,0.7664854858377972
0.98,1.0,0.7,1e-06,10,1.6730000000000032,1.2547553546408963
0.98,1.0,0.7,1e-06,20,1.6450000000000045,1.4042346669983632
0.98,1.0,0.7,1e-07,1,0.9630000000000024,0.4273768828563357
0.98,1.0,0.7,1e-07,5,1.0600000000000052,0.6037549171642429
0.98,1.0,0.7,1e-07,10,1.3190000000000055,0.8323334668268455
0.98,1.0,0.7,1e-07,20,1.5330000000000026,1.1759638599889022
0.99,0.6,0.3,1e-06,1,6.739000000000006,1.9339438978419223
0.99,0.6,0.3,1e-06,5,8.185000000000004,2.1411293748860687
0.99,0.6,0.3,1e-06,10,8.150000000000004,1.6884726826336274
0.99,0.6,0.3,1e-06,20,7.794000000000006,1.8121158903337276
0.99,0.6,0.3,1e-07,1,6.214000000000001,2.5004807537751623
0.99,0.6,0.3,1e-07,5,8.926000000000005,1.9572541991269286
0.99,0.6,0.3,1e-07,10,8.649000000000004,1.3584031065924425
0.99,0.6,0.3,1e-07,20,8.880000000000003,1.3945178378206555
0.99,0.6,0.4,1e-06,1,7.015000000000006,2.0737200871863113
0.99,0.6,0.4,1e-06,5,8.431000000000003,1.8675168004599039
0.99,0.6,0.4,1e-06,10,8.418000000000005,1.5867060219208853
0.99,0.6,0.4,1e-06,20,8.133000000000004,1.6538110532947874
0.99,0.6,0.4,1e-07,1,6.904000000000008,1.9831046366745255
0.99,0.6,0.4,1e-07,5,9.264000000000001,2.4986764496428897
0.99,0.6,0.4,1e-07,10,9.030000000000005,1.0439827584783181
0.99,0.6,0.4,1e-07,20,9.055,1.4595050530916291
0.99,0.6,0.5,1e-06,1,6.751000000000005,2.109942890222385
0.99,0.6,0.5,1e-06,5,9.180000000000003,1.2053215338655514
0.99,0.6,0.5,1e-06,10,9.043000000000005,0.6323693540961647
0.99,0.6,0.5,1e-06,20,7.921000000000005,1.921462724072469
0.99,0.6,0.5,1e-07,1,6.153000000000006,2.405263187262466
0.99,0.6,0.5,1e-07,5,9.166000000000007,1.8209788576477197
0.99,0.6,0.5,1e-07,10,9.613000000000008,1.4699153036824946
0.99,0.6,0.5,1e-07,20,9.134000000000004,1.809829826254391
0.99,0.6,0.6,1e-06,1,5.504000000000009,2.170019354752396
0.99,0.6,0.6,1e-06,5,9.393000000000004,2.0447716253899832
0.99,0.6,0.6,1e-06,10,8.956000000000005,1.791542352276385
0.99,0.6,0.6,1e-06,20,9.051000000000004,1.993413905840935
0.99,0.6,0.6,1e-07,1,5.069000000000005,1.4410340037625757
0.99,0.6,0.6,1e-07,5,8.300000000000004,2.176115805741967
0.99,0.6,0.6,1e-07,10,9.776000000000002,1.6782800719784512
0.99,0.6,0.6,1e-07,20,8.647000000000007,1.7622857316564764
0.99,0.6,0.7,1e-06,1,3.9560000000000017,1.5893722031041064
0.99,0.6,0.7,1e-06,5,7.845000000000004,1.9944410244477009
0.99,0.6,0.7,1e-06,10,7.645000000000005,1.8900780407168396
0.99,0.6,0.7,1e-06,20,7.409000000000004,2.0111934267991245
0.99,0.6,0.7,1e-07,1,3.5940000000000025,1.8261007639229592
0.99,0.6,0.7,1e-07,5,7.333000000000004,2.864466966121271
0.99,0.6,0.7,1e-07,10,8.330000000000004,2.8844999566649343
0.99,0.6,0.7,1e-07,20,8.203000000000003,2.171472081331004
0.99,0.7,0.3,1e-06,1,6.243000000000004,1.8437491694913386
0.99,0.7,0.3,1e-06,5,7.871000000000004,2.252132100921258
0.99,0.7,0.3,1e-06,10,7.942000000000002,1.9525665161525214
0.99,0.7,0.3,1e-06,20,8.293000000000005,2.2045886237572785
0.99,0.7,0.3,1e-07,1,5.938000000000001,1.8632326746812946
0.99,0.7,0.3,1e-07,5,8.529000000000003,1.7200171510772793
0.99,0.7,0.3,1e-07,10,8.823000000000004,1.5578610335970275
0.99,0.7,0.3,1e-07,20,8.392000000000007,2.221174464106769
0.99,0.7,0.4,1e-06,1,5.892000000000006,2.1635378434406927
0.99,0.7,0.4,1e-06,5,7.329000000000005,1.8635286421195638
0.99,0.7,0.4,1e-06,10,7.917000000000003,1.9562645526615277
0.99,0.7,0.4,1e-06,20,8.554000000000006,2.053417638961934
0.99,0.7,0.4,1e-07,1,5.361000000000004,1.864612292140107
0.99,0.7,0.4,1e-07,5,8.326000000000002,1.8448316996409186
0.99,0.7,0.4,1e-07,10,8.585000000000004,2.167209034680319
0.99,0.7,0.4,1e-07,20,8.454000000000006,1.9087912405498892
0.99,0.7,0.5,1e-06,1,5.617000000000009,2.002141603383737
0.99,0.7,0.5,1e-06,5,8.327000000000004,2.502425023851861
0.99,0.7,0.5,1e-06,10,8.219000000000005,2.343591047943304
0.99,0.7,0.5,1e-06,20,7.283999999999999,2.6170869301572726
0.99,0.7,0.5,1e-07,1,4.616000000000007,1.8631221108665967
0.99,0.7,0.5,1e-07,5,7.860000000000002,2.099237956973909
0.99,0.7,0.5,1e-07,10,8.099000000000004,2.3977946117213595
0.99,0.7,0.5,1e-07,20,7.7290000000000045,2.5838225558269294
0.99,0.7,0.6,1e-06,1,3.9490000000000025,1.4206403485752486
0.99,0.7,0.6,1e-06,5,6.592000000000004,2.019122581717117
0.99,0.7,0.6,1e-06,10,6.594000000000003,2.2554653621813823
0.99,0.7,0.6,1e-06,20,6.704000000000006,1.8642489104194202
0.99,0.7,0.6,1e-07,1,3.2480000000000047,1.5341760003337304
0.99,0.7,0.6,1e-07,5,6.318000000000008,2.7352506283702787
0.99,0.7,0.6,1e-07,10,7.157000000000005,2.694270031010258
0.99,0.7,0.6,1e-07,20,6.350000000000006,2.544692515806182
0.99,0.7,0.7,1e-06,1,2.9260000000000033,1.1947233989505681
0.99,0.7,0.7,1e-06,5,5.075000000000003,1.9045301257790623
0.99,0.7,0.7,1e-06,10,5.311000000000004,1.9380245096489395
0.99,0.7,0.7,1e-06,20,6.0380000000000065,2.6249335229677713
0.99,0.7,0.7,1e-07,1,2.3560000000000043,1.2607236017462342
0.99,0.7,0.7,1e-07,5,4.882000000000003,2.2117043202019575
0.99,0.7,0.7,1e-07,10,5.533000000000004,2.550476622123792
0.99,0.7,0.7,1e-07,20,5.137000000000006,2.8090872182970745
0.99,0.8,0.3,1e-06,1,5.483000000000002,1.8617548173698926
0.99,0.8,0.3,1e-06,5,7.1380000000000035,2.084398234503185
0.99,0.8,0.3,1e-06,10,7.8700000000000045,2.0090843685619575
0.99,0.8,0.3,1e-06,20,8.139000000000003,2.2867223268250134
0.99,0.8,0.3,1e-07,1,4.697000000000003,1.763760471265871
0.99,0.8,0.3,1e-07,5,7.115000000000009,1.921602196085338
0.99,0.8,0.3,1e-07,10,7.758000000000005,2.01208250327863
0.99,0.8,0.3,1e-07,20,7.738000000000002,2.543178326425421
0.99,0.8,0.4,1e-06,1,4.687000000000003,1.7451449796506866
0.99,0.8,0.4,1e-06,5,7.102000000000002,2.463159759333527
0.99,0.8,0.4,1e-06,10,7.391000000000003,2.6767777270442172
0.99,0.8,0.4,1e-06,20,6.974000000000002,1.8257831196503043
0.99,0.8,0.4,1e-07,1,3.940000000000005,1.8457302078039484
0.99,0.8,0.4,1e-07,5,7.5740000000000025,2.495757199729173
0.99,0.8,0.4,1e-07,10,6.9000000000000075,2.44065564961549
0.99,0.8,0.4,1e-07,20,7.0820000000000025,2.4091151902721437
0.99,0.8,0.5,1e-06,1,3.707000000000002,1.8527090975109926
0.99,0.8,0.5,1e-06,5,5.8000000000000025,1.8865842149238934
0.99,0.8,0.5,1e-06,10,6.010000000000005,2.451958400952188
0.99,0.8,0.5,1e-06,20,5.790000000000002,2.8279639318774907
0.99,0.8,0.5,1e-07,1,3.1650000000000036,1.8407919491349376
0.99,0.8,0.5,1e-07,5,5.818000000000003,3.014152617237552
0.99,0.8,0.5,1e-07,10,5.703000000000005,3.077396789495954
0.99,0.8,0.5,1e-07,20,4.930000000000007,2.6149837475594357
0.99,0.8,0.6,1e-06,1,2.982000000000002,1.9848516317347271
0.99,0.8,0.6,1e-06,5,4.808000000000004,2.5805224277265992
0.99,0.8,0.6,1e-06,10,4.831000000000003,2.2794514691039156
0.99,0.8,0.6,1e-06,20,4.054000000000005,2.335038329449861
0.99,0.8,0.6,1e-07,1,2.112000000000003,0.897472005134423
0.99,0.8,0.6,1e-07,5,4.211000000000004,2.615687099023884
0.99,0.8,0.6,1e-07,10,4.122000000000005,2.477538294355911
0.99,0.8,0.6,1e-07,20,3.7690000000000055,2.575891884377137
0.99,0.8,0.7,1e-06,1,1.9730000000000047,1.0664759725375903
0.99,0.8,0.7,1e-06,5,4.299000000000004,2.281214369584763
0.99,0.8,0.7,1e-06,10,4.2520000000000024,1.5824841231431044
0.99,0.8,0.7,1e-06,20,3.5290000000000035,1.8793879322800808
0.99,0.8,0.7,1e-07,1,1.7760000000000047,1.093756828550112
0.99,0.8,0.7,1e-07,5,3.5050000000000083,1.535928058211061
0.99,0.8,0.7,1e-07,10,3.5090000000000017,1.373061906834505
0.99,0.8,0.7,1e-07,20,2.461000000000003,1.7206681841656721
0.99,0.9,0.3,1e-06,1,4.2900000000000045,1.9517837995023952
0.99,0.9,0.3,1e-06,5,6.248000000000003,1.8012928690249121
0.99,0.9,0.3,1e-06,10,6.543000000000005,2.4938666764684916
0.99,0.9,0.3,1e-06,20,7.173000000000002,2.287000437254
0.99,0.9,0.3,1e-07,1,3.478000000000004,1.7790885306808106
0.99,0.9,0.3,1e-07,5,6.151000000000005,2.2578438829998864
0.99,0.9,0.3,1e-07,10,6.504000000000007,2.358377408304278
0.99,0.9,0.3,1e-07,20,6.421000000000002,2.516143676342831
0.99,0.9,0.4,1e-06,1,3.5440000000000027,1.3114816049034006
0.99,0.9,0.4,1e-06,5,4.798000000000004,2.0730354555578607
0.99,0.9,0.4,1e-06,10,5.726000000000004,2.721573809397788
0.99,0.9,0.4,1e-06,20,5.586000000000004,2.073201389156392
0.99,0.9,0.4,1e-07,1,2.891000000000008,1.1259214004538678
0.99,0.9,0.4,1e-07,5,4.855000000000004,2.2750109889844463
0.99,0.9,0.4,1e-07,10,5.079000000000002,2.45865390000301
0.99,0.9,0.4,1e-07,20,5.247000000000005,2.8165459342961174
0.99,0.9,0.5,1e-06,1,2.9830000000000068,2.4122294666967297
0.99,0.9,0.5,1e-06,5,3.379000000000006,1.7136799584519875
0.99,0.9,0.5,1e-06,10,4.153000000000003,1.8463507250790698
0.99,0.9,0.5,1e-06,20,3.5080000000000053,2.3714248881210622
0.99,0.9,0.5,1e-07,1,2.5270000000000024,2.0321444338432233
0.99,0.9,0.5,1e-07,5,3.3990000000000067,2.2678930750809214
0.99,0.9,0.5,1e-07,10,4.32,2.790720337117285
0.99,0.9,0.5,1e-07,20,3.4220000000000055,2.5454343440756815
0.99,0.9,0.6,1e-06,1,1.8670000000000044,0.7793657677881392
0.99,0.9,0.6,1e-06,5,2.5030000000000046,1.633429214872811
0.99,0.9,0.6,1e-06,10,3.3790000000000093,2.058800378861439
0.99,0.9,0.6,1e-06,20,2.6750000000000056,2.079719933067911
0.99,0.9,0.6,1e-07,1,1.568000000000005,0.7278021709228408
0.99,0.9,0.6,1e-07,5,2.182000000000005,1.6876480675780734
0.99,0.9,0.6,1e-07,10,2.4930000000000048,1.277282662530107
0.99,0.9,0.6,1e-07,20,2.512000000000005,2.1212298319606933
0.99,0.9,0.7,1e-06,1,1.4590000000000032,0.7837467703282738
0.99,0.9,0.7,1e-06,5,3.089000000000003,1.6566770958759593
0.99,0.9,0.7,1e-06,10,2.516000000000001,1.1861804247246717
0.99,0.9,0.7,1e-06,20,2.2980000000000045,1.5722836894148586
0.99,0.9,0.7,1e-07,1,1.1700000000000046,0.5307541803886281
0.99,0.9,0.7,1e-07,5,2.116000000000004,1.2422656720685807
0.99,0.9,0.7,1e-07,10,2.199000000000008,1.3155907418342514
0.99,0.9,0.7,1e-07,20,1.8900000000000048,1.4782219048573202
0.99,1.0,0.3,1e-06,1,3.4090000000000087,1.4454822724613414
0.99,1.0,0.3,1e-06,5,5.177000000000005,1.8912881853382364
0.99,1.0,0.3,1e-06,10,5.6720000000000015,2.3381565388142898
0.99,1.0,0.3,1e-06,20,5.399000000000006,2.014561738939765
0.99,1.0,0.3,1e-07,1,3.3400000000000034,2.400808197253583
0.99,1.0,0.3,1e-07,5,4.668000000000005,2.0747761325020124
0.99,1.0,0.3,1e-07,10,4.6100000000000065,1.4753236932958136
0.99,1.0,0.3,1e-07,20,4.713000000000003,3.0048645560157965
0.99,1.0,0.4,1e-06,1,2.148000000000006,0.6435339928861555
0.99,1.0,0.4,1e-06,5,3.6610000000000027,1.9780442361079786
0.99,1.0,0.4,1e-06,10,4.236000000000002,1.3296706359095138
0.99,1.0,0.4,1e-06,20,4.003000000000003,2.2235581845321697
0.99,1.0,0.4,1e-07,1,1.8830000000000027,0.6520513783437593
0.99,1.0,0.4,1e-07,5,3.4010000000000034,1.959453750411067
0.99,1.0,0.4,1e-07,10,3.6800000000000055,1.8127989408646494
0.99,1.0,0.4,1e-07,20,3.315000000000006,2.247940168242915
0.99,1.0,0.5,1e-06,1,2.265000000000005,1.5338562514134095
0.99,1.0,0.5,1e-06,5,2.2440000000000055,1.1594067448484142
0.99,1.0,0.5,1e-06,10,3.0510000000000046,1.6499996969696702
0.99,1.0,0.5,1e-06,20,2.6450000000000045,2.206126696271092
0.99,1.0,0.5,1e-07,1,1.9820000000000022,1.5171670969276922
0.99,1.0,0.5,1e-07,5,2.2490000000000068,1.641505102032887
0.99,1.0,0.5,1e-07,10,2.881000000000006,1.6816477038904423
0.99,1.0,0.5,1e-07,20,2.3130000000000024,1.9026641847682961
0.99,1.0,0.6,1e-06,1,1.1890000000000043,0.6253151205592273
0.99,1.0,0.6,1e-06,5,1.5800000000000012,0.9671607932500151
0.99,1.0,0.6,1e-06,10,2.1480000000000046,1.3358952054708468
0.99,1.0,0.6,1e-06,20,2.0070000000000023,2.048885306697277
0.99,1.0,0.6,1e-07,1,1.0810000000000044,0.5830085762662492
0.99,1.0,0.6,1e-07,5,1.2760000000000062,0.8703930146778558
0.99,1.0,0.6,1e-07,10,1.6870000000000034,0.9177641309181798
0.99,1.0,0.6,1e-07,20,1.7000000000000015,1.8559094805512464
0.99,1.0,0.7,1e-06,1,1.0190000000000026,0.5025723828464891
0.99,1.0,0.7,1e-06,5,1.4040000000000035,0.817498623852051
0.99,1.0,0.7,1e-06,10,1.6840000000000046,1.210679148246968
0.99,1.0,0.7,1e-06,20,1.6100000000000037,1.3621527080323983
0.99,1.0,0.7,1e-07,1,0.9220000000000056,0.4270316147546936
0.99,1.0,0.7,1e-07,5,1.0290000000000021,0.6020788984842456
0.99,1.0,0.7,1e-07,10,1.3560000000000016,0.836650464650561
0.99,1.0,0.7,1e-07,20,1.4740000000000024,1.0635619398981877
