spectral_radius,input_scale,leaking_rate,ridge_alpha,connectivity,mean_T_VPT,std_dev
0.9,0.2,0.3,1e-06,0.02,9.140000000000004,1.0563900794687575
0.9,0.2,0.3,1e-06,0.04,8.725000000000005,1.9235994905385032
0.9,0.2,0.3,1e-06,0.06,8.562000000000006,1.2760548577549455
0.9,0.2,0.3,1e-06,0.08,8.580000000000004,1.888427917607657
0.9,0.2,0.3,1e-06,0.1,8.646000000000004,1.7587393212184683
0.9,0.2,0.3,1e-07,0.02,9.819000000000004,0.8483036013126423
0.9,0.2,0.3,1e-07,0.04,9.846000000000005,1.4388620503717533
0.9,0.2,0.3,1e-07,0.06,9.212000000000002,1.1031663519161559
0.9,0.2,0.3,1e-07,0.08,9.741000000000005,1.4822074753555938
0.9,0.2,0.3,1e-07,0.1,9.471,1.3328987208336567
0.9,0.2,0.4,1e-06,0.02,8.865000000000004,1.6177994313263955
0.9,0.2,0.4,1e-06,0.04,9.763000000000003,1.349729972994596
0.9,0.2,0.4,1e-06,0.06,9.464000000000002,1.414236189609075
0.9,0.2,0.4,1e-06,0.08,9.078000000000005,1.4174187807419545
0.9,0.2,0.4,1e-06,0.1,9.307000000000006,1.6297027336296626
0.9,0.2,0.4,1e-07,0.02,10.628000000000004,1.4550106528819633
0.9,0.2,0.4,1e-07,0.04,10.394000000000007,1.147921600110393
0.9,0.2,0.4,1e-07,0.06,10.204000000000004,1.268851449146037
0.9,0.2,0.4,1e-07,0.08,10.628000000000004,1.3953551519236986
0.9,0.2,0.4,1e-07,0.1,10.458000000000004,1.458984578396906
0.9,0.2,0.5,1e-06,0.02,9.653000000000004,1.4354689129340288
0.9,0.2,0.5,1e-06,0.04,9.444,1.2995783931721883
0.9,0.2,0.5,1e-06,0.06,8.933000000000003,1.1197727448013737
0.9,0.2,0.5,1e-06,0.08,9.862000000000002,1.340998135718315
0.9,0.2,0.5,1e-06,0.1,9.768000000000006,1.1921308652996114
0.9,0.2,0.5,1e-07,0.02,10.512,1.181920471097777
0.9,0.2,0.5,1e-07,0.04,10.350000000000005,0.9669643219891837
0.9,0.2,0.5,1e-07,0.06,9.864000000000008,1.0034460623272177
0.9,0.2,0.5,1e-07,0.08,11.382000000000005,2.001568385042089
0.9,0.2,0.5,1e-07,0.1,10.890000000000004,1.405837828485204
0.9,0.2,0.6,1e-06,0.02,9.805000000000001,1.343143700428215
0.9,0.2,0.6,1e-06,0.04,9.713000000000006,1.156672382310561
0.9,0.2,0.6,1e-06,0.06,9.969000000000005,1.1600599122459165
0.9,0.2,0.6,1e-06,0.08,9.682000000000006,1.6333389115551005
0.9,0.2,0.6,1e-06,0.1,10.100000000000005,1.4352560747128018
0.9,0.2,0.6,1e-07,0.02,10.808000000000007,1.7854456026437788
0.9,0.2,0.6,1e-07,0.04,10.66,1.2276155750070932
0.9,0.2,0.6,1e-07,0.06,10.310000000000006,0.9090984545141425
0.9,0.2,0.6,1e-07,0.08,10.577000000000004,1.0224729825281493
0.9,0.2,0.6,1e-07,0.1,10.799000000000007,0.908327584079661
0.9,0.2,0.7,1e-06,0.02,9.935000000000004,1.183703932577738
0.9,0.2,0.7,1e-06,0.04,10.235000000000003,1.3584531644484454
0.9,0.2,0.7,1e-06,0.06,9.751000000000001,1.2196962736681614
0.9,0.2,0.7,1e-06,0.08,9.965000000000002,1.1640425249964057
0.9,0.2,0.7,1e-06,0.1,9.505000000000003,0.8070904534189446
0.9,0.2,0.7,1e-07,0.02,10.721000000000005,1.2760795429752778
0.9,0.2,0.7,1e-07,0.04,10.916000000000006,0.7895213739981971
0.9,0.2,0.7,1e-07,0.06,10.885000000000007,1.361350432475048
0.9,0.2,0.7,1e-07,0.08,10.817000000000004,1.0317417312486707
0.9,0.2,0.7,1e-07,0.1,10.767000000000007,0.9153857110529966
0.9,0.4,0.3,1e-06,0.02,9.270000000000007,0.715946925407184
0.9,0.4,0.3,1e-06,0.04,8.955000000000004,1.516454747099298
0.9,0.4,0.3,1e-06,0.06,9.927000000000003,1.4446767804599079
0.9,0.4,0.3,1e-06,0.08,8.724000000000007,1.2340761726895175
0.9,0.4,0.3,1e-06,0.1,9.603000000000005,2.0584098231401873
0.9,0.4,0.3,1e-07,0.02,9.843000000000005,1.0442657707691059
0.9,0.4,0.3,1e-07,0.04,10.021000000000004,1.5716421348385905
0.9,0.4,0.3,1e-07,0.06,10.084000000000005,1.305260127330949
0.9,0.4,0.3,1e-07,0.08,9.920000000000005,1.4572165247484683
0.9,0.4,0.3,1e-07,0.1,10.019000000000005,1.142636862699608
0.9,0.4,0.4,1e-06,0.02,10.178,1.6712976993940982
0.9,0.4,0.4,1e-06,0.04,10.021000000000004,1.7537100672574137
0.9,0.4,0.4,1e-06,0.06,9.520000000000003,1.2979368243485523
0.9,0.4,0.4,1e-06,0.08,10.084000000000005,1.5755329257111703
0.9,0.4,0.4,1e-06,0.1,10.244000000000005,1.586071877311995
0.9,0.4,0.4,1e-07,0.02,10.626000000000005,1.2704503138651264
0.9,0.4,0.4,1e-07,0.04,10.530000000000006,1.0750906938486626
0.9,0.4,0.4,1e-07,0.06,10.473000000000003,1.3198677964099297
0.9,0.4,0.4,1e-07,0.08,10.106000000000005,1.3897064438218594
0.9,0.4,0.4,1e-07,0.1,10.488000000000005,1.089814663142314
0.9,0.4,0.5,1e-06,0.02,9.469000000000003,1.910188210622191
0.9,0.4,0.5,1e-06,0.04,9.921000000000005,0.9913924550852717
0.9,0.4,0.5,1e-06,0.06,9.990000000000004,1.2583083882737147
0.9,0.4,0.5,1e-06,0.08,10.022000000000004,0.9782617236711258
0.9,0.4,0.5,1e-06,0.1,9.622000000000005,1.2645457682504038
0.9,0.4,0.5,1e-07,0.02,10.807000000000006,1.4567535824565518
0.9,0.4,0.5,1e-07,0.04,10.445000000000004,1.5455209477713336
0.9,0.4,0.5,1e-07,0.06,10.577000000000004,1.25261765914424
0.9,0.4,0.5,1e-07,0.08,11.092000000000004,1.715440468218001
0.9,0.4,0.5,1e-07,0.1,11.202000000000004,1.6344283404297637
0.9,0.4,0.6,1e-06,0.02,9.932000000000006,0.8417695646671955
0.9,0.4,0.6,1e-06,0.04,10.201000000000004,1.0976060313245357
0.9,0.4,0.6,1e-06,0.06,10.040000000000003,1.6187526061755095
0.9,0.4,0.6,1e-06,0.08,10.009000000000006,1.2354023636046643
0.9,0.4,0.6,1e-06,0.1,10.355000000000004,1.493919341865552
0.9,0.4,0.6,1e-07,0.02,10.903000000000002,1.3027551573492213
0.9,0.4,0.6,1e-07,0.04,10.577000000000007,0.8678542504360967
0.9,0.4,0.6,1e-07,0.06,10.661000000000005,1.2149316853222638
0.9,0.4,0.6,1e-07,0.08,11.107000000000006,1.1705601223346003
0.9,0.4,0.6,1e-07,0.1,10.622000000000007,1.042149701338536
0.9,0.4,0.7,1e-06,0.02,9.781000000000002,2.1712528641316746
0.9,0.4,0.7,1e-06,0.04,10.010000000000002,1.1022068771333222
0.9,0.4,0.7,1e-06,0.06,9.916000000000006,1.4133732698760075
0.9,0.4,0.7,1e-06,0.08,9.423000000000002,1.2231643389177078
0.9,0.4,0.7,1e-06,0.1,9.820000000000004,1.626862010128702
0.9,0.4,0.7,1e-07,0.02,9.957000000000003,0.8843364744258839
0.9,0.4,0.7,1e-07,0.04,10.663000000000002,1.1810889043590227
0.9,0.4,0.7,1e-07,0.06,10.360000000000007,1.0674080756674105
0.9,0.4,0.7,1e-07,0.08,10.272000000000004,0.9990675652827494
0.9,0.4,0.7,1e-07,0.1,10.517000000000005,1.0930375107927457
0.9,0.6,0.3,1e-06,0.02,8.653000000000006,2.034849134456904
0.9,0.6,0.3,1e-06,0.04,9.428000000000003,1.6425394972420018
0.9,0.6,0.3,1e-06,0.06,8.264000000000005,1.1863658794823775
0.9,0.6,0.3,1e-06,0.08,9.687000000000001,1.6084685262696328
0.9,0.6,0.3,1e-06,0.1,9.039000000000005,1.162023665851946
0.9,0.6,0.3,1e-07,0.02,9.660000000000005,1.4163050518867726
0.9,0.6,0.3,1e-07,0.04,10.463000000000005,1.4411283773488042
0.9,0.6,0.3,1e-07,0.06,9.302000000000003,1.7007751174097085
0.9,0.6,0.3,1e-07,0.08,10.672000000000008,1.2767834585394626
0.9,0.6,0.3,1e-07,0.1,9.647000000000004,1.587668416263295
0.9,0.6,0.4,1e-06,0.02,8.857000000000003,1.8168134191490366
0.9,0.6,0.4,1e-06,0.04,9.567000000000002,1.1751812626144131
0.9,0.6,0.4,1e-06,0.06,8.693000000000001,1.505579954701844
0.9,0.6,0.4,1e-06,0.08,10.200000000000005,1.5227081138550476
0.9,0.6,0.4,1e-06,0.1,9.022000000000002,1.6845759110233047
0.9,0.6,0.4,1e-07,0.02,9.768000000000004,1.3604028815023865
0.9,0.6,0.4,1e-07,0.04,9.992000000000004,1.477584515349291
0.9,0.6,0.4,1e-07,0.06,10.002000000000006,1.0520437253270416
0.9,0.6,0.4,1e-07,0.08,9.910000000000007,1.2619904912478512
0.9,0.6,0.4,1e-07,0.1,9.614,1.8527935664827873
0.9,0.6,0.5,1e-06,0.02,8.864000000000003,1.5508139798183393
0.9,0.6,0.5,1e-06,0.04,8.228000000000005,2.0291712594061635
0.9,0.6,0.5,1e-06,0.06,8.876000000000003,1.1456107541394682
0.9,0.6,0.5,1e-06,0.08,9.508000000000003,1.3147227844682707
0.9,0.6,0.5,1e-06,0.1,8.521000000000003,1.4306848010655617
0.9,0.6,0.5,1e-07,0.02,9.290000000000006,1.628269019541923
0.9,0.6,0.5,1e-07,0.04,9.290000000000003,1.1799745759972948
0.9,0.6,0.5,1e-07,0.06,9.555000000000005,1.7902164673580685
0.9,0.6,0.5,1e-07,0.08,10.079000000000006,1.7351365940467027
0.9,0.6,0.5,1e-07,0.1,9.548000000000005,1.531514283315701
0.9,0.6,0.6,1e-06,0.02,7.928000000000004,2.127781943715097
0.9,0.6,0.6,1e-06,0.04,7.681000000000006,2.1918802430789905
0.9,0.6,0.6,1e-06,0.06,8.811000000000003,1.8583915088053948
0.9,0.6,0.6,1e-06,0.08,8.418000000000003,1.9329759439786087
0.9,0.6,0.6,1e-06,0.1,8.539000000000005,1.4543517456241473
0.9,0.6,0.6,1e-07,0.02,8.362000000000005,2.140821337711302
0.9,0.6,0.6,1e-07,0.04,8.771000000000006,2.0799564899295384
0.9,0.6,0.6,1e-07,0.06,9.103000000000005,2.5934554170064303
0.9,0.6,0.6,1e-07,0.08,8.822000000000006,1.6985040476843145
0.9,0.6,0.6,1e-07,0.1,9.612000000000004,1.1179516984199271
0.9,0.6,0.7,1e-06,0.02,7.169000000000004,1.5764323645497764
0.9,0.6,0.7,1e-06,0.04,7.179000000000002,1.5861963938932635
0.9,0.6,0.7,1e-06,0.06,7.585000000000005,2.41181155980313
0.9,0.6,0.7,1e-06,0.08,8.070000000000004,2.2533752461585266
0.9,0.6,0.7,1e-06,0.1,7.734000000000004,2.3350468946040475
0.9,0.6,0.7,1e-07,0.02,8.266000000000004,1.956027607167139
0.9,0.6,0.7,1e-07,0.04,8.710000000000003,1.8133560047602337
0.9,0.6,0.7,1e-07,0.06,7.808000000000007,2.3081889004152165
0.9,0.6,0.7,1e-07,0.08,8.351000000000004,2.214249082646301
0.9,0.6,0.7,1e-07,0.1,8.311000000000007,2.798660215174397
0.9,0.8,0.3,1e-06,0.02,7.615000000000005,2.057045210976172
0.9,0.8,0.3,1e-06,0.04,7.533000000000004,1.9255780950145847
0.9,0.8,0.3,1e-06,0.06,7.957000000000006,1.7190727151577991
0.9,0.8,0.3,1e-06,0.08,8.327000000000002,1.9913540619387597
0.9,0.8,0.3,1e-06,0.1,8.442000000000004,1.9123378362622006
0.9,0.8,0.3,1e-07,0.02,8.046000000000003,2.838281874655862
0.9,0.8,0.3,1e-07,0.04,7.477000000000004,2.6033768455603963
0.9,0.8,0.3,1e-07,0.06,8.546000000000003,2.8428865612261087
0.9,0.8,0.3,1e-07,0.08,8.167000000000003,2.318061905989573
0.9,0.8,0.3,1e-07,0.1,8.590000000000005,1.9346162410152572
0.9,0.8,0.4,1e-06,0.02,5.7390000000000025,2.3693499108405236
0.9,0.8,0.4,1e-06,0.04,6.153000000000004,1.6770602255136795
0.9,0.8,0.4,1e-06,0.06,6.792000000000003,2.19322046315458
0.9,0.8,0.4,1e-06,0.08,6.542000000000003,1.8260219056736453
0.9,0.8,0.4,1e-06,0.1,7.130000000000003,2.190931308827365
0.9,0.8,0.4,1e-07,0.02,5.756000000000005,2.5876985914128414
0.9,0.8,0.4,1e-07,0.04,6.931000000000003,2.482728136546571
0.9,0.8,0.4,1e-07,0.06,6.597000000000003,2.351538007347531
0.9,0.8,0.4,1e-07,0.08,8.163000000000007,2.5400809042233274
0.9,0.8,0.4,1e-07,0.1,8.344000000000005,2.733968544076538
0.9,0.8,0.5,1e-06,0.02,4.649000000000004,1.555692450325579
0.9,0.8,0.5,1e-06,0.04,5.109000000000006,1.2833000428582573
0.9,0.8,0.5,1e-06,0.06,5.618000000000004,1.68259204800213
0.9,0.8,0.5,1e-06,0.08,5.287000000000006,1.2440783737369572
0.9,0.8,0.5,1e-06,0.1,6.084000000000005,1.9118744728668797
0.9,0.8,0.5,1e-07,0.02,4.355000000000007,2.2189896349465017
0.9,0.8,0.5,1e-07,0.04,6.325000000000003,3.3726006285950922
0.9,0.8,0.5,1e-07,0.06,5.525000000000004,2.491705239389283
0.9,0.8,0.5,1e-07,0.08,5.789000000000004,2.363069825460095
0.9,0.8,0.5,1e-07,0.1,5.925000000000006,2.7056819842693995
0.9,0.8,0.6,1e-06,0.02,4.0730000000000075,1.5227511287140798
0.9,0.8,0.6,1e-06,0.04,4.330000000000004,1.575798210431783
0.9,0.8,0.6,1e-06,0.06,5.428000000000004,1.6817300615734971
0.9,0.8,0.6,1e-06,0.08,4.354000000000006,1.8669665235349033
0.9,0.8,0.6,1e-06,0.1,5.050000000000006,1.9830935429273109
0.9,0.8,0.6,1e-07,0.02,4.233000000000004,2.494564290612691
0.9,0.8,0.6,1e-07,0.04,3.8350000000000035,1.7309173868212198
0.9,0.8,0.6,1e-07,0.06,5.720000000000003,1.900347336672955
0.9,0.8,0.6,1e-07,0.08,3.917000000000003,1.7563516162773305
0.9,0.8,0.6,1e-07,0.1,5.470000000000006,2.645883595323122
0.9,0.8,0.7,1e-06,0.02,4.399000000000001,2.617628506874112
0.9,0.8,0.7,1e-06,0.04,4.454000000000005,2.480581383466383
0.9,0.8,0.7,1e-06,0.06,4.075000000000005,1.4337625326392118
0.9,0.8,0.7,1e-06,0.08,4.159000000000003,1.7054908384391883
0.9,0.8,0.7,1e-06,0.1,4.021000000000005,2.119240194031812
0.9,0.8,0.7,1e-07,0.02,4.132000000000002,2.3752675638756986
0.9,0.8,0.7,1e-07,0.04,3.877000000000007,2.2088392879519323
0.9,0.8,0.7,1e-07,0.06,4.4940000000000015,2.553241860850633
0.9,0.8,0.7,1e-07,0.08,3.4010000000000034,1.8324352648865938
0.9,0.8,0.7,1e-07,0.1,3.758000000000007,2.5106724198907333
0.9,1.0,0.3,1e-06,0.02,4.784000000000008,2.3857879201639034
0.9,1.0,0.3,1e-06,0.04,5.871000000000005,2.2227593212041645
0.9,1.0,0.3,1e-06,0.06,5.296000000000005,2.271348498139374
0.9,1.0,0.3,1e-06,0.08,4.993000000000004,1.6010156151643247
0.9,1.0,0.3,1e-06,0.1,6.806000000000006,3.2282137475700083
0.9,1.0,0.3,1e-07,0.02,4.4040000000000035,2.015059304338213
0.9,1.0,0.3,1e-07,0.04,4.897000000000003,2.025598923775389
0.9,1.0,0.3,1e-07,0.06,4.605000000000007,2.2262693008708516
0.9,1.0,0.3,1e-07,0.08,4.126000000000002,1.4404874175083913
0.9,1.0,0.3,1e-07,0.1,4.881000000000003,2.082915984863525
0.9,1.0,0.4,1e-06,0.02,3.1290000000000076,1.8916920996821867
0.9,1.0,0.4,1e-06,0.04,3.504000000000005,1.3977353111372683
0.9,1.0,0.4,1e-06,0.06,4.215000000000003,2.0918687817356036
0.9,1.0,0.4,1e-06,0.08,4.133000000000003,2.1012974563350117
0.9,1.0,0.4,1e-06,0.1,4.4950000000000045,2.107528173002674
0.9,1.0,0.4,1e-07,0.02,3.512000000000003,2.0706945694621393
0.9,1.0,0.4,1e-07,0.04,3.464000000000007,1.7449997134670219
0.9,1.0,0.4,1e-07,0.06,3.930000000000004,1.5768512929252394
0.9,1.0,0.4,1e-07,0.08,3.269000000000004,1.5169241905909467
0.9,1.0,0.4,1e-07,0.1,3.8380000000000036,2.1275704453672053
0.9,1.0,0.5,1e-06,0.02,2.0940000000000056,1.1168366039846647
0.9,1.0,0.5,1e-06,0.04,2.8960000000000035,1.9397587478859322
0.9,1.0,0.5,1e-06,0.06,2.977000000000001,1.419693981110013
0.9,1.0,0.5,1e-06,0.08,2.690000000000006,1.6643016553497774
0.9,1.0,0.5,1e-06,0.1,3.020000000000002,1.4391525283999602
0.9,1.0,0.5,1e-07,0.02,1.9020000000000052,0.9000422212318713
0.9,1.0,0.5,1e-07,0.04,2.5400000000000063,1.8750679987669776
0.9,1.0,0.5,1e-07,0.06,2.562000000000006,1.1974289122950017
0.9,1.0,0.5,1e-07,0.08,2.4360000000000057,2.139388697735872
0.9,1.0,0.5,1e-07,0.1,2.4410000000000025,1.3655691121287141
0.9,1.0,0.6,1e-06,0.02,1.9350000000000065,1.0703620882673281
0.9,1.0,0.6,1e-06,0.04,2.465000000000006,1.413037508348594
0.9,1.0,0.6,1e-06,0.06,2.5030000000000046,1.2345084041836247
0.9,1.0,0.6,1e-06,0.08,2.049000000000002,1.036155876304333
0.9,1.0,0.6,1e-06,0.1,2.1400000000000032,1.1219269138406478
0.9,1.0,0.6,1e-07,0.02,1.9100000000000024,1.0027661741403127
0.9,1.0,0.6,1e-07,0.04,2.1640000000000086,1.1960367887318533
0.9,1.0,0.6,1e-07,0.06,2.108000000000004,1.0921794724311573
0.9,1.0,0.6,1e-07,0.08,2.0110000000000054,1.3558093523796035
0.9,1.0,0.6,1e-07,0.1,1.6940000000000026,0.8627189577145067
0.9,1.0,0.7,1e-06,0.02,2.076000000000002,1.2945980071049104
0.9,1.0,0.7,1e-06,0.04,2.119000000000004,1.283658443667942
0.9,1.0,0.7,1e-06,0.06,2.448000000000005,1.3526477738125362
0.9,1.0,0.7,1e-06,0.08,1.6900000000000035,0.712923558314634
0.9,1.0,0.7,1e-06,0.1,2.1390000000000042,1.4349003449717328
0.9,1.0,0.7,1e-07,0.02,2.272000000000003,1.3886885900013717
0.9,1.0,0.7,1e-07,0.04,2.0970000000000057,1.3667080888031635
0.9,1.0,0.7,1e-07,0.06,2.2160000000000055,1.505172415373068
0.9,1.0,0.7,1e-07,0.08,1.609000000000003,1.0477304042548348
0.9,1.0,0.7,1e-07,0.1,1.729000000000005,1.0063890897659813
0.94,0.2,0.3,1e-06,0.02,8.026000000000003,1.7628510997812616
0.94,0.2,0.3,1e-06,0.04,7.623000000000003,1.8132873462305965
0.94,0.2,0.3,1e-06,0.06,7.508000000000007,1.7117523185320929
0.94,0.2,0.3,1e-06,0.08,7.797000000000004,2.1098177646422456
0.94,0.2,0.3,1e-06,0.1,7.751000000000005,1.9582898151193033
0.94,0.2,0.3,1e-07,0.02,9.787000000000003,1.6151566487495894
0.94,0.2,0.3,1e-07,0.04,8.461000000000002,2.5188288945460338
0.94,0.2,0.3,1e-07,0.06,8.474000000000004,1.6552594962724136
0.94,0.2,0.3,1e-07,0.08,8.815000000000007,1.6692857754141432
0.94,0.2,0.3,1e-07,0.1,8.545000000000005,2.3718505433521777
0.94,0.2,0.4,1e-06,0.02,9.072000000000003,1.8345070182476793
0.94,0.2,0.4,1e-06,0.04,8.834000000000005,1.490531448846353
0.94,0.2,0.4,1e-06,0.06,8.675000000000004,1.6516158754383485
0.94,0.2,0.4,1e-06,0.08,9.231000000000003,2.2583310209090257
0.94,0.2,0.4,1e-06,0.1,8.075000000000005,2.029382911133331
0.94,0.2,0.4,1e-07,0.02,10.176000000000004,1.2227608106248757
0.94,0.2,0.4,1e-07,0.04,9.946000000000005,1.0341199156770944
0.94,0.2,0.4,1e-07,0.06,9.483000000000006,1.3630300803724087
0.94,0.2,0.4,1e-07,0.08,9.481000000000003,1.2909140172761322
0.94,0.2,0.4,1e-07,0.1,9.163000000000002,1.069977102558743
0.94,0.2,0.5,1e-06,0.02,9.099000000000004,1.6189932056682623
0.94,0.2,0.5,1e-06,0.04,9.198000000000004,1.6626472867087634
0.94,0.2,0.5,1e-06,0.06,8.908000000000003,1.5762791630926305
0.94,0.2,0.5,1e-06,0.08,9.138000000000003,1.6039314199802939
0.94,0.2,0.5,1e-06,0.1,9.388000000000003,1.4613062649561204
0.94,0.2,0.5,1e-07,0.02,10.596000000000007,1.7348613777475135
0.94,0.2,0.5,1e-07,0.04,10.425000000000008,1.1477260126005673
0.94,0.2,0.5,1e-07,0.06,10.229000000000005,1.3828589949810504
0.94,0.2,0.5,1e-07,0.08,9.864000000000003,1.0584063491873055
0.94,0.2,0.5,1e-07,0.1,10.037000000000008,0.8060341183845771
0.94,0.2,0.6,1e-06,0.02,9.062000000000005,1.5170352665643634
0.94,0.2,0.6,1e-06,0.04,9.314000000000004,1.8162389710608025
0.94,0.2,0.6,1e-06,0.06,9.254000000000003,0.8814102336596725
0.94,0.2,0.6,1e-06,0.08,9.733000000000004,1.5860677791317759
0.94,0.2,0.6,1e-06,0.1,9.609000000000005,1.2241482753326915
0.94,0.2,0.6,1e-07,0.02,10.841000000000006,1.6471973166563882
0.94,0.2,0.6,1e-07,0.04,10.327000000000002,1.656288320311411
0.94,0.2,0.6,1e-07,0.06,10.171000000000003,1.0767260561535592
0.94,0.2,0.6,1e-07,0.08,10.605000000000006,1.08441458861452
0.94,0.2,0.6,1e-07,0.1,10.147000000000004,1.2117140751844067
0.94,0.2,0.7,1e-06,0.02,9.602000000000004,1.0546449639570692
0.94,0.2,0.7,1e-06,0.04,9.898000000000007,0.8011217135991251
0.94,0.2,0.7,1e-06,0.06,9.393000000000006,1.0979485415992865
0.94,0.2,0.7,1e-06,0.08,9.476000000000004,0.9071626094587489
0.94,0.2,0.7,1e-06,0.1,9.642000000000005,1.450281352014151
0.94,0.2,0.7,1e-07,0.02,10.468000000000004,1.066684583182865
0.94,0.2,0.7,1e-07,0.04,10.592000000000006,1.256382107481637
0.94,0.2,0.7,1e-07,0.06,10.372000000000003,1.3566635544599843
0.94,0.2,0.7,1e-07,0.08,10.656000000000002,1.0164172371619813
0.94,0.2,0.7,1e-07,0.1,10.393000000000004,0.9727748968800549
0.94,0.4,0.3,1e-06,0.02,8.824000000000005,1.2500975961899952
0.94,0.4,0.3,1e-06,0.04,8.590000000000002,1.4027758195805897
0.94,0.4,0.3,1e-06,0.06,8.711000000000002,1.6187584748812907
0.94,0.4,0.3,1e-06,0.08,9.066000000000006,2.1180660990630105
0.94,0.4,0.3,1e-06,0.1,9.249000000000004,1.7123139314973768
0.94,0.4,0.3,1e-07,0.02,9.814000000000004,1.1540381276197056
0.94,0.4,0.3,1e-07,0.04,9.553,1.9419812048524072
0.94,0.4,0.3,1e-07,0.06,9.082000000000004,0.8536252104993173
0.94,0.4,0.3,1e-07,0.08,9.313000000000004,1.4948749111547757
0.94,0.4,0.3,1e-07,0.1,9.331000000000001,1.3320131380733446
0.94,0.4,0.4,1e-06,0.02,9.548000000000005,1.3395730663162808
0.94,0.4,0.4,1e-06,0.04,9.480000000000006,1.4753711397475588
0.94,0.4,0.4,1e-06,0.06,9.414000000000001,1.5051790591155605
0.94,0.4,0.4,1e-06,0.08,9.242000000000003,1.5941129194633603
0.94,0.4,0.4,1e-06,0.1,9.849000000000006,1.4428509971580548
0.94,0.4,0.4,1e-07,0.02,9.885000000000002,1.1226731492291089
0.94,0.4,0.4,1e-07,0.04,10.496000000000004,1.160199982761592
0.94,0.4,0.4,1e-07,0.06,10.204000000000006,1.5967917835459968
0.94,0.4,0.4,1e-07,0.08,10.071000000000005,0.9790296216151991
0.94,0.4,0.4,1e-07,0.1,9.873000000000005,0.9122779181806369
0.94,0.4,0.5,1e-06,0.02,9.082000000000004,1.5014779385658639
0.94,0.4,0.5,1e-06,0.04,9.484000000000004,1.8111719962499435
0.94,0.4,0.5,1e-06,0.06,9.407000000000005,1.7641459690173038
0.94,0.4,0.5,1e-06,0.08,9.767000000000007,1.5978645124039816
0.94,0.4,0.5,1e-06,0.1,9.283000000000005,1.1425633461651057
0.94,0.4,0.5,1e-07,0.02,10.567,1.7002032231471584
0.94,0.4,0.5,1e-07,0.04,9.850000000000003,0.8882679775833419
0.94,0.4,0.5,1e-07,0.06,9.804000000000004,1.2899860464361637
0.94,0.4,0.5,1e-07,0.08,10.980000000000008,1.252325836194402
0.94,0.4,0.5,1e-07,0.1,10.472000000000005,1.2588947533451706
0.94,0.4,0.6,1e-06,0.02,10.051000000000004,0.966467278287267
0.94,0.4,0.6,1e-06,0.04,9.864000000000004,1.0514104812108342
0.94,0.4,0.6,1e-06,0.06,9.933000000000009,1.8754335498758663
0.94,0.4,0.6,1e-06,0.08,9.146000000000008,1.1008741980807812
0.94,0.4,0.6,1e-06,0.1,9.928000000000004,0.9678098986887869
0.94,0.4,0.6,1e-07,0.02,10.894000000000004,1.2031309155698702
0.94,0.4,0.6,1e-07,0.04,10.464000000000006,1.0753715636932195
0.94,0.4,0.6,1e-07,0.06,10.779000000000005,1.4601571833196596
0.94,0.4,0.6,1e-07,0.08,11.129000000000007,1.4298877578327625
0.94,0.4,0.6,1e-07,0.1,10.546000000000003,1.023818343262126
0.94,0.4,0.7,1e-06,0.02,9.038000000000002,1.5610112107220746
0.94,0.4,0.7,1e-06,0.04,9.847000000000005,1.1630696453781277
0.94,0.4,0.7,1e-06,0.06,9.243000000000006,1.8654358739983496
0.94,0.4,0.7,1e-06,0.08,9.140000000000004,1.1525450099670713
0.94,0.4,0.7,1e-06,0.1,10.194,1.5375968262194113
0.94,0.4,0.7,1e-07,0.02,9.998000000000005,1.0063577892578774
0.94,0.4,0.7,1e-07,0.04,10.540000000000003,1.182810213009681
0.94,0.4,0.7,1e-07,0.06,9.844000000000005,0.9842885755712087
0.94,0.4,0.7,1e-07,0.08,10.574000000000002,1.4990010006667756
0.94,0.4,0.7,1e-07,0.1,10.304000000000006,1.1137611952299313
0.94,0.6,0.3,1e-06,0.02,8.673000000000005,1.7611277636787195
0.94,0.6,0.3,1e-06,0.04,8.925,1.3956342644117037
0.94,0.6,0.3,1e-06,0.06,8.100000000000003,2.0336174664867532
0.94,0.6,0.3,1e-06,0.08,8.802000000000008,1.5262621006891326
0.94,0.6,0.3,1e-06,0.1,8.741000000000003,1.663580175404843
0.94,0.6,0.3,1e-07,0.02,9.575000000000006,1.4488184841449232
0.94,0.6,0.3,1e-07,0.04,10.046000000000003,1.5816080424681696
0.94,0.6,0.3,1e-07,0.06,9.144000000000004,1.939614394667145
0.94,0.6,0.3,1e-07,0.08,10.036000000000003,2.1088632008738717
0.94,0.6,0.3,1e-07,0.1,9.134000000000006,1.9877535058452294
0.94,0.6,0.4,1e-06,0.02,8.320000000000004,1.7189648047589605
0.94,0.6,0.4,1e-06,0.04,9.600000000000005,1.0664333078069135
0.94,0.6,0.4,1e-06,0.06,8.842000000000004,1.7596465554195817
0.94,0.6,0.4,1e-06,0.08,9.635000000000003,1.4828738988868881
0.94,0.6,0.4,1e-06,0.1,8.813000000000002,1.5696404046787302
0.94,0.6,0.4,1e-07,0.02,9.659000000000004,0.9931661492419074
0.94,0.6,0.4,1e-07,0.04,10.157000000000002,1.3815104053173093
0.94,0.6,0.4,1e-07,0.06,9.980000000000002,1.8530191580229252
0.94,0.6,0.4,1e-07,0.08,10.388000000000005,1.6095390644529277
0.94,0.6,0.4,1e-07,0.1,9.669000000000002,2.0047989924179435
0.94,0.6,0.5,1e-06,0.02,8.441000000000004,1.968080028860618
0.94,0.6,0.5,1e-06,0.04,8.674000000000003,1.7547204905625322
0.94,0.6,0.5,1e-06,0.06,8.820000000000002,1.8004999305748384
0.94,0.6,0.5,1e-06,0.08,9.636000000000006,1.4730322467617574
0.94,0.6,0.5,1e-06,0.1,9.211000000000002,1.0246262733309168
0.94,0.6,0.5,1e-07,0.02,9.302000000000001,1.5197223430613893
0.94,0.6,0.5,1e-07,0.04,9.084,1.686459012250226
0.94,0.6,0.5,1e-07,0.06,8.907000000000004,1.865928991146235
0.94,0.6,0.5,1e-07,0.08,9.572000000000005,1.196852538953732
0.94,0.6,0.5,1e-07,0.1,9.625000000000004,1.6705433247898718
0.94,0.6,0.6,1e-06,0.02,6.958000000000004,1.8677569435020198
0.94,0.6,0.6,1e-06,0.04,7.433000000000009,1.9182103638548071
0.94,0.6,0.6,1e-06,0.06,8.603000000000005,1.8095775750157816
0.94,0.6,0.6,1e-06,0.08,8.162000000000004,1.9309054870707665
0.94,0.6,0.6,1e-06,0.1,8.656000000000002,1.8454983066911752
0.94,0.6,0.6,1e-07,0.02,7.977000000000002,2.4468124161855984
0.94,0.6,0.6,1e-07,0.04,8.484000000000004,1.4281960649714736
0.94,0.6,0.6,1e-07,0.06,8.727000000000007,2.5336082964815247
0.94,0.6,0.6,1e-07,0.08,8.778000000000006,2.1514357996463667
0.94,0.6,0.6,1e-07,0.1,8.995000000000005,1.6599262031789264
0.94,0.6,0.7,1e-06,0.02,6.821000000000002,1.6974743002472819
0.94,0.6,0.7,1e-06,0.04,7.650000000000006,2.2649812361253674
0.94,0.6,0.7,1e-06,0.06,6.890000000000005,2.022804983185478
0.94,0.6,0.7,1e-06,0.08,7.581,1.8582193089083974
0.94,0.6,0.7,1e-06,0.1,7.244000000000002,1.6796142414256912
0.94,0.6,0.7,1e-07,0.02,8.265000000000002,1.9971367003788172
0.94,0.6,0.7,1e-07,0.04,8.117,2.590168141260329
0.94,0.6,0.7,1e-07,0.06,7.711,2.226274691047804
0.94,0.6,0.7,1e-07,0.08,7.878000000000003,1.6549912386475034
0.94,0.6,0.7,1e-07,0.1,7.801000000000002,2.4672533311356584
0.94,0.8,0.3,1e-06,0.02,7.8260000000000005,1.9616635797200315
0.94,0.8,0.3,1e-06,0.04,6.559000000000003,1.6794460396213982
0.94,0.8,0.3,1e-06,0.06,7.512000000000003,1.6251572231633473
0.94,0.8,0.3,1e-06,0.08,8.209000000000003,2.3218912549902053
0.94,0.8,0.3,1e-06,0.1,7.5770000000000035,2.0552106947950604
0.94,0.8,0.3,1e-07,0.02,7.616000000000002,2.2215814187195573
0.94,0.8,0.3,1e-07,0.04,7.099000000000006,2.3325648972751023
0.94,0.8,0.3,1e-07,0.06,8.040000000000006,2.5588669367514982
0.94,0.8,0.3,1e-07,0.08,7.404000000000002,2.360682952028925
0.94,0.8,0.3,1e-07,0.1,8.087000000000002,2.4864615420311673
0.94,0.8,0.4,1e-06,0.02,5.762000000000008,2.352512699221834
0.94,0.8,0.4,1e-06,0.04,6.151000000000009,1.6522163901862243
0.94,0.8,0.4,1e-06,0.06,7.1560000000000015,2.2995182104084315
0.94,0.8,0.4,1e-06,0.08,6.8760000000000066,1.8831526757010417
0.94,0.8,0.4,1e-06,0.1,7.355000000000007,2.276425926754485
0.94,0.8,0.4,1e-07,0.02,6.525000000000004,3.1264860466664475
0.94,0.8,0.4,1e-07,0.04,6.509000000000002,2.476525590418965
0.94,0.8,0.4,1e-07,0.06,6.577000000000007,2.837465594505069
0.94,0.8,0.4,1e-07,0.08,7.249000000000004,2.811906648521603
0.94,0.8,0.4,1e-07,0.1,8.073000000000002,2.8308887297101593
0.94,0.8,0.5,1e-06,0.02,4.244000000000005,1.3945981500059461
0.94,0.8,0.5,1e-06,0.04,6.007000000000003,2.0612935259200653
0.94,0.8,0.5,1e-06,0.06,5.609000000000004,1.8350201633769618
0.94,0.8,0.5,1e-06,0.08,5.8100000000000005,2.1499627903756844
0.94,0.8,0.5,1e-06,0.1,6.293000000000002,1.8311338017741925
0.94,0.8,0.5,1e-07,0.02,4.541000000000006,2.250737434708899
0.94,0.8,0.5,1e-07,0.04,5.680000000000005,2.7966765991083062
0.94,0.8,0.5,1e-07,0.06,5.890000000000003,2.5978183154331647
0.94,0.8,0.5,1e-07,0.08,5.699000000000005,2.4436487063405825
0.94,0.8,0.5,1e-07,0.1,5.288000000000006,2.080715261634804
0.94,0.8,0.6,1e-06,0.02,4.091000000000003,1.8032135203574762
0.94,0.8,0.6,1e-06,0.04,4.393000000000003,1.2220028641537621
0.94,0.8,0.6,1e-06,0.06,5.241000000000005,1.571463967133831
0.94,0.8,0.6,1e-06,0.08,4.688000000000002,2.3238709086349876
0.94,0.8,0.6,1e-06,0.1,5.429000000000005,1.812142102595708
0.94,0.8,0.6,1e-07,0.02,4.607000000000002,3.201213988473745
0.94,0.8,0.6,1e-07,0.04,4.106000000000003,2.084448128402333
0.94,0.8,0.6,1e-07,0.06,4.980000000000001,2.33936743586808
0.94,0.8,0.6,1e-07,0.08,3.6960000000000006,2.381273608806851
0.94,0.8,0.6,1e-07,0.1,4.645000000000006,2.206153893090871
0.94,0.8,0.7,1e-06,0.02,4.341000000000001,2.286940969942161
0.94,0.8,0.7,1e-06,0.04,3.860000000000005,1.464254076313258
0.94,0.8,0.7,1e-06,0.06,4.302000000000004,1.624978769092076
0.94,0.8,0.7,1e-06,0.08,3.922000000000004,1.9789583118398428
0.94,0.8,0.7,1e-06,0.1,3.9710000000000023,2.1377228538797977
0.94,0.8,0.7,1e-07,0.02,3.9200000000000017,2.8415981418912857
0.94,0.8,0.7,1e-07,0.04,3.6190000000000024,1.5467317155861255
0.94,0.8,0.7,1e-07,0.06,3.9880000000000053,2.6095700795341763
0.94,0.8,0.7,1e-07,0.08,2.860000000000008,1.9393297811357413
0.94,0.8,0.7,1e-07,0.1,3.5910000000000037,2.283343819927257
0.94,1.0,0.3,1e-06,0.02,4.637000000000003,2.351070181853361
0.94,1.0,0.3,1e-06,0.04,5.347000000000001,2.2218935618071356
0.94,1.0,0.3,1e-06,0.06,5.335000000000005,2.055372229062172
0.94,1.0,0.3,1e-06,0.08,4.937000000000005,1.718874922732889
0.94,1.0,0.3,1e-06,0.1,6.060000000000005,2.3781421320013645
0.94,1.0,0.3,1e-07,0.02,4.129000000000007,2.1510785666730086
0.94,1.0,0.3,1e-07,0.04,4.983000000000004,2.467057153776539
0.94,1.0,0.3,1e-07,0.06,4.893000000000003,2.214942662914773
0.94,1.0,0.3,1e-07,0.08,4.075000000000005,1.2570739835029587
0.94,1.0,0.3,1e-07,0.1,4.932000000000004,2.5898833950585485
0.94,1.0,0.4,1e-06,0.02,3.493000000000008,2.1135209958739454
0.94,1.0,0.4,1e-06,0.04,3.4890000000000043,1.5890056639294923
0.94,1.0,0.4,1e-06,0.06,3.8830000000000053,1.3071078761907913
0.94,1.0,0.4,1e-06,0.08,4.522000000000003,2.145422102990458
0.94,1.0,0.4,1e-06,0.1,4.772000000000006,2.5307658919781537
0.94,1.0,0.4,1e-07,0.02,3.461000000000003,2.0014841992881203
0.94,1.0,0.4,1e-07,0.04,3.252000000000005,1.5266879183382591
0.94,1.0,0.4,1e-07,0.06,3.5620000000000074,1.8402597642724225
0.94,1.0,0.4,1e-07,0.08,3.387000000000002,1.4375851279141694
0.94,1.0,0.4,1e-07,0.1,3.555000000000008,1.5266286385365633
0.94,1.0,0.5,1e-06,0.02,2.111000000000003,1.0346685459604923
0.94,1.0,0.5,1e-06,0.04,3.0320000000000062,2.1072958975900846
0.94,1.0,0.5,1e-06,0.06,3.265000000000005,1.4609431884915984
0.94,1.0,0.5,1e-06,0.08,2.8370000000000033,1.422607113717628
0.94,1.0,0.5,1e-06,0.1,2.9070000000000036,1.5060580998089013
0.94,1.0,0.5,1e-07,0.02,1.7710000000000066,0.8357146642245787
0.94,1.0,0.5,1e-07,0.04,2.5890000000000044,2.1453342396932
0.94,1.0,0.5,1e-07,0.06,2.520000000000003,1.1227822584989504
0.94,1.0,0.5,1e-07,0.08,2.3070000000000035,1.3441915786077496
0.94,1.0,0.5,1e-07,0.1,2.086000000000007,1.2349753033967943
0.94,1.0,0.6,1e-06,0.02,1.7620000000000033,0.8026182155919467
0.94,1.0,0.6,1e-06,0.04,2.110000000000005,1.0341663309158764
0.94,1.0,0.6,1e-06,0.06,2.495000000000002,1.308309978560128
0.94,1.0,0.6,1e-06,0.08,1.970000000000003,0.8071802772615286
0.94,1.0,0.6,1e-06,0.1,2.1920000000000015,1.3365238493943892
0.94,1.0,0.6,1e-07,0.02,1.9380000000000053,1.189367899348221
0.94,1.0,0.6,1e-07,0.04,2.2820000000000036,1.8888716208361018
0.94,1.0,0.6,1e-07,0.06,2.3290000000000033,1.4238605971091427
0.94,1.0,0.6,1e-07,0.08,1.831000000000003,1.0640953904608348
0.94,1.0,0.6,1e-07,0.1,1.705000000000004,1.116940016294519
0.94,1.0,0.7,1e-06,0.02,2.1910000000000025,1.5553967339556813
0.94,1.0,0.7,1e-06,0.04,2.1990000000000065,1.1528829081914589
0.94,1.0,0.7,1e-06,0.06,2.688000000000007,2.2133811239820393
0.94,1.0,0.7,1e-06,0.08,1.9620000000000046,1.7362822351219251
0.94,1.0,0.7,1e-06,0.1,1.6980000000000075,0.867315398226043
0.94,1.0,0.7,1e-07,0.02,1.9990000000000023,1.494797310674597
0.94,1.0,0.7,1e-07,0.04,1.5170000000000043,0.5780060553316051
0.94,1.0,0.7,1e-07,0.06,1.9540000000000077,1.260001587300587
0.94,1.0,0.7,1e-07,0.08,1.4130000000000038,0.6403834788624703
0.94,1.0,0.7,1e-07,0.1,1.5040000000000036,1.0506112506536371
0.96,0.2,0.3,1e-06,0.02,8.173000000000002,1.930826506965346
0.96,0.2,0.3,1e-06,0.04,7.458000000000007,2.2878452744886393
0.96,0.2,0.3,1e-06,0.06,7.187,1.761173188530872
0.96,0.2,0.3,1e-06,0.08,7.579000000000002,1.775201115366935
0.96,0.2,0.3,1e-06,0.1,6.837000000000008,1.9047338396741929
0.96,0.2,0.3,1e-07,0.02,9.947000000000005,1.7447438207370174
0.96,0.2,0.3,1e-07,0.04,7.696000000000002,2.3243803475335083
0.96,0.2,0.3,1e-07,0.06,7.605000000000006,2.091591499313382
0.96,0.2,0.3,1e-07,0.08,8.000000000000004,2.1704377438664326
0.96,0.2,0.3,1e-07,0.1,7.312000000000002,1.6981684250980513
0.96,0.2,0.4,1e-06,0.02,8.884000000000004,1.4034899358385153
0.96,0.2,0.4,1e-06,0.04,8.154000000000007,2.1669434694979937
0.96,0.2,0.4,1e-06,0.06,8.184000000000005,1.9936860334566235
0.96,0.2,0.4,1e-06,0.08,8.596000000000005,1.5294783424422866
0.96,0.2,0.4,1e-06,0.1,8.138000000000002,1.7244929689621828
0.96,0.2,0.4,1e-07,0.02,9.821000000000007,1.5624656796230785
0.96,0.2,0.4,1e-07,0.04,9.197000000000001,1.7491743766703194
0.96,0.2,0.4,1e-07,0.06,8.615000000000007,1.4651945263343011
0.96,0.2,0.4,1e-07,0.08,9.226000000000004,1.4997479788284436
0.96,0.2,0.4,1e-07,0.1,9.208000000000002,1.7804426415922527
0.96,0.2,0.5,1e-06,0.02,9.053000000000008,2.1232736516991872
0.96,0.2,0.5,1e-06,0.04,9.182000000000004,1.9777249555992356
0.96,0.2,0.5,1e-06,0.06,8.952000000000004,1.0997526994738442
0.96,0.2,0.5,1e-06,0.08,8.729000000000003,1.7779029782302525
0.96,0.2,0.5,1e-06,0.1,9.358000000000002,1.731310486307991
0.96,0.2,0.5,1e-07,0.02,10.557000000000004,1.7810028074093558
0.96,0.2,0.5,1e-07,0.04,9.977000000000004,1.404368541373667
0.96,0.2,0.5,1e-07,0.06,9.821000000000002,1.060386250382383
0.96,0.2,0.5,1e-07,0.08,9.977000000000007,1.4955972051324533
0.96,0.2,0.5,1e-07,0.1,9.847000000000008,0.9598390490076987
0.96,0.2,0.6,1e-06,0.02,9.543000000000003,1.7394398523662733
0.96,0.2,0.6,1e-06,0.04,8.559,1.6070031113846666
0.96,0.2,0.6,1e-06,0.06,9.255000000000006,1.256469259472751
0.96,0.2,0.6,1e-06,0.08,9.570000000000004,1.0397018803484026
0.96,0.2,0.6,1e-06,0.1,8.956000000000005,1.4584594612124118
0.96,0.2,0.6,1e-07,0.02,10.577000000000002,1.4241527305735144
0.96,0.2,0.6,1e-07,0.04,9.932000000000004,1.1202571133449695
0.96,0.2,0.6,1e-07,0.06,9.930000000000003,1.3297894570194178
0.96,0.2,0.6,1e-07,0.08,10.340000000000003,1.1638900291694254
0.96,0.2,0.6,1e-07,0.1,9.842000000000006,0.9985970158176913
0.96,0.2,0.7,1e-06,0.02,9.736000000000004,1.7516004110527021
0.96,0.2,0.7,1e-06,0.04,9.300000000000008,1.3775340286178053
0.96,0.2,0.7,1e-06,0.06,9.131000000000002,0.8047477865766394
0.96,0.2,0.7,1e-06,0.08,9.472000000000001,1.090731864391979
0.96,0.2,0.7,1e-06,0.1,9.477000000000004,1.7716238314043942
0.96,0.2,0.7,1e-07,0.02,10.622000000000003,1.4125423887444966
0.96,0.2,0.7,1e-07,0.04,9.817000000000009,1.3555408514685203
0.96,0.2,0.7,1e-07,0.06,9.962000000000005,1.0707735521575037
0.96,0.2,0.7,1e-07,0.08,10.320000000000002,1.1528052741031345
0.96,0.2,0.7,1e-07,0.1,10.162000000000004,0.9937585219760404
0.96,0.4,0.3,1e-06,0.02,8.516000000000004,1.8833438347789848
0.96,0.4,0.3,1e-06,0.04,8.349000000000006,1.5475073505479695
0.96,0.4,0.3,1e-06,0.06,8.183000000000003,1.7431956287232928
0.96,0.4,0.3,1e-06,0.08,8.514000000000005,1.3956661491918472
0.96,0.4,0.3,1e-06,0.1,9.075000000000006,2.242461816843265
0.96,0.4,0.3,1e-07,0.02,9.365000000000006,1.5278596139698162
0.96,0.4,0.3,1e-07,0.04,9.269000000000005,1.757549145827793
0.96,0.4,0.3,1e-07,0.06,8.671000000000003,1.557041746389608
0.96,0.4,0.3,1e-07,0.08,8.729000000000003,1.7704742302558347
0.96,0.4,0.3,1e-07,0.1,9.103000000000005,1.6683917405693445
0.96,0.4,0.4,1e-06,0.02,9.134000000000002,0.904701055597926
0.96,0.4,0.4,1e-06,0.04,8.823000000000004,1.3221236704635464
0.96,0.4,0.4,1e-06,0.06,9.122000000000005,1.5512175862850444
0.96,0.4,0.4,1e-06,0.08,9.291000000000002,1.9448853436642475
0.96,0.4,0.4,1e-06,0.1,9.362000000000005,2.0616003492432795
0.96,0.4,0.4,1e-07,0.02,9.787000000000006,1.1120840795551412
0.96,0.4,0.4,1e-07,0.04,10.45,1.0358667868022404
0.96,0.4,0.4,1e-07,0.06,9.886000000000003,1.1906821574206958
0.96,0.4,0.4,1e-07,0.08,9.963000000000005,1.2224937627652745
0.96,0.4,0.4,1e-07,0.1,9.922000000000004,1.1533412331135962
0.96,0.4,0.5,1e-06,0.02,9.155000000000005,1.559062218129858
0.96,0.4,0.5,1e-06,0.04,9.378000000000002,1.9701664904266336
0.96,0.4,0.5,1e-06,0.06,9.483000000000008,1.9861044786214075
0.96,0.4,0.5,1e-06,0.08,9.722000000000005,1.350079997629772
0.96,0.4,0.5,1e-06,0.1,9.294000000000006,1.1802220130128045
0.96,0.4,0.5,1e-07,0.02,10.065000000000007,0.9515645012294225
0.96,0.4,0.5,1e-07,0.04,9.584000000000003,1.8715191690175121
0.96,0.4,0.5,1e-07,0.06,10.194000000000006,2.020941364809974
0.96,0.4,0.5,1e-07,0.08,10.263000000000009,1.215043620616149
0.96,0.4,0.5,1e-07,0.1,10.523000000000005,1.3755329876088034
0.96,0.4,0.6,1e-06,0.02,9.868000000000006,1.1299274312981336
0.96,0.4,0.6,1e-06,0.04,9.897000000000004,1.118074684446436
0.96,0.4,0.6,1e-06,0.06,9.715000000000005,1.2930255217898832
0.96,0.4,0.6,1e-06,0.08,9.318000000000007,1.2356682402651606
0.96,0.4,0.6,1e-06,0.1,10.105000000000002,1.00994801846432
0.96,0.4,0.6,1e-07,0.02,10.717000000000004,1.1824258961981537
0.96,0.4,0.6,1e-07,0.04,10.481000000000005,1.2751074464530432
0.96,0.4,0.6,1e-07,0.06,10.585000000000008,1.2409653500400437
0.96,0.4,0.6,1e-07,0.08,10.857000000000003,1.5981273416095472
0.96,0.4,0.6,1e-07,0.1,11.215000000000005,2.172048572200908
0.96,0.4,0.7,1e-06,0.02,9.090000000000002,1.5563739910445669
0.96,0.4,0.7,1e-06,0.04,9.624000000000006,1.0516387212346254
0.96,0.4,0.7,1e-06,0.06,8.752000000000004,1.3897395439433948
0.96,0.4,0.7,1e-06,0.08,8.889000000000001,0.9745455351085462
0.96,0.4,0.7,1e-06,0.1,9.699000000000007,1.023571687767888
0.96,0.4,0.7,1e-07,0.02,10.117000000000003,1.158279327278181
0.96,0.4,0.7,1e-07,0.04,10.565000000000005,1.1988807280125946
0.96,0.4,0.7,1e-07,0.06,9.571000000000007,0.9440015889817152
0.96,0.4,0.7,1e-07,0.08,9.977000000000006,1.1070189700271627
0.96,0.4,0.7,1e-07,0.1,10.371000000000006,1.025250701048284
0.96,0.6,0.3,1e-06,0.02,8.916,1.7334889673718719
0.96,0.6,0.3,1e-06,0.04,8.607000000000001,1.4706226572442027
0.96,0.6,0.3,1e-06,0.06,8.415000000000004,2.113659149437296
0.96,0.6,0.3,1e-06,0.08,9.003000000000004,1.715170836972223
0.96,0.6,0.3,1e-06,0.1,8.382000000000003,2.038635818384444
0.96,0.6,0.3,1e-07,0.02,9.591000000000006,1.4343705936751512
0.96,0.6,0.3,1e-07,0.04,9.926000000000005,1.6342105127553175
0.96,0.6,0.3,1e-07,0.06,8.802000000000001,1.7655809242286238
0.96,0.6,0.3,1e-07,0.08,9.339000000000002,1.4796820604440635
0.96,0.6,0.3,1e-07,0.1,9.018000000000004,2.1565426033352564
0.96,0.6,0.4,1e-06,0.02,8.244000000000003,1.443476359349194
0.96,0.6,0.4,1e-06,0.04,9.382000000000005,1.5425290921081545
0.96,0.6,0.4,1e-06,0.06,9.044000000000002,2.011681883400059
0.96,0.6,0.4,1e-06,0.08,9.239000000000003,1.1767663319453017
0.96,0.6,0.4,1e-06,0.1,9.002000000000002,1.4568994474568242
0.96,0.6,0.4,1e-07,0.02,9.540000000000003,1.2455520864259377
0.96,0.6,0.4,1e-07,0.04,10.007000000000001,1.6656923485445947
0.96,0.6,0.4,1e-07,0.06,9.138000000000005,1.3491908686320113
0.96,0.6,0.4,1e-07,0.08,9.661000000000005,1.0630799593633624
0.96,0.6,0.4,1e-07,0.1,9.316000000000006,2.0852203720470395
0.96,0.6,0.5,1e-06,0.02,7.896000000000006,1.4923216811398266
0.96,0.6,0.5,1e-06,0.04,8.014000000000006,1.753511904721494
0.96,0.6,0.5,1e-06,0.06,8.837000000000005,1.9806188426852867
0.96,0.6,0.5,1e-06,0.08,9.546000000000003,1.5789756172911598
0.96,0.6,0.5,1e-06,0.1,8.835000000000004,1.5708071173762899
0.96,0.6,0.5,1e-07,0.02,8.961000000000002,2.1155753354584204
0.96,0.6,0.5,1e-07,0.04,8.737000000000004,1.5073854848710717
0.96,0.6,0.5,1e-07,0.06,8.711000000000004,1.8378626172812809
0.96,0.6,0.5,1e-07,0.08,9.716000000000003,0.8218905036560537
0.96,0.6,0.5,1e-07,0.1,9.019000000000007,1.4308525430665473
0.96,0.6,0.6,1e-06,0.02,7.306000000000002,1.9756528035057181
0.96,0.6,0.6,1e-06,0.04,7.560000000000008,1.7567583783776293
0.96,0.6,0.6,1e-06,0.06,8.619000000000003,2.3660133135720085
0.96,0.6,0.6,1e-06,0.08,7.566000000000004,1.9127163929866864
0.96,0.6,0.6,1e-06,0.1,8.490000000000006,2.266755390420414
0.96,0.6,0.6,1e-07,0.02,7.735000000000004,2.25417723349341
0.96,0.6,0.6,1e-07,0.04,7.998000000000005,1.842356100215154
0.96,0.6,0.6,1e-07,0.06,8.496000000000002,2.560754576291916
0.96,0.6,0.6,1e-07,0.08,8.05,2.095781477158341
0.96,0.6,0.6,1e-07,0.1,8.425000000000006,2.0496328939593096
0.96,0.6,0.7,1e-06,0.02,7.268000000000001,1.693757952010852
0.96,0.6,0.7,1e-06,0.04,7.407000000000004,1.8984970371322676
0.96,0.6,0.7,1e-06,0.06,7.140000000000003,2.171322177844641
0.96,0.6,0.7,1e-06,0.08,7.579000000000008,2.015732869206632
0.96,0.6,0.7,1e-06,0.1,7.137000000000005,1.924445634462042
0.96,0.6,0.7,1e-07,0.02,9.023000000000001,2.7394399062582115
0.96,0.6,0.7,1e-07,0.04,7.892000000000006,2.612434879571159
0.96,0.6,0.7,1e-07,0.06,7.469000000000003,2.4450396724797723
0.96,0.6,0.7,1e-07,0.08,7.883000000000005,2.3766470078663393
0.96,0.6,0.7,1e-07,0.1,6.799000000000004,3.10854612319007
0.96,0.8,0.3,1e-06,0.02,7.961000000000001,2.1833504070579246
0.96,0.8,0.3,1e-06,0.04,6.607000000000005,1.4745612906895385
0.96,0.8,0.3,1e-06,0.06,7.043000000000004,1.7396353066088286
0.96,0.8,0.3,1e-06,0.08,8.082000000000004,1.9032172760880477
0.96,0.8,0.3,1e-06,0.1,7.202000000000005,2.0863738878734064
0.96,0.8,0.3,1e-07,0.02,7.699000000000003,1.8843086265259221
0.96,0.8,0.3,1e-07,0.04,6.661000000000006,2.1589115313046037
0.96,0.8,0.3,1e-07,0.06,7.742,2.5780527535331763
0.96,0.8,0.3,1e-07,0.08,7.343000000000001,2.3732616796299553
0.96,0.8,0.3,1e-07,0.1,7.583000000000001,2.717854116761971
0.96,0.8,0.4,1e-06,0.02,6.158000000000006,2.981488889799857
0.96,0.8,0.4,1e-06,0.04,6.093000000000005,2.1840080128058132
0.96,0.8,0.4,1e-06,0.06,6.947000000000003,2.061186794058219
0.96,0.8,0.4,1e-06,0.08,6.788000000000004,1.8965800800388037
0.96,0.8,0.4,1e-06,0.1,7.2000000000000055,2.2265848288354078
0.96,0.8,0.4,1e-07,0.02,6.201000000000002,3.3105858998068642
0.96,0.8,0.4,1e-07,0.04,5.815000000000005,2.1845720404692535
0.96,0.8,0.4,1e-07,0.06,6.149000000000001,2.5062839025138364
0.96,0.8,0.4,1e-07,0.08,6.361000000000006,2.4745947142916136
0.96,0.8,0.4,1e-07,0.1,7.587000000000003,2.391972198835093
0.96,0.8,0.5,1e-06,0.02,4.306000000000006,1.407865050351064
0.96,0.8,0.5,1e-06,0.04,5.8260000000000005,2.0138132981982197
0.96,0.8,0.5,1e-06,0.06,5.268000000000001,1.4472511875966794
0.96,0.8,0.5,1e-06,0.08,6.011000000000007,2.1794354773656415
0.96,0.8,0.5,1e-06,0.1,6.446000000000003,2.654461150591583
0.96,0.8,0.5,1e-07,0.02,4.854000000000004,2.5433843594706675
0.96,0.8,0.5,1e-07,0.04,5.454000000000005,2.6857557595581927
0.96,0.8,0.5,1e-07,0.06,5.636000000000005,2.4125720714623213
0.96,0.8,0.5,1e-07,0.08,5.925000000000006,2.681595607096644
0.96,0.8,0.5,1e-07,0.1,5.063000000000004,2.243713662658409
0.96,0.8,0.6,1e-06,0.02,3.9990000000000037,1.6968261549139294
0.96,0.8,0.6,1e-06,0.04,4.848999999999998,2.022992585255814
0.96,0.8,0.6,1e-06,0.06,5.310000000000008,2.0915496647223075
0.96,0.8,0.6,1e-06,0.08,4.008999999999999,2.0178946949729544
0.96,0.8,0.6,1e-06,0.1,5.226000000000006,1.9298093170051829
0.96,0.8,0.6,1e-07,0.02,4.023000000000005,2.478049838078322
0.96,0.8,0.6,1e-07,0.04,4.224000000000004,2.2967681641820077
0.96,0.8,0.6,1e-07,0.06,4.414000000000003,2.001790198797068
0.96,0.8,0.6,1e-07,0.08,3.412000000000005,2.652850542341203
0.96,0.8,0.6,1e-07,0.1,4.846000000000002,2.5831384012476004
0.96,0.8,0.7,1e-06,0.02,3.806000000000003,2.0158680512374834
0.96,0.8,0.7,1e-06,0.04,4.6710000000000065,2.4798264052146872
0.96,0.8,0.7,1e-06,0.06,4.302000000000004,1.9957043869270799
0.96,0.8,0.7,1e-06,0.08,3.8350000000000035,1.784173478112485
0.96,0.8,0.7,1e-06,0.1,3.863000000000004,2.366062340683358
0.96,0.8,0.7,1e-07,0.02,4.292000000000006,2.9046404252506046
0.96,0.8,0.7,1e-07,0.04,3.420000000000006,1.55865326484116
0.96,0.8,0.7,1e-07,0.06,3.373000000000006,1.6281802725742602
0.96,0.8,0.7,1e-07,0.08,2.881000000000003,2.1182962493475723
0.96,0.8,0.7,1e-07,0.1,3.5650000000000035,2.3704588163475866
0.96,1.0,0.3,1e-06,0.02,4.180000000000005,1.7734035073834724
0.96,1.0,0.3,1e-06,0.04,5.533000000000004,2.25000688887834
0.96,1.0,0.3,1e-06,0.06,5.525000000000004,2.376424835756436
0.96,1.0,0.3,1e-06,0.08,4.694000000000005,1.2384199610794402
0.96,1.0,0.3,1e-06,0.1,6.342000000000004,2.4749779797000233
0.96,1.0,0.3,1e-07,0.02,4.322000000000003,2.698050407238532
0.96,1.0,0.3,1e-07,0.04,5.0340000000000105,2.522356834391203
0.96,1.0,0.3,1e-07,0.06,5.089000000000001,2.443697812741993
0.96,1.0,0.3,1e-07,0.08,4.011000000000005,1.4470172770219443
0.96,1.0,0.3,1e-07,0.1,5.034000000000002,2.6997340609771183
0.96,1.0,0.4,1e-06,0.02,3.2640000000000056,1.910712955940793
0.96,1.0,0.4,1e-06,0.04,3.467000000000006,1.5545710019166055
0.96,1.0,0.4,1e-06,0.06,4.306000000000003,1.9642616933596209
0.96,1.0,0.4,1e-06,0.08,4.391000000000005,2.0749021663683327
0.96,1.0,0.4,1e-06,0.1,4.823000000000009,2.180433672460594
0.96,1.0,0.4,1e-07,0.02,3.3000000000000043,2.2878548905033274
0.96,1.0,0.4,1e-07,0.04,3.475000000000004,2.021018307685509
0.96,1.0,0.4,1e-07,0.06,3.6400000000000077,2.072708373119576
0.96,1.0,0.4,1e-07,0.08,3.0410000000000053,1.4089212185214597
0.96,1.0,0.4,1e-07,0.1,3.7400000000000033,2.036585377537607
0.96,1.0,0.5,1e-06,0.02,2.0290000000000035,1.3332887909226556
0.96,1.0,0.5,1e-06,0.04,2.8110000000000026,1.7527860679501128
0.96,1.0,0.5,1e-06,0.06,3.509000000000005,1.6972386396732775
0.96,1.0,0.5,1e-06,0.08,2.964000000000003,1.5471211975795511
0.96,1.0,0.5,1e-06,0.1,2.6970000000000054,1.4650634798533473
0.96,1.0,0.5,1e-07,0.02,1.7710000000000021,0.9007213775635604
0.96,1.0,0.5,1e-07,0.04,2.571000000000005,2.1328898236899154
0.96,1.0,0.5,1e-07,0.06,2.374000000000005,1.1502886594242365
0.96,1.0,0.5,1e-07,0.08,2.4810000000000016,1.5489928986280055
0.96,1.0,0.5,1e-07,0.1,2.103000000000004,1.3564110733844639
0.96,1.0,0.6,1e-06,0.02,2.046000000000005,1.2376283771795134
0.96,1.0,0.6,1e-06,0.04,2.107000000000005,1.0654252672055413
0.96,1.0,0.6,1e-06,0.06,2.867000000000003,1.6115244335721373
0.96,1.0,0.6,1e-06,0.08,1.9560000000000017,0.7838520268520092
0.96,1.0,0.6,1e-06,0.1,2.3080000000000056,1.5461875694753207
0.96,1.0,0.6,1e-07,0.02,1.7380000000000038,1.1054392792008052
0.96,1.0,0.6,1e-07,0.04,2.168000000000005,1.773092214184021
0.96,1.0,0.6,1e-07,0.06,2.2950000000000044,1.3337447281995152
0.96,1.0,0.6,1e-07,0.08,1.7370000000000032,0.869833892188618
0.96,1.0,0.6,1e-07,0.1,1.6320000000000063,0.9087001705733292
0.96,1.0,0.7,1e-06,0.02,2.1000000000000028,1.2592537472646241
0.96,1.0,0.7,1e-06,0.04,1.7280000000000058,0.6303142073601059
0.96,1.0,0.7,1e-06,0.06,2.3260000000000063,1.3938306927313655
0.96,1.0,0.7,1e-06,0.08,1.5200000000000045,1.0884116868170803
0.96,1.0,0.7,1e-06,0.1,1.7080000000000026,1.0537248217632524
0.96,1.0,0.7,1e-07,0.02,1.780000000000004,1.2137874608019326
0.96,1.0,0.7,1e-07,0.04,1.494000000000004,0.7637565057006049
0.96,1.0,0.7,1e-07,0.06,1.6330000000000056,0.7622670135851365
0.96,1.0,0.7,1e-07,0.08,1.4310000000000045,1.007997519838219
0.96,1.0,0.7,1e-07,0.1,1.571000000000005,1.1447702826331558
0.98,0.2,0.3,1e-06,0.02,8.420000000000003,2.158471681537659
0.98,0.2,0.3,1e-06,0.04,6.420000000000007,1.7277384061251841
0.98,0.2,0.3,1e-06,0.06,7.123000000000002,1.86158292858524
0.98,0.2,0.3,1e-06,0.08,7.031000000000009,2.0339073233557126
0.98,0.2,0.3,1e-06,0.1,6.635000000000007,2.2173847207915873
0.98,0.2,0.3,1e-07,0.02,8.748000000000005,1.5403947546002619
0.98,0.2,0.3,1e-07,0.04,6.784000000000008,1.990493406168429
0.98,0.2,0.3,1e-07,0.06,6.845000000000008,1.8733913098976402
0.98,0.2,0.3,1e-07,0.08,7.3430000000000035,2.2658091270007694
0.98,0.2,0.3,1e-07,0.1,6.498000000000007,1.6147433232560506
0.98,0.2,0.4,1e-06,0.02,8.622000000000003,1.5246494679105775
0.98,0.2,0.4,1e-06,0.04,8.367000000000006,1.7387383356905641
0.98,0.2,0.4,1e-06,0.06,7.601000000000002,2.3104499561773677
0.98,0.2,0.4,1e-06,0.08,8.215000000000003,1.900398642390591
0.98,0.2,0.4,1e-06,0.1,7.914000000000004,1.9416910155840958
0.98,0.2,0.4,1e-07,0.02,9.633000000000004,2.188581960996664
0.98,0.2,0.4,1e-07,0.04,8.603000000000005,1.2646465909494242
0.98,0.2,0.4,1e-07,0.06,8.296000000000003,1.8421791443830873
0.98,0.2,0.4,1e-07,0.08,8.697000000000005,2.0296726337022926
0.98,0.2,0.4,1e-07,0.1,9.070000000000007,2.5430257568495045
0.98,0.2,0.5,1e-06,0.02,9.081000000000003,1.7346754739720065
0.98,0.2,0.5,1e-06,0.04,8.367000000000003,2.0801949427878146
0.98,0.2,0.5,1e-06,0.06,8.198000000000002,1.4822132100342382
0.98,0.2,0.5,1e-06,0.08,7.838000000000003,1.7650144475329397
0.98,0.2,0.5,1e-06,0.1,8.675000000000008,2.03708492704649
0.98,0.2,0.5,1e-07,0.02,10.188000000000006,2.049501402780686
0.98,0.2,0.5,1e-07,0.04,9.291000000000006,1.9279260877948632
0.98,0.2,0.5,1e-07,0.06,9.452000000000005,1.1599551715475913
0.98,0.2,0.5,1e-07,0.08,9.436000000000003,1.9904230706058428
0.98,0.2,0.5,1e-07,0.1,9.593000000000007,1.643049299321235
0.98,0.2,0.6,1e-06,0.02,9.453000000000007,2.0474987179483137
0.98,0.2,0.6,1e-06,0.04,8.665000000000004,1.7100511688250752
0.98,0.2,0.6,1e-06,0.06,8.891000000000007,2.400712185998149
0.98,0.2,0.6,1e-06,0.08,9.154000000000003,1.6842220756182975
0.98,0.2,0.6,1e-06,0.1,8.468000000000004,1.4293271144143302
0.98,0.2,0.6,1e-07,0.02,10.266000000000007,1.3096885125861042
0.98,0.2,0.6,1e-07,0.04,9.775000000000006,1.2300223575203817
0.98,0.2,0.6,1e-07,0.06,9.780000000000006,1.5551462953690238
0.98,0.2,0.6,1e-07,0.08,10.431000000000004,1.346379961229368
0.98,0.2,0.6,1e-07,0.1,9.377000000000004,1.2633016266909487
0.98,0.2,0.7,1e-06,0.02,9.472000000000003,1.9489422772365528
0.98,0.2,0.7,1e-06,0.04,8.759000000000004,1.3419310712551515
0.98,0.2,0.7,1e-06,0.06,8.565000000000007,1.5305668884436254
0.98,0.2,0.7,1e-06,0.08,9.120000000000003,1.6142862199746346
0.98,0.2,0.7,1e-06,0.1,9.107000000000003,1.4205952977537284
0.98,0.2,0.7,1e-07,0.02,10.299000000000003,1.1106840234738204
0.98,0.2,0.7,1e-07,0.04,9.444000000000004,0.8514129432889745
0.98,0.2,0.7,1e-07,0.06,10.009000000000004,1.0441929898251592
0.98,0.2,0.7,1e-07,0.08,9.718000000000005,1.1573400537439302
0.98,0.2,0.7,1e-07,0.1,10.120000000000005,1.1176940547394882
0.98,0.4,0.3,1e-06,0.02,8.159000000000004,1.8898198326824724
0.98,0.4,0.3,1e-06,0.04,8.056000000000003,1.9418094654213611
0.98,0.4,0.3,1e-06,0.06,7.618000000000004,1.8802436012389465
0.98,0.4,0.3,1e-06,0.08,8.254000000000001,1.7450283665316164
0.98,0.4,0.3,1e-06,0.1,8.260000000000003,1.7126353961074121
0.98,0.4,0.3,1e-07,0.02,9.100000000000001,1.2273059928151588
0.98,0.4,0.3,1e-07,0.04,8.649000000000004,1.7951654519848563
0.98,0.4,0.3,1e-07,0.06,8.104000000000006,2.0896947145456464
0.98,0.4,0.3,1e-07,0.08,8.668000000000001,1.7692303411370733
0.98,0.4,0.3,1e-07,0.1,8.766000000000002,1.746105380554107
0.98,0.4,0.4,1e-06,0.02,8.863000000000003,1.221020474848807
0.98,0.4,0.4,1e-06,0.04,8.688000000000004,1.2190881838488943
0.98,0.4,0.4,1e-06,0.06,9.096000000000002,1.452743611240468
0.98,0.4,0.4,1e-06,0.08,9.250000000000002,1.4813979883879982
0.98,0.4,0.4,1e-06,0.1,8.865,1.2519564688917941
0.98,0.4,0.4,1e-07,0.02,9.690000000000003,1.0181453727243484
0.98,0.4,0.4,1e-07,0.04,10.347000000000005,1.216228185826984
0.98,0.4,0.4,1e-07,0.06,9.764000000000003,1.0733983417166257
0.98,0.4,0.4,1e-07,0.08,9.722000000000005,1.6167362184351535
0.98,0.4,0.4,1e-07,0.1,9.788000000000004,1.2777855845172152
0.98,0.4,0.5,1e-06,0.02,9.052000000000003,1.1877104024129759
0.98,0.4,0.5,1e-06,0.04,9.255,2.1981253376456973
0.98,0.4,0.5,1e-06,0.06,9.512000000000002,2.370463245865669
0.98,0.4,0.5,1e-06,0.08,10.243000000000006,1.852871015478412
0.98,0.4,0.5,1e-06,0.1,9.230000000000006,1.7564794334121874
0.98,0.4,0.5,1e-07,0.02,9.896000000000004,0.9387566244772929
0.98,0.4,0.5,1e-07,0.04,9.198000000000004,1.4394985237922238
0.98,0.4,0.5,1e-07,0.06,9.721000000000005,1.899604958932252
0.98,0.4,0.5,1e-07,0.08,10.324000000000007,2.0342133614741575
0.98,0.4,0.5,1e-07,0.1,10.104000000000005,0.9624053200185484
0.98,0.4,0.6,1e-06,0.02,9.520000000000008,0.80299439599539
0.98,0.4,0.6,1e-06,0.04,9.828000000000001,1.506391715325068
0.98,0.4,0.6,1e-06,0.06,9.644000000000004,1.4098453815933183
0.98,0.4,0.6,1e-06,0.08,9.131000000000004,1.2049809127119009
0.98,0.4,0.6,1e-06,0.1,10.184000000000005,1.6818394691527516
0.98,0.4,0.6,1e-07,0.02,10.323000000000004,0.7877632893198296
0.98,0.4,0.6,1e-07,0.04,9.971000000000007,0.9798055929621954
0.98,0.4,0.6,1e-07,0.06,10.345000000000002,1.6731273113543998
0.98,0.4,0.6,1e-07,0.08,10.181000000000008,1.6495390265161964
0.98,0.4,0.6,1e-07,0.1,10.648000000000003,1.4607723984248824
0.98,0.4,0.7,1e-06,0.02,8.682000000000002,1.4026532001888408
0.98,0.4,0.7,1e-06,0.04,9.393000000000008,1.2221337897300757
0.98,0.4,0.7,1e-06,0.06,8.796000000000005,1.394081776654443
0.98,0.4,0.7,1e-06,0.08,8.758000000000006,1.354221547605855
0.98,0.4,0.7,1e-06,0.1,9.133000000000006,1.3168488903439173
0.98,0.4,0.7,1e-07,0.02,9.895000000000007,1.1457901203972773
0.98,0.4,0.7,1e-07,0.04,10.510000000000003,1.0399711534460918
0.98,0.4,0.7,1e-07,0.06,9.306000000000006,1.0951913074892459
0.98,0.4,0.7,1e-07,0.08,9.864,1.2740266873185968
0.98,0.4,0.7,1e-07,0.1,10.438000000000006,1.304621017767231
0.98,0.6,0.3,1e-06,0.02,8.919000000000004,1.8299997267759367
0.98,0.6,0.3,1e-06,0.04,8.584,1.9023837678029114
0.98,0.6,0.3,1e-06,0.06,7.9370000000000065,1.670524169235513
0.98,0.6,0.3,1e-06,0.08,9.133000000000004,1.8340368044289626
0.98,0.6,0.3,1e-06,0.1,7.9620000000000015,1.7088346906591037
0.98,0.6,0.3,1e-07,0.02,9.325000000000003,1.22557537507899
0.98,0.6,0.3,1e-07,0.04,9.424000000000005,1.5896364364218625
0.98,0.6,0.3,1e-07,0.06,8.392000000000003,2.3479045977211235
0.98,0.6,0.3,1e-07,0.08,9.288000000000002,2.089874637388569
0.98,0.6,0.3,1e-07,0.1,8.174000000000007,1.6177527623218542
0.98,0.6,0.4,1e-06,0.02,8.667000000000005,1.7425874440038849
0.98,0.6,0.4,1e-06,0.04,8.776000000000003,1.812904851336659
0.98,0.6,0.4,1e-06,0.06,8.160000000000007,2.1994090115301423
0.98,0.6,0.4,1e-06,0.08,8.893000000000004,1.5786738105131173
0.98,0.6,0.4,1e-06,0.1,8.850000000000005,1.8838842851937612
0.98,0.6,0.4,1e-07,0.02,9.427,1.5849072528069261
0.98,0.6,0.4,1e-07,0.04,9.539000000000005,1.438714356639291
0.98,0.6,0.4,1e-07,0.06,9.413000000000007,2.2959989111495682
0.98,0.6,0.4,1e-07,0.08,9.802000000000003,1.324777717203908
0.98,0.6,0.4,1e-07,0.1,8.482000000000003,1.8859999999999966
0.98,0.6,0.5,1e-06,0.02,7.601000000000002,1.5804869502782974
0.98,0.6,0.5,1e-06,0.04,7.789000000000007,2.126080666390622
0.98,0.6,0.5,1e-06,0.06,7.836000000000003,1.6279508592092091
0.98,0.6,0.5,1e-06,0.08,9.097000000000005,1.5975640832217044
0.98,0.6,0.5,1e-06,0.1,8.430000000000003,1.709017261469289
0.98,0.6,0.5,1e-07,0.02,9.478000000000005,2.1235903559773477
0.98,0.6,0.5,1e-07,0.04,8.579000000000004,1.8030582353324047
0.98,0.6,0.5,1e-07,0.06,8.200000000000006,1.9752468200202176
0.98,0.6,0.5,1e-07,0.08,9.584000000000007,1.4644807953674213
0.98,0.6,0.5,1e-07,0.1,8.666000000000004,1.6323124700865352
0.98,0.6,0.6,1e-06,0.02,7.264000000000006,2.000285979553924
0.98,0.6,0.6,1e-06,0.04,7.334000000000008,2.07932777598915
0.98,0.6,0.6,1e-06,0.06,8.141000000000002,2.2344974826568973
0.98,0.6,0.6,1e-06,0.08,7.880000000000003,2.1400934559032665
0.98,0.6,0.6,1e-06,0.1,8.106000000000002,2.258708480525983
0.98,0.6,0.6,1e-07,0.02,7.578000000000005,2.2401062474802407
0.98,0.6,0.6,1e-07,0.04,8.128000000000005,2.2335388960123317
0.98,0.6,0.6,1e-07,0.06,7.973000000000004,2.1773954624734566
0.98,0.6,0.6,1e-07,0.08,7.796000000000005,2.1919361304563605
0.98,0.6,0.6,1e-07,0.1,8.305000000000003,2.343628596855738
0.98,0.6,0.7,1e-06,0.02,7.623000000000003,1.7261897346468036
0.98,0.6,0.7,1e-06,0.04,7.221000000000005,2.5666902812766472
0.98,0.6,0.7,1e-06,0.06,7.733000000000007,2.1726506852230085
0.98,0.6,0.7,1e-06,0.08,7.282000000000006,1.678057209990171
0.98,0.6,0.7,1e-06,0.1,7.0210000000000035,2.2096105991780526
0.98,0.6,0.7,1e-07,0.02,7.917000000000004,2.1728623978521937
0.98,0.6,0.7,1e-07,0.04,7.397000000000004,2.6451410170348213
0.98,0.6,0.7,1e-07,0.06,6.845000000000004,2.912942670221987
0.98,0.6,0.7,1e-07,0.08,7.343000000000002,2.6165418016916906
0.98,0.6,0.7,1e-07,0.1,6.177000000000004,2.1735526218612713
0.98,0.8,0.3,1e-06,0.02,7.156000000000003,1.8767375948704166
0.98,0.8,0.3,1e-06,0.04,6.4390000000000045,1.7834738573918034
0.98,0.8,0.3,1e-06,0.06,7.188000000000002,1.7344901268096082
0.98,0.8,0.3,1e-06,0.08,7.516000000000004,1.9672681566070256
0.98,0.8,0.3,1e-06,0.1,6.947000000000005,2.118275477835686
0.98,0.8,0.3,1e-07,0.02,7.385000000000003,2.0358376654340606
0.98,0.8,0.3,1e-07,0.04,6.193000000000003,2.403699440445912
0.98,0.8,0.3,1e-07,0.06,7.085000000000006,2.259538669728846
0.98,0.8,0.3,1e-07,0.08,7.182000000000007,2.2705849466602195
0.98,0.8,0.3,1e-07,0.1,7.194000000000005,2.541378366162743
0.98,0.8,0.4,1e-06,0.02,6.151000000000005,2.7212973009210137
0.98,0.8,0.4,1e-06,0.04,6.514000000000005,2.0544984789480853
0.98,0.8,0.4,1e-06,0.06,6.719000000000004,1.6184866388079953
0.98,0.8,0.4,1e-06,0.08,6.886000000000005,1.8607428624073805
0.98,0.8,0.4,1e-06,0.1,6.689000000000002,2.0553488754953495
0.98,0.8,0.4,1e-07,0.02,5.874000000000002,3.0898550127797253
0.98,0.8,0.4,1e-07,0.04,5.914000000000003,2.3200956876818664
0.98,0.8,0.4,1e-07,0.06,6.275000000000001,2.712223257772117
0.98,0.8,0.4,1e-07,0.08,6.342000000000006,2.548120091361472
0.98,0.8,0.4,1e-07,0.1,7.350000000000001,2.9140727513224514
0.98,0.8,0.5,1e-06,0.02,4.774000000000004,1.691994089824193
0.98,0.8,0.5,1e-06,0.04,5.306000000000009,1.9298404079094205
0.98,0.8,0.5,1e-06,0.06,6.082000000000003,2.19879876296127
0.98,0.8,0.5,1e-06,0.08,5.770000000000006,2.431217801843347
0.98,0.8,0.5,1e-06,0.1,5.980000000000002,1.9466894975830082
0.98,0.8,0.5,1e-07,0.02,4.8700000000000045,2.571283726079254
0.98,0.8,0.5,1e-07,0.04,6.042000000000006,3.73195873503446
0.98,0.8,0.5,1e-07,0.06,5.3220000000000045,2.764647536305485
0.98,0.8,0.5,1e-07,0.08,5.381000000000002,2.998562822420102
0.98,0.8,0.5,1e-07,0.1,4.776000000000005,2.3808956297998423
0.98,0.8,0.6,1e-06,0.02,4.0310000000000015,1.888019862183659
0.98,0.8,0.6,1e-06,0.04,4.619000000000002,1.846331227055426
0.98,0.8,0.6,1e-06,0.06,4.980000000000004,2.324512852190756
0.98,0.8,0.6,1e-06,0.08,3.9080000000000057,1.7125349631467388
0.98,0.8,0.6,1e-06,0.1,5.161000000000003,2.273442103947228
0.98,0.8,0.6,1e-07,0.02,4.265000000000003,2.9535868025165612
0.98,0.8,0.6,1e-07,0.04,4.445000000000003,1.9544398174413025
0.98,0.8,0.6,1e-07,0.06,3.8680000000000048,1.748821317344915
0.98,0.8,0.6,1e-07,0.08,3.3090000000000046,2.099147207796534
0.98,0.8,0.6,1e-07,0.1,4.6200000000000045,2.595781192627757
0.98,0.8,0.7,1e-06,0.02,4.074000000000003,2.0195454934217256
0.98,0.8,0.7,1e-06,0.04,3.8990000000000036,1.3583294887471162
0.98,0.8,0.7,1e-06,0.06,4.409000000000006,1.9653037933103352
0.98,0.8,0.7,1e-06,0.08,3.7390000000000043,2.6386396116180775
0.98,0.8,0.7,1e-06,0.1,3.9040000000000035,1.9163256508224253
0.98,0.8,0.7,1e-07,0.02,3.419000000000004,2.0553975284601274
0.98,0.8,0.7,1e-07,0.04,3.475000000000007,1.8149256183105664
0.98,0.8,0.7,1e-07,0.06,2.903000000000006,1.438725477636367
0.98,0.8,0.7,1e-07,0.08,2.245000000000006,1.1424162989033424
0.98,0.8,0.7,1e-07,0.1,3.074000000000005,1.5525218194924038
0.98,1.0,0.3,1e-06,0.02,4.196000000000008,1.4160593207913312
0.98,1.0,0.3,1e-06,0.04,5.540000000000004,2.183007100309115
0.98,1.0,0.3,1e-06,0.06,6.006000000000005,2.452387408220816
0.98,1.0,0.3,1e-06,0.08,5.0750000000000055,1.9655520852930881
0.98,1.0,0.3,1e-06,0.1,6.742000000000006,2.8300310952355257
0.98,1.0,0.3,1e-07,0.02,4.489000000000004,2.2633026752955523
0.98,1.0,0.3,1e-07,0.04,5.118000000000005,2.584646204028707
0.98,1.0,0.3,1e-07,0.06,5.037000000000006,2.518620852768435
0.98,1.0,0.3,1e-07,0.08,4.163000000000004,2.079685312733636
0.98,1.0,0.3,1e-07,0.1,4.992000000000004,2.6867110004613424
0.98,1.0,0.4,1e-06,0.02,3.2100000000000053,1.8726398479152346
0.98,1.0,0.4,1e-06,0.04,3.2750000000000057,1.5651182063984848
0.98,1.0,0.4,1e-06,0.06,4.344000000000004,1.8515895873546084
0.98,1.0,0.4,1e-06,0.08,4.370000000000003,1.8688445628248496
0.98,1.0,0.4,1e-06,0.1,4.586000000000007,2.0318375919349445
0.98,1.0,0.4,1e-07,0.02,2.6830000000000056,1.474873214890012
0.98,1.0,0.4,1e-07,0.04,3.2370000000000063,1.8723917859251566
0.98,1.0,0.4,1e-07,0.06,3.5630000000000037,1.9708097320644642
0.98,1.0,0.4,1e-07,0.08,2.9970000000000043,1.4325819348295614
0.98,1.0,0.4,1e-07,0.1,3.8360000000000056,2.3875560726399696
0.98,1.0,0.5,1e-06,0.02,2.380000000000007,1.4792430496710147
0.98,1.0,0.5,1e-06,0.04,2.6920000000000046,1.3733229773072315
0.98,1.0,0.5,1e-06,0.06,2.940000000000005,1.2345849504995625
0.98,1.0,0.5,1e-06,0.08,2.847000000000004,1.4328332073203753
0.98,1.0,0.5,1e-06,0.1,2.5650000000000035,1.4690932577614013
0.98,1.0,0.5,1e-07,0.02,1.932000000000005,1.1291660639604757
0.98,1.0,0.5,1e-07,0.04,2.566000000000005,1.4807444073843419
0.98,1.0,0.5,1e-07,0.06,2.494000000000001,1.2170308130856846
0.98,1.0,0.5,1e-07,0.08,2.603000000000006,1.468213540327155
0.98,1.0,0.5,1e-07,0.1,2.0220000000000056,1.3814760222312945
0.98,1.0,0.6,1e-06,0.02,1.9480000000000017,1.0145422613178825
0.98,1.0,0.6,1e-06,0.04,1.9830000000000054,0.9610468250819044
0.98,1.0,0.6,1e-06,0.06,2.9560000000000044,1.599294844611213
0.98,1.0,0.6,1e-06,0.08,2.1650000000000076,1.483386328641332
0.98,1.0,0.6,1e-06,0.1,2.082000000000002,1.2716273038905683
0.98,1.0,0.6,1e-07,0.02,1.6290000000000049,1.0844809818526093
0.98,1.0,0.6,1e-07,0.04,1.822000000000004,1.1182468421596339
0.98,1.0,0.6,1e-07,0.06,2.293000000000002,1.257780187473153
0.98,1.0,0.6,1e-07,0.08,1.6470000000000098,0.7743713579413954
0.98,1.0,0.6,1e-07,0.1,1.517000000000006,0.7782101258657558
0.98,1.0,0.7,1e-06,0.02,1.818000000000005,1.0511878994737331
0.98,1.0,0.7,1e-06,0.04,1.5940000000000054,0.564379305077714
0.98,1.0,0.7,1e-06,0.06,2.1400000000000063,1.3397910284816805
0.98,1.0,0.7,1e-06,0.08,1.4730000000000019,1.1314640957626538
0.98,1.0,0.7,1e-06,0.1,1.9120000000000048,1.3578865932028372
0.98,1.0,0.7,1e-07,0.02,1.6010000000000033,1.027413743338098
0.98,1.0,0.7,1e-07,0.04,1.6180000000000034,0.9723559019206905
0.98,1.0,0.7,1e-07,0.06,1.7620000000000062,0.6917774208515332
0.98,1.0,0.7,1e-07,0.08,1.2040000000000035,0.5715102798725512
0.98,1.0,0.7,1e-07,0.1,1.5400000000000063,1.0107620887231583
