cells_per_level,spectral_radius,input_scale,leaking_rate,ridge_alpha,mean_T_VPT,std_dev
"[5, 15, 25, 30, 35, 40, 45, 105]",0.95,0.2,0.1,1.00E-08,7.081,2.192135717
"[10, 15, 20, 30, 35, 55, 60, 75]",0.95,0.2,0.1,1.00E-08,6.681,1.91070118
"[5, 15, 20, 25, 35, 55, 70, 75]",0.95,0.2,0.1,1.00E-08,6.662,2.592889508
"[5, 10, 25, 30, 35, 60, 65, 70]",0.95,0.2,0.1,1.00E-08,6.636,2.123804134
"[5, 10, 20, 30, 35, 50, 60, 90]",0.95,0.2,0.1,1.00E-08,6.587,1.731453436
"[5, 15, 20, 25, 30, 35, 75, 95]",0.95,0.2,0.1,1.00E-08,6.582,2.024765665
"[5, 10, 15, 35, 40, 45, 65, 85]",0.95,0.2,0.1,1.00E-08,6.543,1.830762409
"[5, 10, 15, 20, 25, 30, 95, 100]",0.95,0.2,0.1,1.00E-08,6.538,1.862083779
"[5, 15, 25, 35, 40, 45, 55, 80]",0.95,0.2,0.1,1.00E-08,6.532,1.82237647
"[10, 15, 25, 30, 40, 45, 55, 80]",0.95,0.2,0.1,1.00E-08,6.516,1.768441121
"[5, 10, 20, 25, 35, 40, 75, 90]",0.95,0.2,0.1,1.00E-08,6.513,2.592352407
"[5, 10, 25, 30, 35, 50, 65, 80]",0.95,0.2,0.1,1.00E-08,6.512,1.490106036
"[5, 10, 15, 25, 30, 55, 70, 90]",0.95,0.2,0.1,1.00E-08,6.492,2.051978557
"[5, 20, 25, 30, 45, 50, 55, 70]",0.95,0.2,0.1,1.00E-08,6.491,2.129774401
"[5, 10, 20, 25, 30, 55, 75, 80]",0.95,0.2,0.1,1.00E-08,6.482,2.342356933
"[5, 10, 20, 25, 30, 45, 55, 110]",0.95,0.2,0.1,1.00E-08,6.468,2.368657003
"[5, 10, 15, 20, 45, 50, 55, 100]",0.95,0.2,0.1,1.00E-08,6.459,2.426589994
"[15, 20, 25, 30, 35, 45, 50, 80]",0.95,0.2,0.1,1.00E-08,6.446,1.587263053
"[5, 10, 20, 25, 50, 55, 60, 75]",0.95,0.2,0.1,1.00E-08,6.432,1.969095224
"[5, 10, 25, 35, 40, 45, 50, 90]",0.95,0.2,0.1,1.00E-08,6.421,1.632268054
"[10, 15, 25, 30, 40, 45, 60, 75]",0.95,0.2,0.1,1.00E-08,6.407,1.77743945
"[10, 15, 25, 35, 40, 45, 50, 80]",0.95,0.2,0.1,1.00E-08,6.398,1.75243716
"[5, 10, 20, 35, 45, 55, 60, 70]",0.95,0.2,0.1,1.00E-08,6.397,2.1815891
"[5, 10, 15, 20, 35, 40, 75, 100]",0.95,0.2,0.1,1.00E-08,6.396,1.792803391
"[5, 10, 20, 30, 40, 55, 60, 80]",0.95,0.2,0.1,1.00E-08,6.393,1.628180273
"[10, 15, 20, 30, 40, 50, 55, 80]",0.95,0.2,0.1,1.00E-08,6.372,1.72548428
"[10, 15, 20, 30, 35, 45, 50, 95]",0.95,0.2,0.1,1.00E-08,6.371,1.821345382
"[10, 20, 25, 30, 35, 40, 55, 85]",0.95,0.2,0.1,1.00E-08,6.362,1.453422169
"[5, 10, 20, 30, 35, 45, 60, 95]",0.95,0.2,0.1,1.00E-08,6.352,2.082838448
"[5, 10, 20, 25, 40, 45, 75, 80]",0.95,0.2,0.1,1.00E-08,6.332,1.769399898
"[10, 15, 20, 30, 45, 50, 60, 70]",0.95,0.2,0.1,1.00E-08,6.33,2.158402187
"[5, 10, 15, 30, 40, 50, 60, 90]",0.95,0.2,0.1,1.00E-08,6.329,1.679100652
"[5, 15, 20, 25, 45, 50, 65, 75]",0.95,0.2,0.1,1.00E-08,6.325,1.472805147
"[5, 10, 15, 20, 35, 50, 75, 90]",0.95,0.2,0.1,1.00E-08,6.316,1.864077252
"[10, 15, 20, 25, 35, 45, 70, 80]",0.95,0.2,0.1,1.00E-08,6.314,1.996688258
"[5, 15, 25, 30, 35, 40, 55, 95]",0.95,0.2,0.1,1.00E-08,6.31,1.638956985
"[5, 10, 15, 35, 40, 55, 65, 75]",0.95,0.2,0.1,1.00E-08,6.306,1.856858638
"[5, 10, 25, 30, 40, 50, 55, 85]",0.95,0.2,0.1,1.00E-08,6.302,1.566357558
"[5, 10, 15, 25, 35, 45, 80, 85]",0.95,0.2,0.1,1.00E-08,6.298,1.57898575
"[5, 15, 20, 30, 45, 50, 55, 80]",0.95,0.2,0.1,1.00E-08,6.298,2.151259166
"[5, 10, 15, 30, 40, 50, 70, 80]",0.95,0.2,0.1,1.00E-08,6.295,1.880168875
"[10, 15, 20, 25, 35, 45, 55, 95]",0.95,0.2,0.1,1.00E-08,6.285,1.5550418
"[5, 10, 15, 30, 35, 50, 70, 85]",0.95,0.2,0.1,1.00E-08,6.274,1.978070777
"[5, 15, 20, 25, 40, 45, 50, 100]",0.95,0.2,0.1,1.00E-08,6.269,1.565125874
"[5, 10, 15, 20, 40, 45, 60, 105]",0.95,0.2,0.1,1.00E-08,6.254,1.940269054
"[5, 15, 20, 25, 30, 40, 70, 95]",0.95,0.2,0.1,1.00E-08,6.253,1.474072929
"[5, 10, 20, 25, 30, 45, 50, 115]",0.95,0.2,0.1,1.00E-08,6.25,2.317528856
"[5, 10, 15, 35, 40, 50, 60, 85]",0.95,0.2,0.1,1.00E-08,6.234,1.659458948
"[5, 10, 20, 35, 40, 50, 55, 85]",0.95,0.2,0.1,1.00E-08,6.233,1.46802282
"[5, 15, 20, 30, 40, 55, 60, 75]",0.95,0.2,0.1,1.00E-08,6.223,2.156666641
"[5, 15, 25, 30, 40, 50, 55, 80]",0.95,0.2,0.1,1.00E-08,6.215,1.657406106
"[5, 10, 25, 30, 40, 50, 60, 80]",0.95,0.2,0.1,1.00E-08,6.214,1.937391029
"[5, 10, 20, 30, 45, 50, 65, 75]",0.95,0.2,0.1,1.00E-08,6.211,1.770790501
"[5, 10, 15, 20, 35, 50, 55, 110]",0.95,0.2,0.1,1.00E-08,6.202,1.766181191
"[5, 10, 20, 35, 40, 55, 65, 70]",0.95,0.2,0.1,1.00E-08,6.2,1.706012896
"[5, 10, 25, 30, 35, 40, 70, 85]",0.95,0.2,0.1,1.00E-08,6.2,2.359016744
"[10, 15, 20, 25, 35, 60, 65, 70]",0.95,0.2,0.1,1.00E-08,6.196,1.862971819
"[5, 10, 20, 30, 40, 60, 65, 70]",0.95,0.2,0.1,1.00E-08,6.191,1.630183732
"[5, 20, 25, 35, 40, 50, 55, 70]",0.95,0.2,0.1,1.00E-08,6.189,1.792422662
"[10, 15, 20, 30, 40, 45, 55, 85]",0.95,0.2,0.1,1.00E-08,6.187,2.001692034
"[5, 15, 20, 25, 30, 45, 60, 100]",0.95,0.2,0.1,1.00E-08,6.186,1.452736728
"[5, 10, 15, 20, 25, 50, 85, 90]",0.95,0.2,0.1,1.00E-08,6.185,1.553896715
"[5, 10, 15, 25, 30, 40, 50, 125]",0.95,0.2,0.1,1.00E-08,6.181,1.599418332
"[5, 15, 20, 35, 40, 55, 60, 70]",0.95,0.2,0.1,1.00E-08,6.176,1.401108133
"[5, 15, 25, 35, 40, 45, 65, 70]",0.95,0.2,0.1,1.00E-08,6.172,1.69060226
"[5, 10, 15, 20, 40, 45, 50, 115]",0.95,0.2,0.1,1.00E-08,6.169,2.38476393
"[5, 10, 15, 20, 35, 50, 60, 105]",0.95,0.2,0.1,1.00E-08,6.167,1.646551244
"[5, 10, 20, 25, 40, 45, 60, 95]",0.95,0.2,0.1,1.00E-08,6.167,1.319807183
"[5, 10, 15, 30, 35, 40, 80, 85]",0.95,0.2,0.1,1.00E-08,6.159,1.59498558
"[10, 15, 20, 25, 30, 40, 55, 105]",0.95,0.2,0.1,1.00E-08,6.156,1.546306567
"[5, 15, 20, 35, 40, 45, 55, 85]",0.95,0.2,0.1,1.00E-08,6.155,1.683126555
"[5, 15, 25, 30, 35, 50, 55, 85]",0.95,0.2,0.1,1.00E-08,6.153,1.638112023
"[10, 15, 25, 35, 40, 50, 60, 65]",0.95,0.2,0.1,1.00E-08,6.148,1.49056231
"[10, 15, 20, 25, 35, 45, 65, 85]",0.95,0.2,0.1,1.00E-08,6.138,1.785529613
"[10, 15, 25, 30, 40, 45, 50, 85]",0.95,0.2,0.1,1.00E-08,6.137,1.384749436
"[5, 10, 15, 25, 40, 60, 70, 75]",0.95,0.2,0.1,1.00E-08,6.136,1.915260818
"[5, 10, 15, 20, 30, 40, 75, 105]",0.95,0.2,0.1,1.00E-08,6.135,1.543876614
"[5, 10, 20, 25, 40, 50, 55, 95]",0.95,0.2,0.1,1.00E-08,6.133,1.781362119
"[10, 15, 20, 25, 30, 40, 50, 110]",0.95,0.2,0.1,1.00E-08,6.133,2.016306276
"[5, 10, 15, 30, 45, 60, 65, 70]",0.95,0.2,0.1,1.00E-08,6.131,1.529999673
"[5, 15, 25, 30, 35, 45, 70, 75]",0.95,0.2,0.1,1.00E-08,6.131,1.484472634
"[5, 15, 30, 35, 40, 45, 60, 70]",0.95,0.2,0.1,1.00E-08,6.122,1.494923409
"[5, 10, 15, 25, 45, 50, 55, 95]",0.95,0.2,0.1,1.00E-08,6.12,1.406086768
"[5, 15, 20, 25, 30, 45, 70, 90]",0.95,0.2,0.1,1.00E-08,6.116,1.696580089
"[5, 10, 20, 25, 30, 50, 75, 85]",0.95,0.2,0.1,1.00E-08,6.115,1.69092726
"[5, 15, 20, 30, 50, 55, 60, 65]",0.95,0.2,0.1,1.00E-08,6.111,1.719517083
"[10, 15, 20, 35, 40, 50, 60, 70]",0.95,0.2,0.1,1.00E-08,6.111,1.528495666
"[10, 15, 25, 30, 35, 40, 45, 100]",0.95,0.2,0.1,1.00E-08,6.109,1.770395154
"[5, 10, 20, 25, 40, 55, 60, 85]",0.95,0.2,0.1,1.00E-08,6.108,1.684118761
"[5, 20, 25, 30, 40, 45, 60, 75]",0.95,0.2,0.1,1.00E-08,6.108,1.528547023
"[10, 15, 20, 25, 30, 40, 70, 90]",0.95,0.2,0.1,1.00E-08,6.104,1.263148447
"[5, 10, 15, 25, 35, 60, 65, 85]",0.95,0.2,0.1,1.00E-08,6.103,1.974429285
"[5, 15, 25, 30, 35, 45, 60, 85]",0.95,0.2,0.1,1.00E-08,6.103,1.644424215
"[5, 15, 20, 30, 35, 60, 65, 70]",0.95,0.2,0.1,1.00E-08,6.089,1.329638673
"[5, 10, 15, 20, 45, 60, 70, 75]",0.95,0.2,0.1,1.00E-08,6.087,1.640149688
"[5, 15, 20, 25, 35, 45, 70, 85]",0.95,0.2,0.1,1.00E-08,6.087,1.477339162
"[5, 25, 30, 35, 40, 45, 55, 65]",0.95,0.2,0.1,1.00E-08,6.084,1.38681794
"[5, 10, 15, 20, 30, 40, 80, 100]",0.95,0.2,0.1,1.00E-08,6.078,2.041253536
"[5, 10, 15, 25, 45, 55, 65, 80]",0.95,0.2,0.1,1.00E-08,6.077,1.701296858
"[5, 10, 15, 20, 55, 60, 65, 70]",0.95,0.2,0.1,1.00E-08,6.076,1.574478961
"[5, 20, 25, 30, 35, 40, 45, 100]",0.95,0.2,0.1,1.00E-08,6.076,1.315501425
"[5, 20, 30, 35, 40, 45, 55, 70]",0.95,0.2,0.1,1.00E-08,6.073,1.619274838
"[5, 15, 20, 25, 40, 50, 70, 75]",0.95,0.2,0.1,1.00E-08,6.063,1.347564841
"[5, 10, 15, 20, 35, 60, 70, 85]",0.95,0.2,0.1,1.00E-08,6.062,1.341221831
"[5, 10, 15, 20, 25, 60, 80, 85]",0.95,0.2,0.1,1.00E-08,6.059,1.622115594
"[5, 10, 15, 20, 45, 55, 70, 80]",0.95,0.2,0.1,1.00E-08,6.059,1.334338413
"[10, 15, 20, 30, 35, 40, 65, 85]",0.95,0.2,0.1,1.00E-08,6.058,1.588973253
"[5, 10, 20, 30, 35, 45, 65, 90]",0.95,0.2,0.1,1.00E-08,6.057,1.639649658
"[5, 10, 25, 30, 35, 40, 45, 110]",0.95,0.2,0.1,1.00E-08,6.057,1.731060658
"[5, 10, 15, 20, 25, 70, 75, 80]",0.95,0.2,0.1,1.00E-08,6.055,2.044718807
"[5, 10, 15, 20, 25, 65, 70, 90]",0.95,0.2,0.1,1.00E-08,6.053,1.336955871
"[5, 10, 15, 25, 40, 60, 65, 80]",0.95,0.2,0.1,1.00E-08,6.051,1.334098572
"[15, 20, 25, 30, 35, 50, 60, 65]",0.95,0.2,0.1,1.00E-08,6.051,1.576774873
"[5, 10, 20, 30, 40, 50, 65, 80]",0.95,0.2,0.1,1.00E-08,6.047,1.565404421
"[5, 10, 20, 25, 30, 35, 50, 125]",0.95,0.2,0.1,1.00E-08,6.046,1.824117321
"[5, 15, 25, 30, 35, 55, 65, 70]",0.95,0.2,0.1,1.00E-08,6.044,1.52865431
"[10, 15, 25, 35, 40, 45, 60, 70]",0.95,0.2,0.1,1.00E-08,6.044,1.704025821
"[10, 20, 25, 30, 40, 45, 60, 70]",0.95,0.2,0.1,1.00E-08,6.044,1.374053856
"[5, 10, 15, 20, 30, 35, 70, 115]",0.95,0.2,0.1,1.00E-08,6.042,1.480160802
"[5, 10, 15, 30, 35, 50, 75, 80]",0.95,0.2,0.1,1.00E-08,6.042,1.244393828
"[5, 10, 15, 30, 45, 55, 65, 75]",0.95,0.2,0.1,1.00E-08,6.04,1.346966963
"[5, 10, 30, 35, 40, 50, 55, 75]",0.95,0.2,0.1,1.00E-08,6.037,1.925162591
"[5, 10, 15, 25, 30, 50, 75, 90]",0.95,0.2,0.1,1.00E-08,6.036,1.252351388
"[10, 15, 30, 35, 40, 50, 55, 65]",0.95,0.2,0.1,1.00E-08,6.036,1.52489475
"[10, 15, 20, 30, 40, 50, 65, 70]",0.95,0.2,0.1,1.00E-08,6.035,1.263912576
"[10, 15, 20, 25, 30, 45, 55, 100]",0.95,0.2,0.1,1.00E-08,6.032,1.377583391
"[5, 10, 15, 25, 45, 50, 70, 80]",0.95,0.2,0.1,1.00E-08,6.031,1.796201269
"[10, 20, 25, 35, 40, 45, 60, 65]",0.95,0.2,0.1,1.00E-08,6.031,1.523830371
"[5, 10, 15, 40, 45, 50, 60, 75]",0.95,0.2,0.1,1.00E-08,6.025,1.585356427
"[5, 10, 20, 25, 35, 40, 50, 115]",0.95,0.2,0.1,1.00E-08,6.024,1.436935628
"[5, 20, 25, 30, 35, 40, 70, 75]",0.95,0.2,0.1,1.00E-08,6.023,1.720828579
"[5, 10, 20, 25, 35, 60, 70, 75]",0.95,0.2,0.1,1.00E-08,6.022,1.531207367
"[5, 10, 15, 30, 35, 40, 65, 100]",0.95,0.2,0.1,1.00E-08,6.019,1.626326843
"[5, 10, 20, 25, 30, 40, 65, 105]",0.95,0.2,0.1,1.00E-08,6.018,1.265415347
"[5, 10, 15, 30, 45, 50, 55, 90]",0.95,0.2,0.1,1.00E-08,6.017,1.255472421
"[5, 15, 20, 25, 35, 60, 65, 75]",0.95,0.2,0.1,1.00E-08,6.017,1.270579002
"[5, 20, 25, 35, 40, 50, 60, 65]",0.95,0.2,0.1,1.00E-08,6.016,1.256305695
"[5, 15, 20, 25, 40, 45, 60, 90]",0.95,0.2,0.1,1.00E-08,6.015,1.792683742
"[5, 10, 15, 25, 35, 45, 65, 100]",0.95,0.2,0.1,1.00E-08,6.012,1.469672072
"[10, 15, 25, 30, 35, 50, 55, 80]",0.95,0.2,0.1,1.00E-08,6.01,1.477707684
"[10, 15, 30, 35, 40, 45, 50, 75]",0.95,0.2,0.1,1.00E-08,6.01,1.429692275
"[5, 10, 20, 25, 35, 45, 70, 90]",0.95,0.2,0.1,1.00E-08,6.008,1.41872337
"[5, 15, 25, 30, 35, 45, 65, 80]",0.95,0.2,0.1,1.00E-08,6.007,1.227896983
"[5, 10, 35, 40, 45, 50, 55, 60]",0.95,0.2,0.1,1.00E-08,6.005,1.6756357
"[10, 15, 20, 30, 40, 55, 60, 70]",0.95,0.2,0.1,1.00E-08,6.004,1.558365811
"[5, 20, 25, 30, 40, 45, 55, 80]",0.95,0.2,0.1,1.00E-08,6.003,1.249068053
"[5, 20, 25, 30, 35, 40, 65, 80]",0.95,0.2,0.1,1.00E-08,6.001,1.530470189
"[5, 10, 15, 20, 25, 55, 80, 90]",0.95,0.2,0.1,1.00E-08,6,1.441915393
"[5, 10, 25, 30, 40, 45, 65, 80]",0.95,0.2,0.1,1.00E-08,6,1.372370212
"[5, 10, 15, 30, 50, 55, 65, 70]",0.95,0.2,0.1,1.00E-08,5.999,1.448964803
"[5, 10, 20, 25, 50, 55, 65, 70]",0.95,0.2,0.1,1.00E-08,5.996,1.40057988
"[10, 15, 25, 30, 40, 55, 60, 65]",0.95,0.2,0.1,1.00E-08,5.996,1.427117374
"[5, 15, 20, 30, 35, 40, 55, 100]",0.95,0.2,0.1,1.00E-08,5.995,1.360777351
"[5, 10, 15, 20, 40, 45, 75, 90]",0.95,0.2,0.1,1.00E-08,5.989,1.662401576
"[5, 15, 20, 25, 30, 45, 55, 105]",0.95,0.2,0.1,1.00E-08,5.988,2.240878399
"[10, 15, 25, 30, 35, 50, 65, 70]",0.95,0.2,0.1,1.00E-08,5.988,1.4440831
"[5, 15, 25, 30, 35, 45, 50, 95]",0.95,0.2,0.1,1.00E-08,5.987,1.448754983
"[5, 10, 15, 30, 35, 55, 65, 85]",0.95,0.2,0.1,1.00E-08,5.986,1.163479265
"[5, 15, 20, 25, 40, 50, 55, 90]",0.95,0.2,0.1,1.00E-08,5.982,1.452802808
"[5, 10, 20, 30, 40, 50, 70, 75]",0.95,0.2,0.1,1.00E-08,5.979,1.437142651
"[10, 15, 20, 30, 35, 40, 60, 90]",0.95,0.2,0.1,1.00E-08,5.977,1.468540432
"[5, 10, 20, 25, 35, 40, 70, 95]",0.95,0.2,0.1,1.00E-08,5.976,1.608087062
"[5, 10, 15, 25, 30, 35, 60, 120]",0.95,0.2,0.1,1.00E-08,5.975,1.689661209
"[5, 10, 15, 30, 40, 45, 70, 85]",0.95,0.2,0.1,1.00E-08,5.974,1.335052059
"[10, 15, 20, 25, 30, 40, 60, 100]",0.95,0.2,0.1,1.00E-08,5.974,1.836998639
"[5, 15, 25, 30, 35, 40, 70, 80]",0.95,0.2,0.1,1.00E-08,5.973,1.520358839
"[5, 10, 25, 30, 35, 40, 60, 95]",0.95,0.2,0.1,1.00E-08,5.972,1.157746086
"[10, 15, 20, 25, 30, 35, 40, 125]",0.95,0.2,0.1,1.00E-08,5.972,1.603488697
"[5, 15, 20, 30, 35, 40, 70, 85]",0.95,0.2,0.1,1.00E-08,5.965,1.427513573
"[5, 10, 20, 35, 45, 50, 65, 70]",0.95,0.2,0.1,1.00E-08,5.962,1.682437517
"[10, 15, 20, 35, 40, 45, 50, 85]",0.95,0.2,0.1,1.00E-08,5.959,1.883968949
"[5, 10, 15, 20, 30, 35, 45, 140]",0.95,0.2,0.1,1.00E-08,5.958,1.680129757
"[5, 10, 15, 20, 30, 40, 55, 125]",0.95,0.2,0.1,1.00E-08,5.958,1.664654919
"[5, 10, 15, 20, 25, 35, 65, 125]",0.95,0.2,0.1,1.00E-08,5.957,1.324330397
"[5, 10, 15, 20, 25, 55, 65, 105]",0.95,0.2,0.1,1.00E-08,5.957,1.437918982
"[5, 10, 15, 25, 35, 45, 50, 115]",0.95,0.2,0.1,1.00E-08,5.956,1.2364077
"[5, 20, 25, 30, 35, 45, 60, 80]",0.95,0.2,0.1,1.00E-08,5.954,1.653542863
"[10, 15, 25, 30, 35, 45, 55, 85]",0.95,0.2,0.1,1.00E-08,5.95,1.403317498
"[10, 15, 20, 25, 45, 50, 60, 75]",0.95,0.2,0.1,1.00E-08,5.949,1.363722479
"[5, 20, 25, 30, 45, 50, 60, 65]",0.95,0.2,0.1,1.00E-08,5.948,1.381468784
"[10, 15, 20, 25, 30, 50, 60, 90]",0.95,0.2,0.1,1.00E-08,5.947,1.467000682
"[5, 10, 15, 25, 30, 45, 75, 95]",0.95,0.2,0.1,1.00E-08,5.945,1.602421605
"[5, 10, 15, 20, 40, 45, 80, 85]",0.95,0.2,0.1,1.00E-08,5.94,1.329165152
"[5, 15, 20, 25, 30, 40, 55, 110]",0.95,0.2,0.1,1.00E-08,5.937,1.369383438
"[5, 10, 15, 30, 35, 45, 70, 90]",0.95,0.2,0.1,1.00E-08,5.936,1.65889843
"[5, 10, 15, 20, 25, 30, 55, 140]",0.95,0.2,0.1,1.00E-08,5.935,1.465276424
"[5, 10, 20, 30, 40, 45, 55, 95]",0.95,0.2,0.1,1.00E-08,5.935,1.328546198
"[5, 10, 15, 25, 35, 65, 70, 75]",0.95,0.2,0.1,1.00E-08,5.934,1.494885949
"[10, 20, 25, 30, 40, 50, 60, 65]",0.95,0.2,0.1,1.00E-08,5.934,1.233760106
"[5, 10, 15, 20, 30, 45, 55, 120]",0.95,0.2,0.1,1.00E-08,5.933,1.211185783
"[10, 15, 20, 30, 45, 55, 60, 65]",0.95,0.2,0.1,1.00E-08,5.933,1.715415693
"[5, 10, 15, 25, 30, 45, 55, 115]",0.95,0.2,0.1,1.00E-08,5.932,1.318823718
"[15, 20, 30, 35, 40, 45, 50, 65]",0.95,0.2,0.1,1.00E-08,5.931,1.748296028
"[5, 10, 15, 35, 40, 60, 65, 70]",0.95,0.2,0.1,1.00E-08,5.93,1.371094453
"[5, 10, 25, 35, 40, 50, 60, 75]",0.95,0.2,0.1,1.00E-08,5.928,1.549650283
"[5, 15, 20, 30, 35, 50, 65, 80]",0.95,0.2,0.1,1.00E-08,5.927,1.488264425
"[5, 10, 15, 25, 40, 45, 75, 85]",0.95,0.2,0.1,1.00E-08,5.925,1.539076022
"[5, 10, 15, 35, 40, 45, 60, 90]",0.95,0.2,0.1,1.00E-08,5.925,1.236234201
"[5, 20, 25, 30, 35, 40, 50, 95]",0.95,0.2,0.1,1.00E-08,5.923,1.628020577
"[10, 15, 20, 25, 35, 45, 50, 100]",0.95,0.2,0.1,1.00E-08,5.923,1.319064441
"[5, 10, 15, 25, 30, 40, 45, 130]",0.95,0.2,0.1,1.00E-08,5.921,1.259499504
"[5, 10, 15, 20, 30, 35, 65, 120]",0.95,0.2,0.1,1.00E-08,5.92,1.242046698
"[5, 10, 15, 20, 45, 55, 65, 85]",0.95,0.2,0.1,1.00E-08,5.92,1.258220966
"[5, 10, 15, 20, 25, 35, 90, 100]",0.95,0.2,0.1,1.00E-08,5.919,1.524145334
"[5, 10, 15, 25, 45, 60, 65, 75]",0.95,0.2,0.1,1.00E-08,5.918,1.299259789
"[10, 15, 20, 25, 30, 45, 65, 90]",0.95,0.2,0.1,1.00E-08,5.917,1.637953296
"[5, 10, 15, 20, 25, 35, 60, 130]",0.95,0.2,0.1,1.00E-08,5.916,1.266737542
"[5, 15, 20, 25, 30, 40, 45, 120]",0.95,0.2,0.1,1.00E-08,5.916,1.302698737
"[5, 10, 25, 30, 40, 50, 65, 75]",0.95,0.2,0.1,1.00E-08,5.914,1.265655561
"[5, 10, 30, 35, 45, 50, 60, 65]",0.95,0.2,0.1,1.00E-08,5.914,1.557460754
"[5, 15, 20, 25, 50, 55, 60, 70]",0.95,0.2,0.1,1.00E-08,5.914,1.245666087
"[10, 15, 20, 30, 40, 45, 60, 80]",0.95,0.2,0.1,1.00E-08,5.914,1.717895224
"[5, 10, 25, 30, 35, 40, 75, 80]",0.95,0.2,0.1,1.00E-08,5.913,1.241439084
"[5, 10, 20, 25, 30, 40, 50, 120]",0.95,0.2,0.1,1.00E-08,5.912,1.709039496
"[5, 10, 20, 30, 45, 55, 65, 70]",0.95,0.2,0.1,1.00E-08,5.911,1.251566618
"[5, 15, 20, 25, 30, 35, 55, 115]",0.95,0.2,0.1,1.00E-08,5.911,1.387378463
"[10, 15, 20, 30, 35, 50, 65, 75]",0.95,0.2,0.1,1.00E-08,5.91,1.230471454
"[5, 10, 15, 20, 30, 60, 75, 85]",0.95,0.2,0.1,1.00E-08,5.909,1.518492344
"[5, 15, 25, 35, 40, 50, 60, 70]",0.95,0.2,0.1,1.00E-08,5.909,1.556579262
"[15, 20, 25, 35, 40, 45, 55, 65]",0.95,0.2,0.1,1.00E-08,5.909,1.251278946
"[5, 15, 20, 30, 40, 55, 65, 70]",0.95,0.2,0.1,1.00E-08,5.907,1.240117333
"[10, 15, 20, 25, 30, 55, 70, 75]",0.95,0.2,0.1,1.00E-08,5.906,1.508351418
"[5, 10, 15, 35, 40, 55, 60, 80]",0.95,0.2,0.1,1.00E-08,5.905,1.376355695
"[5, 10, 15, 20, 25, 35, 50, 140]",0.95,0.2,0.1,1.00E-08,5.904,1.253660241
"[10, 15, 20, 25, 45, 50, 55, 80]",0.95,0.2,0.1,1.00E-08,5.904,1.488040322
"[5, 15, 20, 35, 45, 50, 60, 70]",0.95,0.2,0.1,1.00E-08,5.898,1.127579709
"[5, 25, 30, 35, 40, 50, 55, 60]",0.95,0.2,0.1,1.00E-08,5.898,1.12539593
"[10, 15, 20, 25, 50, 55, 60, 65]",0.95,0.2,0.1,1.00E-08,5.897,1.504782709
"[5, 20, 25, 30, 40, 50, 55, 75]",0.95,0.2,0.1,1.00E-08,5.893,1.517251133
"[5, 10, 25, 30, 35, 45, 55, 95]",0.95,0.2,0.1,1.00E-08,5.892,1.577965779
"[5, 10, 15, 20, 25, 40, 75, 110]",0.95,0.2,0.1,1.00E-08,5.891,1.369488591
"[5, 10, 15, 20, 35, 45, 55, 115]",0.95,0.2,0.1,1.00E-08,5.89,1.581929202
"[5, 15, 20, 25, 30, 35, 70, 100]",0.95,0.2,0.1,1.00E-08,5.89,1.128069147
"[10, 20, 25, 30, 45, 50, 55, 65]",0.95,0.2,0.1,1.00E-08,5.89,1.21585361
"[5, 10, 15, 25, 30, 40, 75, 100]",0.95,0.2,0.1,1.00E-08,5.889,1.737279195
"[10, 15, 20, 35, 40, 45, 55, 80]",0.95,0.2,0.1,1.00E-08,5.886,1.381174862
"[5, 10, 20, 40, 45, 50, 55, 75]",0.95,0.2,0.1,1.00E-08,5.882,1.559126679
"[5, 15, 20, 25, 35, 50, 55, 95]",0.95,0.2,0.1,1.00E-08,5.882,1.1323586
"[5, 10, 15, 25, 50, 55, 65, 75]",0.95,0.2,0.1,1.00E-08,5.879,1.568100443
"[5, 10, 15, 30, 45, 55, 60, 80]",0.95,0.2,0.1,1.00E-08,5.879,1.236082117
"[10, 15, 25, 30, 40, 45, 65, 70]",0.95,0.2,0.1,1.00E-08,5.878,1.579061747
"[5, 10, 15, 25, 35, 40, 70, 100]",0.95,0.2,0.1,1.00E-08,5.877,1.125988899
"[5, 15, 20, 35, 40, 50, 65, 70]",0.95,0.2,0.1,1.00E-08,5.874,1.155285246
"[5, 10, 20, 25, 30, 35, 40, 135]",0.95,0.2,0.1,1.00E-08,5.873,1.125793498
"[10, 15, 25, 30, 40, 50, 60, 70]",0.95,0.2,0.1,1.00E-08,5.873,1.136895334
"[5, 20, 25, 30, 40, 55, 60, 65]",0.95,0.2,0.1,1.00E-08,5.872,1.134379125
"[10, 20, 25, 30, 35, 50, 60, 70]",0.95,0.2,0.1,1.00E-08,5.872,1.121256438
"[5, 10, 15, 20, 30, 45, 65, 110]",0.95,0.2,0.1,1.00E-08,5.871,1.156554798
"[5, 10, 20, 25, 35, 45, 75, 85]",0.95,0.2,0.1,1.00E-08,5.871,1.149703875
"[5, 15, 25, 30, 40, 45, 65, 75]",0.95,0.2,0.1,1.00E-08,5.87,1.138797612
"[5, 10, 15, 25, 50, 60, 65, 70]",0.95,0.2,0.1,1.00E-08,5.868,1.446795079
"[5, 10, 20, 30, 35, 55, 65, 80]",0.95,0.2,0.1,1.00E-08,5.868,1.162573008
"[10, 15, 25, 30, 35, 45, 50, 90]",0.95,0.2,0.1,1.00E-08,5.865,1.131068079
"[10, 15, 20, 30, 35, 45, 65, 80]",0.95,0.2,0.1,1.00E-08,5.864,1.176241472
"[5, 10, 15, 20, 25, 40, 80, 105]",0.95,0.2,0.1,1.00E-08,5.863,1.255456491
"[5, 10, 25, 35, 45, 50, 60, 70]",0.95,0.2,0.1,1.00E-08,5.863,1.154959307
"[5, 15, 20, 25, 30, 35, 80, 90]",0.95,0.2,0.1,1.00E-08,5.862,1.956230048
"[5, 10, 15, 25, 30, 45, 60, 110]",0.95,0.2,0.1,1.00E-08,5.861,1.170016667
"[5, 10, 20, 30, 35, 60, 65, 75]",0.95,0.2,0.1,1.00E-08,5.861,1.506140432
"[5, 10, 25, 30, 35, 45, 50, 100]",0.95,0.2,0.1,1.00E-08,5.861,1.160714866
"[5, 10, 30, 35, 40, 45, 50, 85]",0.95,0.2,0.1,1.00E-08,5.861,1.142794382
"[5, 15, 25, 35, 45, 50, 55, 70]",0.95,0.2,0.1,1.00E-08,5.861,1.126809212
"[5, 10, 15, 25, 30, 35, 40, 140]",0.95,0.2,0.1,1.00E-08,5.86,1.136450615
"[5, 10, 25, 40, 45, 50, 60, 65]",0.95,0.2,0.1,1.00E-08,5.86,1.647142981
"[5, 20, 25, 30, 35, 40, 60, 85]",0.95,0.2,0.1,1.00E-08,5.859,1.256303705
"[5, 10, 20, 30, 35, 55, 70, 75]",0.95,0.2,0.1,1.00E-08,5.858,1.455938186
"[5, 10, 15, 20, 25, 30, 60, 135]",0.95,0.2,0.1,1.00E-08,5.857,1.157847572
"[5, 10, 15, 25, 35, 50, 65, 95]",0.95,0.2,0.1,1.00E-08,5.857,1.307184379
"[5, 10, 15, 30, 40, 45, 55, 100]",0.95,0.2,0.1,1.00E-08,5.857,1.421988397
"[5, 10, 20, 30, 40, 45, 60, 90]",0.95,0.2,0.1,1.00E-08,5.856,1.132777118
"[10, 15, 20, 25, 35, 40, 60, 95]",0.95,0.2,0.1,1.00E-08,5.856,1.155415077
"[5, 10, 25, 35, 40, 45, 60, 80]",0.95,0.2,0.1,1.00E-08,5.855,1.187381573
"[5, 10, 15, 20, 30, 40, 85, 95]",0.95,0.2,0.1,1.00E-08,5.853,1.302494146
"[5, 10, 25, 30, 45, 50, 60, 75]",0.95,0.2,0.1,1.00E-08,5.853,1.670883299
"[5, 15, 25, 30, 40, 55, 60, 70]",0.95,0.2,0.1,1.00E-08,5.853,1.591128845
"[5, 10, 15, 30, 35, 40, 55, 110]",0.95,0.2,0.1,1.00E-08,5.852,1.35809278
"[5, 10, 15, 20, 30, 45, 50, 125]",0.95,0.2,0.1,1.00E-08,5.85,1.129734482
"[10, 15, 25, 30, 35, 55, 60, 70]",0.95,0.2,0.1,1.00E-08,5.849,1.142514333
"[5, 15, 20, 25, 30, 50, 65, 90]",0.95,0.2,0.1,1.00E-08,5.848,1.28477858
"[10, 15, 20, 25, 30, 35, 80, 85]",0.95,0.2,0.1,1.00E-08,5.848,1.500165324
"[5, 10, 15, 20, 35, 40, 85, 90]",0.95,0.2,0.1,1.00E-08,5.847,1.415574442
"[5, 10, 20, 30, 35, 50, 70, 80]",0.95,0.2,0.1,1.00E-08,5.847,1.282361493
"[5, 10, 25, 30, 45, 50, 65, 70]",0.95,0.2,0.1,1.00E-08,5.847,1.370522163
"[5, 15, 20, 25, 40, 50, 60, 85]",0.95,0.2,0.1,1.00E-08,5.846,1.042038387
"[5, 10, 20, 25, 30, 40, 55, 115]",0.95,0.2,0.1,1.00E-08,5.845,1.166102483
"[5, 10, 20, 25, 35, 55, 70, 80]",0.95,0.2,0.1,1.00E-08,5.845,1.337398594
"[5, 10, 15, 30, 40, 60, 65, 75]",0.95,0.2,0.1,1.00E-08,5.844,1.500061332
"[5, 10, 20, 25, 45, 50, 65, 80]",0.95,0.2,0.1,1.00E-08,5.843,1.855330429
"[5, 15, 20, 25, 30, 55, 65, 85]",0.95,0.2,0.1,1.00E-08,5.843,1.166589474
"[5, 10, 15, 30, 40, 45, 50, 105]",0.95,0.2,0.1,1.00E-08,5.841,1.352412289
"[5, 10, 15, 25, 40, 45, 65, 95]",0.95,0.2,0.1,1.00E-08,5.84,1.045523792
"[5, 15, 20, 25, 30, 60, 70, 75]",0.95,0.2,0.1,1.00E-08,5.84,1.585761647
"[10, 20, 25, 30, 35, 45, 65, 70]",0.95,0.2,0.1,1.00E-08,5.838,1.325049433
"[5, 10, 15, 20, 25, 50, 60, 115]",0.95,0.2,0.1,1.00E-08,5.837,1.594406159
"[5, 10, 20, 25, 30, 40, 70, 100]",0.95,0.2,0.1,1.00E-08,5.837,1.171448249
"[10, 15, 20, 30, 40, 50, 60, 75]",0.95,0.2,0.1,1.00E-08,5.837,1.344117182
"[5, 10, 20, 30, 40, 55, 65, 75]",0.95,0.2,0.1,1.00E-08,5.835,1.792304383
"[10, 20, 25, 35, 40, 45, 50, 75]",0.95,0.2,0.1,1.00E-08,5.834,1.498760821
"[5, 10, 15, 25, 30, 40, 70, 105]",0.95,0.2,0.1,1.00E-08,5.833,1.031392748
"[5, 10, 20, 25, 35, 55, 65, 85]",0.95,0.2,0.1,1.00E-08,5.833,1.019377751
"[5, 10, 15, 20, 30, 55, 60, 105]",0.95,0.2,0.1,1.00E-08,5.832,1.542367012
"[5, 10, 20, 35, 40, 50, 60, 80]",0.95,0.2,0.1,1.00E-08,5.832,1.36467432
"[15, 20, 25, 30, 40, 45, 60, 65]",0.95,0.2,0.1,1.00E-08,5.831,1.040739641
"[5, 10, 20, 25, 35, 40, 45, 120]",0.95,0.2,0.1,1.00E-08,5.83,1.411531084
"[5, 10, 15, 20, 35, 50, 70, 95]",0.95,0.2,0.1,1.00E-08,5.829,1.343107963
"[5, 10, 25, 35, 40, 50, 55, 80]",0.95,0.2,0.1,1.00E-08,5.829,1.428768351
"[5, 10, 25, 30, 45, 55, 60, 70]",0.95,0.2,0.1,1.00E-08,5.828,1.267034333
"[5, 15, 20, 25, 30, 60, 65, 80]",0.95,0.2,0.1,1.00E-08,5.827,1.300419548
"[5, 10, 15, 20, 25, 30, 70, 125]",0.95,0.2,0.1,1.00E-08,5.826,1.299016551
"[5, 10, 15, 30, 40, 50, 65, 85]",0.95,0.2,0.1,1.00E-08,5.825,1.223026983
"[5, 10, 20, 25, 35, 50, 60, 95]",0.95,0.2,0.1,1.00E-08,5.825,1.033689992
"[5, 15, 20, 35, 40, 50, 60, 75]",0.95,0.2,0.1,1.00E-08,5.825,1.764356823
"[5, 10, 15, 20, 30, 40, 60, 120]",0.95,0.2,0.1,1.00E-08,5.824,1.290900461
"[5, 10, 15, 20, 35, 50, 65, 100]",0.95,0.2,0.1,1.00E-08,5.824,1.147076283
"[5, 10, 20, 35, 45, 50, 60, 75]",0.95,0.2,0.1,1.00E-08,5.824,1.620056789
"[5, 10, 15, 25, 35, 55, 75, 80]",0.95,0.2,0.1,1.00E-08,5.823,1.057171225
"[5, 15, 20, 25, 30, 50, 75, 80]",0.95,0.2,0.1,1.00E-08,5.823,1.361209389
"[5, 10, 15, 25, 30, 60, 65, 90]",0.95,0.2,0.1,1.00E-08,5.822,1.33132866
"[10, 15, 30, 35, 40, 45, 55, 70]",0.95,0.2,0.1,1.00E-08,5.822,1.356479266
"[5, 15, 20, 30, 45, 50, 60, 75]",0.95,0.2,0.1,1.00E-08,5.821,1.368962746
"[5, 10, 25, 30, 50, 55, 60, 65]",0.95,0.2,0.1,1.00E-08,5.82,1.259206099
"[5, 10, 15, 20, 35, 40, 45, 130]",0.95,0.2,0.1,1.00E-08,5.818,1.234453725
"[5, 10, 25, 30, 35, 50, 60, 85]",0.95,0.2,0.1,1.00E-08,5.818,1.052860865
"[10, 20, 25, 30, 35, 40, 50, 90]",0.95,0.2,0.1,1.00E-08,5.818,1.352714308
"[5, 10, 15, 20, 45, 60, 65, 80]",0.95,0.2,0.1,1.00E-08,5.816,1.335179389
"[5, 10, 15, 20, 30, 65, 75, 80]",0.95,0.2,0.1,1.00E-08,5.814,1.316010638
"[5, 10, 15, 25, 30, 40, 55, 120]",0.95,0.2,0.1,1.00E-08,5.814,1.173543352
"[5, 10, 15, 30, 40, 45, 65, 90]",0.95,0.2,0.1,1.00E-08,5.814,1.174088583
"[15, 20, 25, 30, 35, 45, 60, 70]",0.95,0.2,0.1,1.00E-08,5.814,1.19931814
"[5, 10, 25, 30, 35, 40, 65, 90]",0.95,0.2,0.1,1.00E-08,5.813,1.187657779
"[5, 15, 25, 30, 40, 50, 65, 70]",0.95,0.2,0.1,1.00E-08,5.813,1.244528425
"[5, 10, 20, 25, 30, 50, 60, 100]",0.95,0.2,0.1,1.00E-08,5.812,1.229608068
"[5, 10, 25, 30, 35, 40, 50, 105]",0.95,0.2,0.1,1.00E-08,5.812,1.191677809
"[5, 10, 15, 20, 45, 50, 60, 95]",0.95,0.2,0.1,1.00E-08,5.811,1.24868691
"[5, 10, 20, 35, 40, 50, 65, 75]",0.95,0.2,0.1,1.00E-08,5.811,1.419090906
"[5, 15, 20, 25, 35, 50, 70, 80]",0.95,0.2,0.1,1.00E-08,5.811,1.571476694
"[5, 15, 20, 30, 40, 45, 70, 75]",0.95,0.2,0.1,1.00E-08,5.811,1.076391657
"[5, 10, 15, 30, 35, 60, 65, 80]",0.95,0.2,0.1,1.00E-08,5.809,1.247324737
"[5, 10, 15, 30, 45, 50, 70, 75]",0.95,0.2,0.1,1.00E-08,5.809,1.287532136
"[10, 15, 20, 35, 40, 45, 60, 75]",0.95,0.2,0.1,1.00E-08,5.808,1.346943206
"[10, 15, 20, 25, 30, 45, 50, 105]",0.95,0.2,0.1,1.00E-08,5.807,1.193017603
"[5, 10, 15, 30, 40, 55, 70, 75]",0.95,0.2,0.1,1.00E-08,5.806,1.51603562
"[5, 10, 15, 25, 30, 40, 65, 110]",0.95,0.2,0.1,1.00E-08,5.805,1.263326957
"[5, 10, 15, 30, 50, 55, 60, 75]",0.95,0.2,0.1,1.00E-08,5.805,1.305157079
"[5, 10, 25, 30, 35, 45, 70, 80]",0.95,0.2,0.1,1.00E-08,5.805,1.336905008
"[5, 10, 15, 20, 25, 55, 75, 95]",0.95,0.2,0.1,1.00E-08,5.804,1.279571803
"[5, 10, 15, 20, 35, 65, 70, 80]",0.95,0.2,0.1,1.00E-08,5.804,1.278414643
"[5, 15, 20, 30, 35, 40, 75, 80]",0.95,0.2,0.1,1.00E-08,5.803,1.263285795
"[5, 10, 15, 20, 50, 55, 65, 80]",0.95,0.2,0.1,1.00E-08,5.802,1.403593958
"[5, 10, 15, 20, 40, 45, 70, 95]",0.95,0.2,0.1,1.00E-08,5.801,1.073340114
"[15, 25, 30, 35, 40, 45, 50, 60]",0.95,0.2,0.1,1.00E-08,5.8,1.799833326
"[5, 15, 25, 30, 35, 50, 65, 75]",0.95,0.2,0.1,1.00E-08,5.798,1.254
"[5, 15, 20, 25, 30, 50, 55, 100]",0.95,0.2,0.1,1.00E-08,5.797,1.250460315
"[5, 10, 20, 25, 30, 40, 80, 90]",0.95,0.2,0.1,1.00E-08,5.796,1.264240483
"[5, 10, 20, 35, 40, 45, 60, 85]",0.95,0.2,0.1,1.00E-08,5.793,1.227587471
"[5, 10, 15, 25, 50, 55, 60, 80]",0.95,0.2,0.1,1.00E-08,5.791,1.466253389
"[5, 10, 15, 20, 30, 50, 55, 115]",0.95,0.2,0.1,1.00E-08,5.79,1.575392015
"[5, 20, 25, 30, 40, 50, 60, 70]",0.95,0.2,0.1,1.00E-08,5.79,1.21913904
"[5, 10, 25, 30, 45, 50, 55, 80]",0.95,0.2,0.1,1.00E-08,5.786,2.18174334
"[10, 20, 25, 30, 35, 50, 55, 75]",0.95,0.2,0.1,1.00E-08,5.786,1.204194336
"[5, 10, 15, 25, 40, 55, 65, 85]",0.95,0.2,0.1,1.00E-08,5.785,1.358600383
"[5, 15, 20, 25, 35, 55, 65, 80]",0.95,0.2,0.1,1.00E-08,5.785,1.070249971
"[10, 15, 30, 35, 45, 50, 55, 60]",0.95,0.2,0.1,1.00E-08,5.783,1.822155592
"[5, 10, 15, 25, 40, 50, 55, 100]",0.95,0.2,0.1,1.00E-08,5.782,1.12729588
"[5, 10, 15, 20, 40, 50, 65, 95]",0.95,0.2,0.1,1.00E-08,5.781,1.342244017
"[5, 10, 20, 25, 35, 45, 55, 105]",0.95,0.2,0.1,1.00E-08,5.781,1.27022006
"[10, 15, 20, 25, 35, 55, 65, 75]",0.95,0.2,0.1,1.00E-08,5.777,1.22602243
"[10, 15, 20, 25, 45, 55, 60, 70]",0.95,0.2,0.1,1.00E-08,5.776,1.385403912
"[5, 10, 15, 25, 35, 50, 70, 90]",0.95,0.2,0.1,1.00E-08,5.774,1.102907068
"[15, 20, 25, 35, 40, 45, 50, 70]",0.95,0.2,0.1,1.00E-08,5.774,1.107051941
"[10, 15, 25, 30, 35, 45, 60, 80]",0.95,0.2,0.1,1.00E-08,5.773,1.219479807
"[5, 10, 15, 20, 30, 35, 50, 135]",0.95,0.2,0.1,1.00E-08,5.771,1.002705839
"[10, 20, 25, 30, 40, 45, 55, 75]",0.95,0.2,0.1,1.00E-08,5.771,1.142444309
"[5, 10, 15, 25, 30, 35, 80, 100]",0.95,0.2,0.1,1.00E-08,5.768,1.104344149
"[5, 10, 20, 25, 30, 35, 45, 130]",0.95,0.2,0.1,1.00E-08,5.766,1.143662538
"[5, 10, 20, 25, 40, 45, 70, 85]",0.95,0.2,0.1,1.00E-08,5.764,1.300562955
"[5, 10, 25, 35, 40, 45, 55, 85]",0.95,0.2,0.1,1.00E-08,5.764,1.294026275
"[5, 10, 15, 35, 45, 55, 60, 75]",0.95,0.2,0.1,1.00E-08,5.763,1.112407749
"[5, 10, 20, 25, 40, 55, 65, 80]",0.95,0.2,0.1,1.00E-08,5.763,1.407284975
"[5, 15, 25, 30, 35, 55, 60, 75]",0.95,0.2,0.1,1.00E-08,5.762,1.135920772
"[5, 10, 15, 20, 30, 45, 75, 100]",0.95,0.2,0.1,1.00E-08,5.761,1.489932549
"[5, 10, 20, 25, 30, 50, 55, 105]",0.95,0.2,0.1,1.00E-08,5.76,1.092336944
"[5, 20, 25, 35, 40, 45, 50, 80]",0.95,0.2,0.1,1.00E-08,5.757,1.102547505
"[5, 10, 15, 20, 40, 50, 70, 90]",0.95,0.2,0.1,1.00E-08,5.756,1.131027851
"[5, 10, 15, 25, 35, 40, 50, 120]",0.95,0.2,0.1,1.00E-08,5.756,1.084962672
"[10, 15, 25, 30, 40, 50, 55, 75]",0.95,0.2,0.1,1.00E-08,5.755,1.107661952
"[5, 10, 15, 30, 35, 45, 55, 105]",0.95,0.2,0.1,1.00E-08,5.753,1.016705956
"[5, 10, 20, 30, 35, 45, 55, 100]",0.95,0.2,0.1,1.00E-08,5.752,1.131519333
"[15, 20, 25, 35, 40, 50, 55, 60]",0.95,0.2,0.1,1.00E-08,5.752,1.118041144
"[5, 10, 15, 20, 25, 30, 65, 130]",0.95,0.2,0.1,1.00E-08,5.75,1.406875972
"[10, 15, 20, 35, 45, 50, 55, 70]",0.95,0.2,0.1,1.00E-08,5.75,1.129522023
"[5, 10, 15, 20, 25, 60, 75, 90]",0.95,0.2,0.1,1.00E-08,5.749,1.1101617
"[5, 10, 20, 25, 35, 40, 80, 85]",0.95,0.2,0.1,1.00E-08,5.749,0.996724134
"[5, 10, 15, 35, 45, 50, 55, 85]",0.95,0.2,0.1,1.00E-08,5.748,1.220203262
"[5, 10, 15, 35, 40, 50, 55, 90]",0.95,0.2,0.1,1.00E-08,5.746,1.100892365
"[10, 15, 20, 35, 40, 50, 55, 75]",0.95,0.2,0.1,1.00E-08,5.746,1.11506233
"[5, 10, 20, 25, 30, 35, 60, 115]",0.95,0.2,0.1,1.00E-08,5.745,1.112184787
"[5, 10, 20, 25, 35, 40, 60, 105]",0.95,0.2,0.1,1.00E-08,5.745,0.980793046
"[5, 10, 20, 40, 45, 55, 60, 65]",0.95,0.2,0.1,1.00E-08,5.745,1.450777378
"[5, 10, 15, 20, 30, 60, 65, 95]",0.95,0.2,0.1,1.00E-08,5.742,1.432981507
"[10, 20, 30, 35, 40, 45, 50, 70]",0.95,0.2,0.1,1.00E-08,5.741,0.999929498
"[15, 20, 25, 30, 40, 50, 55, 65]",0.95,0.2,0.1,1.00E-08,5.741,1.308074539
"[5, 15, 25, 30, 35, 40, 60, 90]",0.95,0.2,0.1,1.00E-08,5.74,0.982893687
"[5, 10, 25, 30, 35, 50, 70, 75]",0.95,0.2,0.1,1.00E-08,5.739,1.023845203
"[5, 15, 20, 25, 45, 55, 60, 75]",0.95,0.2,0.1,1.00E-08,5.739,1.019715156
"[5, 15, 20, 30, 35, 50, 70, 75]",0.95,0.2,0.1,1.00E-08,5.739,0.98243524
"[10, 15, 20, 25, 30, 35, 55, 110]",0.95,0.2,0.1,1.00E-08,5.739,1.136775703
"[5, 15, 20, 35, 40, 45, 65, 75]",0.95,0.2,0.1,1.00E-08,5.738,1.326588105
"[10, 15, 20, 25, 35, 40, 70, 85]",0.95,0.2,0.1,1.00E-08,5.738,0.999657941
"[10, 15, 25, 30, 35, 45, 65, 75]",0.95,0.2,0.1,1.00E-08,5.738,0.973938396
"[5, 10, 25, 30, 40, 55, 65, 70]",0.95,0.2,0.1,1.00E-08,5.734,0.994667784
"[10, 15, 20, 25, 35, 40, 55, 100]",0.95,0.2,0.1,1.00E-08,5.734,1.026023392
"[5, 10, 20, 35, 45, 50, 55, 80]",0.95,0.2,0.1,1.00E-08,5.733,1.303307715
"[5, 15, 20, 25, 35, 50, 65, 85]",0.95,0.2,0.1,1.00E-08,5.733,1.017276265
"[5, 10, 15, 25, 35, 55, 60, 95]",0.95,0.2,0.1,1.00E-08,5.731,0.973251766
"[5, 10, 15, 25, 35, 40, 65, 105]",0.95,0.2,0.1,1.00E-08,5.73,1.011365414
"[5, 10, 15, 25, 35, 50, 60, 100]",0.95,0.2,0.1,1.00E-08,5.729,1.000409416
"[5, 15, 20, 25, 30, 35, 50, 120]",0.95,0.2,0.1,1.00E-08,5.729,1.338244746
"[5, 15, 20, 25, 35, 45, 65, 90]",0.95,0.2,0.1,1.00E-08,5.729,1.455616364
"[5, 10, 15, 25, 35, 45, 70, 95]",0.95,0.2,0.1,1.00E-08,5.728,1.085953959
"[5, 10, 20, 25, 30, 55, 60, 95]",0.95,0.2,0.1,1.00E-08,5.728,1.353918757
"[5, 15, 20, 30, 35, 45, 55, 95]",0.95,0.2,0.1,1.00E-08,5.728,1.004537705
"[5, 10, 15, 20, 40, 55, 65, 90]",0.95,0.2,0.1,1.00E-08,5.727,1.121931816
"[5, 10, 15, 20, 45, 50, 65, 90]",0.95,0.2,0.1,1.00E-08,5.725,0.974553744
"[5, 10, 20, 25, 35, 45, 50, 110]",0.95,0.2,0.1,1.00E-08,5.725,1.016225861
"[5, 15, 20, 25, 35, 40, 65, 95]",0.95,0.2,0.1,1.00E-08,5.725,0.976910948
"[10, 15, 20, 30, 35, 40, 55, 95]",0.95,0.2,0.1,1.00E-08,5.725,1.295389903
"[5, 10, 25, 30, 35, 45, 65, 85]",0.95,0.2,0.1,1.00E-08,5.724,0.861292053
"[5, 20, 25, 40, 45, 50, 55, 60]",0.95,0.2,0.1,1.00E-08,5.723,0.998163814
"[5, 10, 15, 20, 30, 50, 70, 100]",0.95,0.2,0.1,1.00E-08,5.722,1.108366365
"[5, 10, 15, 30, 35, 40, 75, 90]",0.95,0.2,0.1,1.00E-08,5.722,1.318937451
"[10, 15, 20, 35, 45, 50, 60, 65]",0.95,0.2,0.1,1.00E-08,5.722,1.322405384
"[5, 10, 15, 20, 35, 55, 60, 100]",0.95,0.2,0.1,1.00E-08,5.72,1.364990842
"[5, 10, 20, 25, 30, 45, 65, 100]",0.95,0.2,0.1,1.00E-08,5.72,1.019235007
"[5, 15, 20, 30, 40, 45, 60, 85]",0.95,0.2,0.1,1.00E-08,5.72,0.99245151
"[5, 15, 25, 30, 35, 45, 55, 90]",0.95,0.2,0.1,1.00E-08,5.719,0.870780684
"[5, 20, 25, 35, 40, 45, 60, 70]",0.95,0.2,0.1,1.00E-08,5.718,1.001976048
"[5, 15, 20, 25, 35, 40, 50, 110]",0.95,0.2,0.1,1.00E-08,5.717,1.179292585
"[5, 20, 25, 30, 35, 50, 60, 75]",0.95,0.2,0.1,1.00E-08,5.717,0.996198273
"[5, 10, 15, 20, 25, 45, 55, 125]",0.95,0.2,0.1,1.00E-08,5.716,1.02665671
"[10, 20, 25, 30, 35, 40, 65, 75]",0.95,0.2,0.1,1.00E-08,5.714,1.139633274
"[5, 10, 20, 25, 30, 35, 75, 100]",0.95,0.2,0.1,1.00E-08,5.713,1.332490525
"[5, 10, 15, 20, 30, 45, 85, 90]",0.95,0.2,0.1,1.00E-08,5.711,0.990807247
"[10, 20, 25, 30, 35, 45, 55, 80]",0.95,0.2,0.1,1.00E-08,5.711,1.321021953
"[5, 10, 15, 30, 35, 40, 60, 105]",0.95,0.2,0.1,1.00E-08,5.709,1.176715344
"[5, 10, 25, 30, 35, 45, 60, 90]",0.95,0.2,0.1,1.00E-08,5.709,0.982190918
"[5, 15, 25, 35, 40, 45, 60, 75]",0.95,0.2,0.1,1.00E-08,5.708,0.862192554
"[10, 15, 20, 25, 30, 40, 65, 95]",0.95,0.2,0.1,1.00E-08,5.708,0.980171414
"[10, 15, 20, 30, 35, 45, 70, 75]",0.95,0.2,0.1,1.00E-08,5.708,1.344669476
"[10, 25, 30, 35, 40, 45, 50, 65]",0.95,0.2,0.1,1.00E-08,5.706,1.30482336
"[5, 10, 15, 25, 30, 40, 80, 95]",0.95,0.2,0.1,1.00E-08,5.705,1.015004926
"[5, 10, 20, 25, 30, 50, 70, 90]",0.95,0.2,0.1,1.00E-08,5.705,1.479565815
"[5, 15, 20, 25, 35, 45, 60, 95]",0.95,0.2,0.1,1.00E-08,5.705,1.017661535
"[5, 10, 20, 25, 30, 45, 80, 85]",0.95,0.2,0.1,1.00E-08,5.704,1.032155027
"[5, 10, 15, 20, 30, 50, 75, 95]",0.95,0.2,0.1,1.00E-08,5.703,1.007914183
"[5, 10, 25, 35, 45, 55, 60, 65]",0.95,0.2,0.1,1.00E-08,5.703,0.990560952
"[5, 10, 15, 30, 35, 40, 50, 115]",0.95,0.2,0.1,1.00E-08,5.701,0.856398856
"[5, 10, 15, 30, 35, 45, 75, 85]",0.95,0.2,0.1,1.00E-08,5.701,0.864765286
"[10, 15, 20, 25, 40, 55, 60, 75]",0.95,0.2,0.1,1.00E-08,5.701,1.015588007
"[5, 15, 20, 25, 35, 55, 60, 85]",0.95,0.2,0.1,1.00E-08,5.7,1.18790572
"[10, 15, 20, 25, 40, 45, 55, 90]",0.95,0.2,0.1,1.00E-08,5.7,1.200216647
"[5, 10, 15, 30, 35, 50, 65, 90]",0.95,0.2,0.1,1.00E-08,5.699,1.329021821
"[5, 10, 15, 20, 25, 35, 55, 135]",0.95,0.2,0.1,1.00E-08,5.698,1.435895539
"[5, 10, 15, 20, 25, 40, 65, 120]",0.95,0.2,0.1,1.00E-08,5.698,1.472072009
"[5, 10, 15, 20, 25, 45, 85, 95]",0.95,0.2,0.1,1.00E-08,5.698,0.856642282
"[10, 15, 20, 25, 30, 50, 55, 95]",0.95,0.2,0.1,1.00E-08,5.698,1.024048827
"[5, 10, 15, 20, 35, 55, 70, 90]",0.95,0.2,0.1,1.00E-08,5.697,1.524077098
"[5, 10, 15, 30, 35, 55, 70, 80]",0.95,0.2,0.1,1.00E-08,5.697,0.863464533
"[5, 10, 20, 25, 30, 35, 80, 95]",0.95,0.2,0.1,1.00E-08,5.695,1.016422648
"[5, 10, 20, 25, 30, 65, 70, 75]",0.95,0.2,0.1,1.00E-08,5.695,0.994100096
"[5, 10, 15, 40, 50, 55, 60, 65]",0.95,0.2,0.1,1.00E-08,5.694,0.858931895
"[15, 20, 25, 30, 35, 40, 65, 70]",0.95,0.2,0.1,1.00E-08,5.694,0.992493829
"[5, 10, 20, 25, 30, 45, 75, 90]",0.95,0.2,0.1,1.00E-08,5.693,1.029432368
"[5, 10, 25, 30, 35, 50, 55, 90]",0.95,0.2,0.1,1.00E-08,5.692,0.857960372
"[5, 15, 20, 25, 30, 50, 60, 95]",0.95,0.2,0.1,1.00E-08,5.692,1.33905041
"[5, 15, 20, 25, 35, 45, 75, 80]",0.95,0.2,0.1,1.00E-08,5.691,1.130512716
"[5, 10, 15, 25, 35, 45, 60, 105]",0.95,0.2,0.1,1.00E-08,5.69,0.868987917
"[5, 10, 15, 25, 35, 55, 65, 90]",0.95,0.2,0.1,1.00E-08,5.69,1.202389288
"[5, 15, 30, 40, 45, 50, 55, 60]",0.95,0.2,0.1,1.00E-08,5.69,0.870298799
"[5, 10, 20, 30, 35, 55, 60, 85]",0.95,0.2,0.1,1.00E-08,5.69,1.003364341
"[5, 10, 20, 25, 30, 35, 85, 90]",0.95,0.2,0.1,1.00E-08,5.688,1.010295006
"[10, 15, 20, 25, 40, 45, 50, 95]",0.95,0.2,0.1,1.00E-08,5.688,1.050245686
"[5, 20, 30, 35, 40, 45, 60, 65]",0.95,0.2,0.1,1.00E-08,5.687,0.883295534
"[5, 10, 15, 25, 35, 45, 55, 110]",0.95,0.2,0.1,1.00E-08,5.686,0.857650278
"[5, 10, 20, 25, 45, 55, 60, 80]",0.95,0.2,0.1,1.00E-08,5.686,1.018275012
"[5, 10, 25, 30, 40, 45, 55, 90]",0.95,0.2,0.1,1.00E-08,5.686,0.860932053
"[5, 20, 25, 35, 40, 45, 55, 75]",0.95,0.2,0.1,1.00E-08,5.686,0.873065862
"[10, 15, 25, 30, 35, 40, 50, 95]",0.95,0.2,0.1,1.00E-08,5.686,1.312068596
"[5, 10, 15, 25, 45, 55, 60, 85]",0.95,0.2,0.1,1.00E-08,5.685,0.885751094
"[5, 15, 20, 35, 45, 55, 60, 65]",0.95,0.2,0.1,1.00E-08,5.685,1.183416664
"[5, 10, 15, 20, 25, 40, 70, 115]",0.95,0.2,0.1,1.00E-08,5.684,1.216891121
"[5, 10, 15, 25, 35, 40, 75, 95]",0.95,0.2,0.1,1.00E-08,5.684,0.867515994
"[5, 10, 20, 25, 30, 60, 70, 80]",0.95,0.2,0.1,1.00E-08,5.683,0.86570838
"[5, 10, 20, 25, 30, 40, 75, 95]",0.95,0.2,0.1,1.00E-08,5.682,1.164249114
"[5, 15, 20, 30, 40, 45, 65, 80]",0.95,0.2,0.1,1.00E-08,5.682,0.877949885
"[5, 10, 20, 25, 40, 50, 65, 85]",0.95,0.2,0.1,1.00E-08,5.681,1.093644824
"[10, 15, 20, 25, 35, 40, 75, 80]",0.95,0.2,0.1,1.00E-08,5.68,1.672662548
"[5, 10, 15, 30, 45, 50, 60, 85]",0.95,0.2,0.1,1.00E-08,5.678,0.877881541
"[5, 10, 20, 35, 40, 45, 55, 90]",0.95,0.2,0.1,1.00E-08,5.677,1.13606822
"[5, 10, 15, 20, 25, 35, 80, 110]",0.95,0.2,0.1,1.00E-08,5.676,0.891887885
"[5, 10, 15, 20, 25, 65, 75, 85]",0.95,0.2,0.1,1.00E-08,5.676,1.35123055
"[5, 10, 20, 30, 35, 40, 50, 110]",0.95,0.2,0.1,1.00E-08,5.676,0.880876836
"[5, 15, 20, 25, 40, 45, 70, 80]",0.95,0.2,0.1,1.00E-08,5.676,0.879308819
"[5, 15, 25, 30, 40, 45, 50, 90]",0.95,0.2,0.1,1.00E-08,5.675,1.014019231
"[10, 15, 20, 30, 35, 40, 45, 105]",0.95,0.2,0.1,1.00E-08,5.675,1.025648575
"[5, 10, 15, 20, 25, 40, 85, 100]",0.95,0.2,0.1,1.00E-08,5.674,0.878022779
"[5, 10, 15, 35, 40, 45, 50, 100]",0.95,0.2,0.1,1.00E-08,5.674,1.120573068
"[5, 15, 25, 35, 45, 50, 60, 65]",0.95,0.2,0.1,1.00E-08,5.674,0.888619154
"[10, 15, 20, 25, 40, 45, 60, 85]",0.95,0.2,0.1,1.00E-08,5.674,1.008307493
"[5, 15, 20, 30, 35, 40, 45, 110]",0.95,0.2,0.1,1.00E-08,5.673,0.870132748
"[5, 10, 15, 20, 25, 40, 90, 95]",0.95,0.2,0.1,1.00E-08,5.672,1.074046554
"[5, 15, 20, 30, 35, 50, 55, 90]",0.95,0.2,0.1,1.00E-08,5.672,0.8869363
"[5, 10, 20, 25, 35, 60, 65, 80]",0.95,0.2,0.1,1.00E-08,5.671,0.897607375
"[5, 15, 20, 25, 45, 50, 60, 80]",0.95,0.2,0.1,1.00E-08,5.671,1.023259009
"[5, 10, 20, 30, 35, 50, 65, 85]",0.95,0.2,0.1,1.00E-08,5.67,0.869517107
"[5, 20, 25, 30, 40, 45, 50, 85]",0.95,0.2,0.1,1.00E-08,5.67,1.016808733
"[5, 10, 20, 25, 30, 40, 45, 125]",0.95,0.2,0.1,1.00E-08,5.669,1.062440116
"[5, 20, 25, 30, 35, 45, 65, 75]",0.95,0.2,0.1,1.00E-08,5.669,1.148050086
"[5, 20, 25, 35, 45, 50, 55, 65]",0.95,0.2,0.1,1.00E-08,5.669,1.124783979
"[5, 10, 15, 20, 35, 40, 60, 115]",0.95,0.2,0.1,1.00E-08,5.668,1.014640823
"[10, 15, 20, 25, 35, 50, 65, 80]",0.95,0.2,0.1,1.00E-08,5.668,0.887860349
"[5, 10, 20, 40, 45, 50, 60, 70]",0.95,0.2,0.1,1.00E-08,5.667,1.385456964
"[5, 15, 25, 30, 45, 50, 55, 75]",0.95,0.2,0.1,1.00E-08,5.667,1.048451716
"[5, 10, 15, 30, 35, 50, 60, 95]",0.95,0.2,0.1,1.00E-08,5.665,1.138277207
"[5, 10, 15, 20, 30, 35, 85, 100]",0.95,0.2,0.1,1.00E-08,5.664,1.061839913
"[5, 10, 15, 25, 30, 55, 60, 100]",0.95,0.2,0.1,1.00E-08,5.664,0.899568786
"[5, 10, 20, 25, 30, 45, 70, 95]",0.95,0.2,0.1,1.00E-08,5.664,1.153041196
"[5, 15, 20, 30, 40, 45, 50, 95]",0.95,0.2,0.1,1.00E-08,5.664,0.897788394
"[10, 15, 20, 30, 35, 50, 55, 85]",0.95,0.2,0.1,1.00E-08,5.664,1.159044434
"[10, 15, 25, 30, 35, 40, 70, 75]",0.95,0.2,0.1,1.00E-08,5.662,1.082957063
"[5, 10, 15, 30, 40, 50, 55, 95]",0.95,0.2,0.1,1.00E-08,5.66,1.341730226
"[5, 15, 20, 30, 35, 45, 65, 85]",0.95,0.2,0.1,1.00E-08,5.66,1.182928569
"[5, 10, 15, 35, 45, 50, 65, 75]",0.95,0.2,0.1,1.00E-08,5.659,1.093535093
"[5, 10, 20, 30, 40, 45, 50, 100]",0.95,0.2,0.1,1.00E-08,5.659,1.12109723
"[5, 10, 20, 30, 40, 50, 55, 90]",0.95,0.2,0.1,1.00E-08,5.659,1.065335159
"[5, 10, 15, 20, 30, 40, 70, 110]",0.95,0.2,0.1,1.00E-08,5.657,1.140425798
"[10, 15, 25, 30, 35, 50, 60, 75]",0.95,0.2,0.1,1.00E-08,5.657,1.11418625
"[10, 15, 20, 30, 45, 50, 55, 75]",0.95,0.2,0.1,1.00E-08,5.656,0.87057682
"[5, 10, 15, 30, 35, 45, 60, 100]",0.95,0.2,0.1,1.00E-08,5.655,1.118890075
"[5, 10, 25, 30, 35, 40, 55, 100]",0.95,0.2,0.1,1.00E-08,5.655,0.976808579
"[5, 10, 15, 25, 30, 50, 80, 85]",0.95,0.2,0.1,1.00E-08,5.654,0.875582092
"[5, 10, 15, 20, 40, 60, 65, 85]",0.95,0.2,0.1,1.00E-08,5.652,1.100607105
"[10, 15, 20, 30, 35, 45, 60, 85]",0.95,0.2,0.1,1.00E-08,5.651,0.904930384
"[5, 10, 15, 35, 45, 55, 65, 70]",0.95,0.2,0.1,1.00E-08,5.65,1.06923337
"[5, 15, 20, 30, 35, 40, 65, 90]",0.95,0.2,0.1,1.00E-08,5.65,0.890898423
"[5, 10, 15, 20, 35, 45, 65, 105]",0.95,0.2,0.1,1.00E-08,5.648,1.25311452
"[5, 10, 15, 25, 30, 50, 70, 95]",0.95,0.2,0.1,1.00E-08,5.648,1.055715871
"[5, 10, 30, 35, 40, 50, 60, 70]",0.95,0.2,0.1,1.00E-08,5.647,1.337703629
"[5, 10, 15, 20, 25, 30, 80, 115]",0.95,0.2,0.1,1.00E-08,5.646,1.090854711
"[10, 20, 25, 30, 35, 45, 60, 75]",0.95,0.2,0.1,1.00E-08,5.646,0.929346007
"[5, 10, 15, 25, 40, 45, 55, 105]",0.95,0.2,0.1,1.00E-08,5.644,1.061708058
"[5, 15, 20, 30, 35, 55, 60, 80]",0.95,0.2,0.1,1.00E-08,5.643,1.183322019
"[15, 20, 25, 30, 35, 45, 55, 75]",0.95,0.2,0.1,1.00E-08,5.643,1.032381228
"[15, 20, 25, 30, 35, 50, 55, 70]",0.95,0.2,0.1,1.00E-08,5.643,1.39867473
"[5, 15, 20, 25, 35, 40, 55, 105]",0.95,0.2,0.1,1.00E-08,5.642,0.91373738
"[5, 10, 15, 20, 30, 50, 80, 90]",0.95,0.2,0.1,1.00E-08,5.641,1.061215812
"[5, 10, 25, 35, 45, 50, 55, 75]",0.95,0.2,0.1,1.00E-08,5.641,1.223151258
"[10, 20, 30, 35, 40, 45, 55, 65]",0.95,0.2,0.1,1.00E-08,5.641,1.31565155
"[5, 10, 15, 20, 25, 55, 60, 110]",0.95,0.2,0.1,1.00E-08,5.64,1.451867763
"[5, 10, 15, 20, 35, 40, 65, 110]",0.95,0.2,0.1,1.00E-08,5.64,1.15886151
"[5, 10, 20, 25, 30, 35, 70, 105]",0.95,0.2,0.1,1.00E-08,5.64,0.899822205
"[5, 15, 20, 25, 35, 45, 50, 105]",0.95,0.2,0.1,1.00E-08,5.64,0.915314154
"[10, 15, 20, 35, 40, 45, 65, 70]",0.95,0.2,0.1,1.00E-08,5.639,0.912304226
"[5, 10, 15, 20, 25, 35, 45, 145]",0.95,0.2,0.1,1.00E-08,5.636,1.066613332
"[5, 10, 15, 25, 30, 35, 75, 105]",0.95,0.2,0.1,1.00E-08,5.636,0.949707323
"[5, 15, 20, 25, 40, 55, 60, 80]",0.95,0.2,0.1,1.00E-08,5.636,1.131752623
"[15, 20, 25, 30, 40, 45, 55, 70]",0.95,0.2,0.1,1.00E-08,5.636,1.043275611
"[5, 10, 15, 20, 25, 40, 45, 140]",0.95,0.2,0.1,1.00E-08,5.635,1.125555418
"[5, 10, 20, 30, 35, 45, 50, 105]",0.95,0.2,0.1,1.00E-08,5.634,1.118858347
"[5, 10, 15, 25, 30, 55, 75, 85]",0.95,0.2,0.1,1.00E-08,5.633,0.913767476
"[5, 15, 25, 40, 45, 50, 55, 65]",0.95,0.2,0.1,1.00E-08,5.632,0.905834422
"[5, 10, 20, 30, 40, 50, 60, 85]",0.95,0.2,0.1,1.00E-08,5.627,1.128933568
"[5, 15, 20, 25, 35, 40, 60, 100]",0.95,0.2,0.1,1.00E-08,5.625,1.14455013
"[5, 15, 25, 30, 35, 40, 50, 100]",0.95,0.2,0.1,1.00E-08,5.625,0.949165423
"[10, 15, 20, 25, 30, 60, 65, 75]",0.95,0.2,0.1,1.00E-08,5.625,1.358924207
"[5, 10, 15, 25, 45, 55, 70, 75]",0.95,0.2,0.1,1.00E-08,5.624,1.081861359
"[5, 10, 15, 25, 40, 55, 70, 80]",0.95,0.2,0.1,1.00E-08,5.621,1.103258356
"[5, 15, 30, 35, 40, 45, 50, 80]",0.95,0.2,0.1,1.00E-08,5.621,1.217841944
"[5, 10, 15, 20, 25, 30, 85, 110]",0.95,0.2,0.1,1.00E-08,5.62,1.214182853
"[5, 10, 20, 25, 35, 45, 60, 100]",0.95,0.2,0.1,1.00E-08,5.62,0.797897236
"[5, 15, 20, 35, 40, 50, 55, 80]",0.95,0.2,0.1,1.00E-08,5.618,0.981303215
"[5, 10, 15, 20, 30, 50, 65, 105]",0.95,0.2,0.1,1.00E-08,5.616,0.904247754
"[5, 10, 20, 25, 30, 55, 70, 85]",0.95,0.2,0.1,1.00E-08,5.616,1.093537379
"[5, 10, 15, 30, 35, 50, 55, 100]",0.95,0.2,0.1,1.00E-08,5.613,0.944293916
"[5, 20, 30, 35, 40, 45, 50, 75]",0.95,0.2,0.1,1.00E-08,5.61,0.816688435
"[5, 15, 25, 30, 40, 45, 55, 85]",0.95,0.2,0.1,1.00E-08,5.609,0.980050509
"[5, 10, 15, 20, 25, 45, 50, 130]",0.95,0.2,0.1,1.00E-08,5.608,1.510064899
"[5, 10, 15, 20, 30, 55, 80, 85]",0.95,0.2,0.1,1.00E-08,5.608,0.96181911
"[5, 10, 15, 20, 35, 40, 55, 120]",0.95,0.2,0.1,1.00E-08,5.608,1.174042589
"[5, 10, 15, 40, 45, 50, 55, 80]",0.95,0.2,0.1,1.00E-08,5.608,1.36405865
"[5, 10, 20, 25, 35, 50, 55, 100]",0.95,0.2,0.1,1.00E-08,5.606,0.787377927
"[5, 10, 20, 25, 35, 50, 70, 85]",0.95,0.2,0.1,1.00E-08,5.606,0.789736665
"[5, 10, 20, 25, 35, 50, 75, 80]",0.95,0.2,0.1,1.00E-08,5.605,0.777299813
"[5, 10, 15, 25, 30, 60, 75, 80]",0.95,0.2,0.1,1.00E-08,5.601,1.181092291
"[5, 10, 15, 30, 35, 55, 60, 90]",0.95,0.2,0.1,1.00E-08,5.601,0.626880371
"[5, 10, 15, 20, 30, 40, 65, 115]",0.95,0.2,0.1,1.00E-08,5.599,0.821473676
"[5, 10, 15, 20, 35, 50, 80, 85]",0.95,0.2,0.1,1.00E-08,5.599,0.802059225
"[5, 10, 20, 30, 35, 40, 45, 115]",0.95,0.2,0.1,1.00E-08,5.598,0.819534014
"[5, 10, 20, 25, 30, 40, 60, 110]",0.95,0.2,0.1,1.00E-08,5.597,0.825136958
"[10, 20, 25, 30, 35, 45, 50, 85]",0.95,0.2,0.1,1.00E-08,5.597,1.257605264
"[5, 10, 20, 30, 45, 50, 60, 80]",0.95,0.2,0.1,1.00E-08,5.596,0.791216784
"[5, 20, 25, 30, 40, 45, 65, 70]",0.95,0.2,0.1,1.00E-08,5.596,0.822060825
"[5, 15, 25, 30, 35, 50, 60, 80]",0.95,0.2,0.1,1.00E-08,5.595,0.952866727
"[10, 15, 20, 25, 30, 35, 60, 105]",0.95,0.2,0.1,1.00E-08,5.594,1.128221609
"[10, 15, 30, 35, 40, 45, 60, 65]",0.95,0.2,0.1,1.00E-08,5.594,0.961459308
"[5, 10, 20, 25, 45, 55, 65, 75]",0.95,0.2,0.1,1.00E-08,5.593,0.9655936
"[5, 15, 20, 30, 40, 50, 60, 80]",0.95,0.2,0.1,1.00E-08,5.592,0.803502334
"[5, 15, 25, 30, 45, 55, 60, 65]",0.95,0.2,0.1,1.00E-08,5.592,0.821836967
"[10, 15, 25, 30, 35, 40, 65, 80]",0.95,0.2,0.1,1.00E-08,5.591,0.826957677
"[5, 10, 15, 20, 25, 50, 80, 95]",0.95,0.2,0.1,1.00E-08,5.59,1.129628257
"[5, 10, 15, 25, 35, 40, 45, 125]",0.95,0.2,0.1,1.00E-08,5.59,0.821693373
"[10, 15, 20, 25, 30, 35, 65, 100]",0.95,0.2,0.1,1.00E-08,5.59,0.817789704
"[10, 15, 20, 30, 35, 55, 65, 70]",0.95,0.2,0.1,1.00E-08,5.59,0.789772119
"[10, 15, 20, 30, 35, 40, 70, 80]",0.95,0.2,0.1,1.00E-08,5.589,0.813620919
"[10, 15, 20, 30, 35, 50, 60, 80]",0.95,0.2,0.1,1.00E-08,5.588,0.777647735
"[5, 10, 15, 20, 40, 50, 60, 100]",0.95,0.2,0.1,1.00E-08,5.585,0.831718101
"[5, 10, 20, 30, 40, 45, 65, 85]",0.95,0.2,0.1,1.00E-08,5.584,0.787365227
"[5, 15, 20, 30, 45, 50, 65, 70]",0.95,0.2,0.1,1.00E-08,5.584,0.788076138
"[5, 10, 15, 20, 25, 45, 75, 105]",0.95,0.2,0.1,1.00E-08,5.583,1.153954505
"[5, 10, 15, 20, 45, 50, 70, 85]",0.95,0.2,0.1,1.00E-08,5.582,0.792335787
"[10, 15, 20, 25, 35, 45, 60, 90]",0.95,0.2,0.1,1.00E-08,5.582,0.966641609
"[10, 15, 20, 25, 40, 50, 60, 80]",0.95,0.2,0.1,1.00E-08,5.582,0.830081924
"[5, 15, 20, 30, 35, 50, 60, 85]",0.95,0.2,0.1,1.00E-08,5.581,0.821205821
"[5, 10, 15, 20, 35, 45, 70, 100]",0.95,0.2,0.1,1.00E-08,5.58,1.006121265
"[5, 10, 15, 30, 35, 40, 45, 120]",0.95,0.2,0.1,1.00E-08,5.58,0.801847866
"[5, 15, 20, 30, 45, 55, 60, 70]",0.95,0.2,0.1,1.00E-08,5.58,0.787527777
"[10, 15, 20, 25, 30, 35, 50, 115]",0.95,0.2,0.1,1.00E-08,5.579,0.985605905
"[10, 15, 25, 30, 45, 50, 55, 70]",0.95,0.2,0.1,1.00E-08,5.576,0.793715314
"[5, 10, 15, 20, 25, 40, 60, 125]",0.95,0.2,0.1,1.00E-08,5.575,1.219128787
"[5, 10, 15, 25, 30, 35, 65, 115]",0.95,0.2,0.1,1.00E-08,5.575,0.834838308
"[5, 10, 20, 35, 40, 55, 60, 75]",0.95,0.2,0.1,1.00E-08,5.575,0.821288622
"[5, 10, 15, 25, 35, 45, 75, 90]",0.95,0.2,0.1,1.00E-08,5.574,0.998721182
"[5, 15, 20, 40, 45, 50, 55, 70]",0.95,0.2,0.1,1.00E-08,5.574,1.208107611
"[5, 10, 15, 20, 45, 55, 60, 90]",0.95,0.2,0.1,1.00E-08,5.573,1.145954188
"[5, 10, 20, 30, 35, 50, 55, 95]",0.95,0.2,0.1,1.00E-08,5.573,0.80771963
"[5, 10, 20, 35, 50, 55, 60, 65]",0.95,0.2,0.1,1.00E-08,5.571,0.634585692
"[10, 15, 25, 35, 40, 50, 55, 70]",0.95,0.2,0.1,1.00E-08,5.568,0.787360146
"[5, 10, 25, 30, 40, 55, 60, 75]",0.95,0.2,0.1,1.00E-08,5.566,0.648262293
"[5, 10, 15, 20, 30, 35, 80, 105]",0.95,0.2,0.1,1.00E-08,5.565,0.829599301
"[5, 10, 25, 35, 40, 55, 60, 70]",0.95,0.2,0.1,1.00E-08,5.565,0.637208757
"[5, 15, 20, 30, 35, 45, 70, 80]",0.95,0.2,0.1,1.00E-08,5.565,0.795584691
"[5, 10, 15, 20, 25, 50, 55, 120]",0.95,0.2,0.1,1.00E-08,5.563,1.207762808
"[5, 15, 20, 30, 40, 45, 55, 90]",0.95,0.2,0.1,1.00E-08,5.562,0.823647983
"[5, 15, 25, 35, 40, 50, 55, 75]",0.95,0.2,0.1,1.00E-08,5.561,0.847548819
"[5, 15, 20, 25, 30, 55, 70, 80]",0.95,0.2,0.1,1.00E-08,5.56,1.191486467
"[5, 15, 30, 35, 40, 50, 55, 70]",0.95,0.2,0.1,1.00E-08,5.56,0.804139291
"[5, 15, 20, 25, 45, 55, 65, 70]",0.95,0.2,0.1,1.00E-08,5.559,0.639921089
"[5, 10, 15, 25, 30, 35, 55, 125]",0.95,0.2,0.1,1.00E-08,5.557,1.162364401
"[5, 10, 15, 35, 40, 45, 70, 80]",0.95,0.2,0.1,1.00E-08,5.557,0.648144274
"[10, 15, 20, 30, 40, 45, 50, 90]",0.95,0.2,0.1,1.00E-08,5.556,0.797786939
"[5, 10, 15, 25, 40, 50, 65, 90]",0.95,0.2,0.1,1.00E-08,5.555,1.131421672
"[5, 10, 15, 25, 40, 55, 60, 90]",0.95,0.2,0.1,1.00E-08,5.555,0.660662546
"[5, 10, 15, 20, 25, 45, 60, 120]",0.95,0.2,0.1,1.00E-08,5.554,1.132432779
"[5, 15, 20, 25, 30, 40, 65, 100]",0.95,0.2,0.1,1.00E-08,5.554,0.639815598
"[5, 15, 25, 30, 45, 50, 60, 70]",0.95,0.2,0.1,1.00E-08,5.554,1.126305465
"[10, 15, 20, 25, 45, 50, 65, 70]",0.95,0.2,0.1,1.00E-08,5.553,0.646908803
"[10, 15, 25, 30, 45, 50, 60, 65]",0.95,0.2,0.1,1.00E-08,5.553,0.645454104
"[5, 10, 15, 20, 35, 60, 75, 80]",0.95,0.2,0.1,1.00E-08,5.552,0.850209386
"[5, 10, 20, 25, 30, 50, 65, 95]",0.95,0.2,0.1,1.00E-08,5.552,0.798308211
"[5, 10, 20, 25, 35, 40, 65, 100]",0.95,0.2,0.1,1.00E-08,5.551,0.803105846
"[5, 10, 20, 25, 40, 45, 50, 105]",0.95,0.2,0.1,1.00E-08,5.551,0.849057713
"[5, 10, 20, 25, 45, 60, 65, 70]",0.95,0.2,0.1,1.00E-08,5.551,0.64132597
"[5, 10, 20, 25, 35, 55, 60, 90]",0.95,0.2,0.1,1.00E-08,5.55,1.149460743
"[5, 25, 30, 35, 40, 45, 50, 70]",0.95,0.2,0.1,1.00E-08,5.55,0.656399269
"[5, 10, 20, 25, 40, 55, 70, 75]",0.95,0.2,0.1,1.00E-08,5.549,0.646079716
"[15, 20, 25, 30, 35, 40, 55, 80]",0.95,0.2,0.1,1.00E-08,5.549,0.634869278
"[5, 10, 15, 40, 45, 50, 65, 70]",0.95,0.2,0.1,1.00E-08,5.548,0.627483864
"[5, 15, 25, 35, 40, 45, 50, 85]",0.95,0.2,0.1,1.00E-08,5.547,0.639946091
"[10, 15, 20, 25, 40, 55, 65, 70]",0.95,0.2,0.1,1.00E-08,5.547,0.853094954
"[5, 10, 15, 20, 50, 55, 70, 75]",0.95,0.2,0.1,1.00E-08,5.546,1.14380243
"[5, 10, 15, 25, 30, 40, 85, 90]",0.95,0.2,0.1,1.00E-08,5.546,1.017371122
"[5, 10, 15, 25, 40, 50, 60, 95]",0.95,0.2,0.1,1.00E-08,5.546,0.648478219
"[5, 10, 25, 40, 45, 50, 55, 70]",0.95,0.2,0.1,1.00E-08,5.546,0.646717867
"[10, 15, 20, 25, 30, 45, 75, 80]",0.95,0.2,0.1,1.00E-08,5.546,0.655350288
"[5, 10, 15, 25, 40, 45, 70, 90]",0.95,0.2,0.1,1.00E-08,5.545,0.790439751
"[5, 10, 20, 25, 40, 45, 55, 100]",0.95,0.2,0.1,1.00E-08,5.545,0.839306261
"[5, 15, 20, 30, 35, 45, 60, 90]",0.95,0.2,0.1,1.00E-08,5.544,0.627745171
"[15, 20, 25, 30, 35, 40, 45, 90]",0.95,0.2,0.1,1.00E-08,5.544,0.625574936
"[5, 10, 20, 30, 35, 40, 60, 100]",0.95,0.2,0.1,1.00E-08,5.543,1.236612712
"[20, 25, 30, 35, 40, 45, 50, 55]",0.95,0.2,0.1,1.00E-08,5.543,0.828306103
"[5, 15, 20, 25, 30, 40, 80, 85]",0.95,0.2,0.1,1.00E-08,5.542,0.64155748
"[10, 15, 20, 25, 40, 45, 65, 80]",0.95,0.2,0.1,1.00E-08,5.542,0.631502969
"[5, 10, 15, 30, 35, 60, 70, 75]",0.95,0.2,0.1,1.00E-08,5.541,0.640202312
"[5, 20, 25, 30, 35, 55, 60, 70]",0.95,0.2,0.1,1.00E-08,5.541,0.646698539
"[10, 20, 30, 35, 40, 50, 55, 60]",0.95,0.2,0.1,1.00E-08,5.54,0.632044302
"[5, 10, 15, 25, 30, 50, 65, 100]",0.95,0.2,0.1,1.00E-08,5.539,0.627996019
"[5, 10, 15, 25, 35, 50, 55, 105]",0.95,0.2,0.1,1.00E-08,5.539,1.185773587
"[5, 10, 15, 25, 45, 50, 60, 90]",0.95,0.2,0.1,1.00E-08,5.539,0.631679507
"[5, 10, 15, 25, 30, 35, 45, 135]",0.95,0.2,0.1,1.00E-08,5.538,0.633526637
"[5, 10, 15, 25, 30, 40, 60, 115]",0.95,0.2,0.1,1.00E-08,5.538,0.63858907
"[5, 10, 15, 25, 30, 45, 65, 105]",0.95,0.2,0.1,1.00E-08,5.538,1.050750208
"[5, 10, 25, 30, 35, 55, 65, 75]",0.95,0.2,0.1,1.00E-08,5.538,0.63548092
"[10, 15, 20, 30, 35, 40, 50, 100]",0.95,0.2,0.1,1.00E-08,5.538,0.631534639
"[5, 15, 20, 30, 40, 50, 65, 75]",0.95,0.2,0.1,1.00E-08,5.537,0.642628197
"[5, 15, 30, 35, 45, 50, 55, 65]",0.95,0.2,0.1,1.00E-08,5.536,0.634841713
"[5, 10, 25, 30, 40, 45, 60, 85]",0.95,0.2,0.1,1.00E-08,5.535,0.633525848
"[5, 10, 15, 20, 35, 55, 75, 85]",0.95,0.2,0.1,1.00E-08,5.534,1.212552679
"[5, 10, 15, 30, 40, 45, 60, 95]",0.95,0.2,0.1,1.00E-08,5.534,0.643617899
"[5, 15, 25, 30, 40, 45, 60, 80]",0.95,0.2,0.1,1.00E-08,5.534,0.811273074
"[5, 10, 15, 20, 25, 45, 70, 110]",0.95,0.2,0.1,1.00E-08,5.533,0.65333835
"[5, 10, 20, 30, 35, 40, 70, 90]",0.95,0.2,0.1,1.00E-08,5.532,0.643316407
"[5, 10, 15, 25, 30, 35, 85, 95]",0.95,0.2,0.1,1.00E-08,5.531,0.635845107
"[5, 10, 15, 20, 40, 45, 55, 110]",0.95,0.2,0.1,1.00E-08,5.53,0.643381691
"[5, 15, 20, 25, 35, 40, 70, 90]",0.95,0.2,0.1,1.00E-08,5.53,0.989717131
"[10, 25, 30, 35, 40, 45, 55, 60]",0.95,0.2,0.1,1.00E-08,5.53,0.649846136
"[5, 10, 15, 20, 30, 45, 70, 105]",0.95,0.2,0.1,1.00E-08,5.528,0.830792393
"[5, 15, 20, 25, 30, 50, 70, 85]",0.95,0.2,0.1,1.00E-08,5.528,0.863351609
"[5, 10, 15, 20, 30, 55, 65, 100]",0.95,0.2,0.1,1.00E-08,5.527,0.879483371
"[5, 10, 20, 30, 35, 40, 65, 95]",0.95,0.2,0.1,1.00E-08,5.527,0.676499076
"[5, 10, 20, 30, 35, 45, 70, 85]",0.95,0.2,0.1,1.00E-08,5.527,1.02587085
"[5, 15, 20, 35, 40, 45, 60, 80]",0.95,0.2,0.1,1.00E-08,5.527,0.629452937
"[10, 15, 25, 35, 45, 50, 55, 65]",0.95,0.2,0.1,1.00E-08,5.527,0.920853409
"[15, 20, 25, 30, 35, 40, 60, 75]",0.95,0.2,0.1,1.00E-08,5.527,0.63558713
"[5, 10, 15, 20, 30, 35, 55, 130]",0.95,0.2,0.1,1.00E-08,5.525,1.02932745
"[5, 10, 15, 20, 35, 40, 80, 95]",0.95,0.2,0.1,1.00E-08,5.523,0.824530776
"[5, 15, 20, 25, 35, 45, 55, 100]",0.95,0.2,0.1,1.00E-08,5.523,0.833913065
"[5, 15, 25, 35, 40, 55, 60, 65]",0.95,0.2,0.1,1.00E-08,5.522,0.635889928
"[5, 10, 15, 20, 40, 45, 65, 100]",0.95,0.2,0.1,1.00E-08,5.521,0.812341677
"[5, 10, 15, 25, 30, 55, 65, 95]",0.95,0.2,0.1,1.00E-08,5.52,1.18488818
"[5, 10, 20, 25, 40, 60, 65, 75]",0.95,0.2,0.1,1.00E-08,5.52,0.683695839
"[15, 20, 25, 30, 45, 50, 55, 60]",0.95,0.2,0.1,1.00E-08,5.52,0.820341392
"[10, 20, 25, 30, 40, 50, 55, 70]",0.95,0.2,0.1,1.00E-08,5.519,1.041104702
"[5, 10, 20, 25, 30, 35, 55, 120]",0.95,0.2,0.1,1.00E-08,5.518,0.660572479
"[5, 10, 20, 25, 40, 50, 70, 80]",0.95,0.2,0.1,1.00E-08,5.518,0.901840341
"[5, 10, 15, 20, 25, 50, 65, 110]",0.95,0.2,0.1,1.00E-08,5.517,0.915451255
"[5, 10, 15, 25, 35, 40, 80, 90]",0.95,0.2,0.1,1.00E-08,5.517,0.870844992
"[10, 15, 20, 25, 30, 40, 45, 115]",0.95,0.2,0.1,1.00E-08,5.517,0.66519997
"[5, 10, 15, 20, 25, 35, 70, 120]",0.95,0.2,0.1,1.00E-08,5.515,0.870514216
"[5, 10, 15, 25, 30, 50, 55, 110]",0.95,0.2,0.1,1.00E-08,5.515,0.636612127
"[5, 15, 20, 40, 45, 50, 60, 65]",0.95,0.2,0.1,1.00E-08,5.515,0.63276773
"[5, 10, 15, 20, 25, 50, 70, 105]",0.95,0.2,0.1,1.00E-08,5.513,0.870316609
"[10, 15, 20, 25, 30, 40, 75, 85]",0.95,0.2,0.1,1.00E-08,5.513,0.646290183
"[5, 10, 15, 20, 25, 40, 50, 135]",0.95,0.2,0.1,1.00E-08,5.512,0.634331144
"[5, 10, 20, 30, 40, 45, 70, 80]",0.95,0.2,0.1,1.00E-08,5.512,0.896981605
"[10, 20, 25, 30, 35, 40, 45, 95]",0.95,0.2,0.1,1.00E-08,5.511,1.14309186
"[5, 10, 15, 20, 25, 30, 35, 160]",0.95,0.2,0.1,1.00E-08,5.509,0.644157589
"[5, 15, 30, 35, 40, 50, 60, 65]",0.95,0.2,0.1,1.00E-08,5.509,0.857752295
"[5, 10, 15, 20, 30, 35, 60, 125]",0.95,0.2,0.1,1.00E-08,5.507,0.873115685
"[5, 10, 30, 35, 45, 50, 55, 70]",0.95,0.2,0.1,1.00E-08,5.506,0.915097809
"[5, 10, 15, 25, 35, 50, 75, 85]",0.95,0.2,0.1,1.00E-08,5.505,0.741076919
"[10, 20, 25, 30, 40, 45, 50, 80]",0.95,0.2,0.1,1.00E-08,5.505,0.877744268
"[5, 10, 15, 20, 35, 40, 70, 105]",0.95,0.2,0.1,1.00E-08,5.504,0.658106374
"[5, 10, 15, 35, 45, 50, 60, 80]",0.95,0.2,0.1,1.00E-08,5.504,0.883393457
"[5, 10, 15, 20, 25, 60, 70, 95]",0.95,0.2,0.1,1.00E-08,5.503,0.664297373
"[10, 15, 20, 25, 35, 55, 60, 80]",0.95,0.2,0.1,1.00E-08,5.502,0.85885738
"[5, 15, 25, 30, 40, 50, 60, 75]",0.95,0.2,0.1,1.00E-08,5.501,0.659953786
"[5, 10, 20, 30, 35, 40, 75, 85]",0.95,0.2,0.1,1.00E-08,5.499,0.868895276
"[10, 15, 20, 25, 30, 55, 60, 85]",0.95,0.2,0.1,1.00E-08,5.499,0.633386928
"[5, 20, 25, 30, 35, 50, 65, 70]",0.95,0.2,0.1,1.00E-08,5.498,0.919367174
"[5, 10, 20, 25, 30, 60, 65, 85]",0.95,0.2,0.1,1.00E-08,5.497,0.666671583
"[5, 10, 25, 30, 40, 45, 70, 75]",0.95,0.2,0.1,1.00E-08,5.497,0.725459165
"[5, 15, 20, 30, 40, 50, 55, 85]",0.95,0.2,0.1,1.00E-08,5.496,0.722761371
"[5, 10, 30, 35, 40, 45, 65, 70]",0.95,0.2,0.1,1.00E-08,5.495,0.663471929
"[5, 10, 15, 20, 30, 55, 75, 90]",0.95,0.2,0.1,1.00E-08,5.494,0.908209227
"[10, 15, 20, 25, 35, 40, 50, 105]",0.95,0.2,0.1,1.00E-08,5.494,0.693400317
"[10, 15, 25, 30, 35, 40, 55, 90]",0.95,0.2,0.1,1.00E-08,5.494,0.874759395
"[5, 10, 15, 20, 40, 55, 70, 85]",0.95,0.2,0.1,1.00E-08,5.491,0.670625827
"[5, 15, 20, 25, 30, 55, 60, 90]",0.95,0.2,0.1,1.00E-08,5.491,0.730081502
"[5, 15, 25, 30, 35, 40, 65, 85]",0.95,0.2,0.1,1.00E-08,5.491,0.916743694
"[5, 10, 15, 25, 30, 35, 70, 110]",0.95,0.2,0.1,1.00E-08,5.489,0.67389836
"[5, 15, 20, 25, 30, 35, 40, 130]",0.95,0.2,0.1,1.00E-08,5.489,0.882688507
"[10, 15, 25, 35, 40, 45, 55, 75]",0.95,0.2,0.1,1.00E-08,5.489,1.626191563
"[5, 10, 15, 20, 25, 45, 65, 115]",0.95,0.2,0.1,1.00E-08,5.487,1.061758447
"[5, 10, 20, 25, 30, 35, 65, 110]",0.95,0.2,0.1,1.00E-08,5.485,0.730119853
"[5, 15, 20, 25, 35, 40, 45, 115]",0.95,0.2,0.1,1.00E-08,5.484,0.874656504
"[5, 10, 15, 35, 40, 50, 70, 75]",0.95,0.2,0.1,1.00E-08,5.483,0.900139434
"[5, 20, 25, 30, 35, 45, 55, 85]",0.95,0.2,0.1,1.00E-08,5.483,0.73199112
"[5, 10, 15, 20, 25, 40, 55, 130]",0.95,0.2,0.1,1.00E-08,5.481,0.731914613
"[5, 15, 20, 25, 30, 35, 45, 125]",0.95,0.2,0.1,1.00E-08,5.481,0.906299619
"[5, 10, 15, 20, 35, 45, 80, 90]",0.95,0.2,0.1,1.00E-08,5.479,0.732542832
"[10, 20, 25, 35, 40, 50, 55, 65]",0.95,0.2,0.1,1.00E-08,5.479,0.669790266
"[5, 10, 15, 20, 40, 50, 75, 85]",0.95,0.2,0.1,1.00E-08,5.477,0.722724706
"[5, 10, 20, 25, 30, 45, 60, 105]",0.95,0.2,0.1,1.00E-08,5.474,0.728919749
"[5, 10, 20, 25, 40, 45, 65, 90]",0.95,0.2,0.1,1.00E-08,5.473,0.917807714
"[10, 20, 25, 35, 40, 45, 55, 70]",0.95,0.2,0.1,1.00E-08,5.472,0.725655566
"[5, 10, 15, 30, 45, 50, 65, 80]",0.95,0.2,0.1,1.00E-08,5.471,0.720096521
"[5, 10, 15, 20, 25, 30, 45, 150]",0.95,0.2,0.1,1.00E-08,5.469,0.751491184
"[5, 10, 15, 20, 25, 30, 75, 120]",0.95,0.2,0.1,1.00E-08,5.468,0.673064633
"[5, 10, 15, 25, 30, 45, 50, 120]",0.95,0.2,0.1,1.00E-08,5.467,0.740358697
"[5, 20, 30, 35, 40, 50, 55, 65]",0.95,0.2,0.1,1.00E-08,5.467,0.737028493
"[5, 15, 20, 25, 40, 50, 65, 80]",0.95,0.2,0.1,1.00E-08,5.466,0.99213104
"[5, 10, 15, 25, 30, 65, 70, 80]",0.95,0.2,0.1,1.00E-08,5.461,0.696145818
"[10, 15, 20, 25, 35, 40, 65, 90]",0.95,0.2,0.1,1.00E-08,5.46,0.727818659
"[5, 10, 15, 25, 40, 45, 60, 100]",0.95,0.2,0.1,1.00E-08,5.458,0.744497146
"[5, 10, 15, 30, 35, 45, 50, 110]",0.95,0.2,0.1,1.00E-08,5.458,0.896992754
"[5, 15, 20, 30, 35, 40, 50, 105]",0.95,0.2,0.1,1.00E-08,5.458,0.746991298
"[5, 10, 20, 25, 35, 40, 55, 110]",0.95,0.2,0.1,1.00E-08,5.456,1.085110133
"[5, 10, 15, 20, 50, 55, 60, 85]",0.95,0.2,0.1,1.00E-08,5.452,0.735972826
"[5, 10, 15, 20, 35, 60, 65, 90]",0.95,0.2,0.1,1.00E-08,5.451,0.909075904
"[5, 10, 15, 30, 35, 40, 70, 95]",0.95,0.2,0.1,1.00E-08,5.451,0.664634486
"[5, 10, 15, 25, 30, 35, 50, 130]",0.95,0.2,0.1,1.00E-08,5.449,0.72540954
"[5, 10, 15, 20, 30, 40, 50, 130]",0.95,0.2,0.1,1.00E-08,5.448,0.734993878
"[5, 10, 30, 35, 40, 45, 60, 75]",0.95,0.2,0.1,1.00E-08,5.447,0.751778558
"[5, 10, 15, 20, 25, 30, 90, 105]",0.95,0.2,0.1,1.00E-08,5.446,0.731467019
"[5, 10, 15, 20, 40, 60, 70, 80]",0.95,0.2,0.1,1.00E-08,5.444,0.753859403
"[5, 10, 15, 20, 25, 55, 70, 100]",0.95,0.2,0.1,1.00E-08,5.438,0.7318989
"[5, 10, 20, 35, 40, 45, 70, 75]",0.95,0.2,0.1,1.00E-08,5.436,0.770833315
"[5, 10, 15, 20, 25, 35, 85, 105]",0.95,0.2,0.1,1.00E-08,5.433,0.093010752
"[5, 10, 15, 25, 30, 50, 60, 105]",0.95,0.2,0.1,1.00E-08,5.433,0.742543601
"[5, 10, 15, 20, 35, 45, 60, 110]",0.95,0.2,0.1,1.00E-08,5.426,0.871621477
"[5, 10, 20, 25, 30, 55, 65, 90]",0.95,0.2,0.1,1.00E-08,5.426,0.068439755
"[5, 10, 15, 20, 40, 55, 60, 95]",0.95,0.2,0.1,1.00E-08,5.425,0.080962954
"[5, 10, 15, 25, 30, 45, 80, 90]",0.95,0.2,0.1,1.00E-08,5.425,0.938805092
"[10, 15, 20, 25, 30, 35, 75, 90]",0.95,0.2,0.1,1.00E-08,5.422,0.759339186
"[5, 15, 20, 25, 30, 35, 65, 105]",0.95,0.2,0.1,1.00E-08,5.42,0.763151361
"[5, 10, 15, 25, 35, 60, 70, 80]",0.95,0.2,0.1,1.00E-08,5.419,0.09087904
"[5, 15, 20, 25, 40, 45, 55, 95]",0.95,0.2,0.1,1.00E-08,5.418,0.811662491
"[5, 15, 20, 30, 35, 45, 50, 100]",0.95,0.2,0.1,1.00E-08,5.418,0.934877532
"[5, 10, 20, 30, 45, 50, 55, 85]",0.95,0.2,0.1,1.00E-08,5.416,0.079649231
"[5, 15, 20, 25, 30, 45, 65, 95]",0.95,0.2,0.1,1.00E-08,5.415,0.943204644
"[10, 15, 20, 25, 30, 35, 45, 120]",0.95,0.2,0.1,1.00E-08,5.415,0.073450664
"[5, 10, 15, 25, 40, 50, 70, 85]",0.95,0.2,0.1,1.00E-08,5.413,0.061408468
"[5, 10, 20, 35, 40, 45, 65, 80]",0.95,0.2,0.1,1.00E-08,5.413,0.099654403
"[10, 15, 20, 25, 35, 50, 70, 75]",0.95,0.2,0.1,1.00E-08,5.412,0.964705136
"[5, 10, 15, 35, 40, 50, 65, 80]",0.95,0.2,0.1,1.00E-08,5.411,0.085434185
"[5, 10, 15, 35, 50, 55, 60, 70]",0.95,0.2,0.1,1.00E-08,5.41,0.075232971
"[5, 20, 25, 30, 35, 50, 55, 80]",0.95,0.2,0.1,1.00E-08,5.409,0.764525343
"[5, 20, 30, 35, 45, 50, 55, 60]",0.95,0.2,0.1,1.00E-08,5.409,0.068549252
"[5, 15, 20, 25, 30, 35, 60, 110]",0.95,0.2,0.1,1.00E-08,5.408,0.080349238
"[5, 10, 15, 20, 35, 40, 50, 125]",0.95,0.2,0.1,1.00E-08,5.407,0.749567208
"[5, 10, 15, 20, 30, 60, 70, 90]",0.95,0.2,0.1,1.00E-08,5.405,0.092059763
"[5, 10, 30, 35, 40, 55, 60, 65]",0.95,0.2,0.1,1.00E-08,5.405,0.091186622
"[5, 10, 15, 20, 30, 45, 80, 95]",0.95,0.2,0.1,1.00E-08,5.403,0.949089564
"[5, 15, 20, 35, 45, 50, 55, 75]",0.95,0.2,0.1,1.00E-08,5.403,0.078300702
"[5, 20, 25, 30, 35, 45, 50, 90]",0.95,0.2,0.1,1.00E-08,5.403,0.078300702
"[5, 10, 25, 35, 40, 45, 65, 75]",0.95,0.2,0.1,1.00E-08,5.402,0.993979879
"[5, 15, 20, 35, 40, 45, 50, 90]",0.95,0.2,0.1,1.00E-08,5.401,0.074959989
"[5, 20, 25, 30, 35, 40, 55, 90]",0.95,0.2,0.1,1.00E-08,5.401,0.07936624
"[5, 15, 20, 25, 40, 60, 65, 70]",0.95,0.2,0.1,1.00E-08,5.4,0.095289034
"[10, 15, 20, 25, 35, 40, 45, 110]",0.95,0.2,0.1,1.00E-08,5.4,0.067527772
"[5, 15, 20, 25, 35, 50, 60, 90]",0.95,0.2,0.1,1.00E-08,5.399,0.078096095
"[5, 10, 15, 20, 25, 35, 40, 150]",0.95,0.2,0.1,1.00E-08,5.398,0.073729234
"[5, 10, 20, 25, 45, 50, 70, 75]",0.95,0.2,0.1,1.00E-08,5.398,0.077691698
"[5, 15, 20, 30, 35, 40, 60, 95]",0.95,0.2,0.1,1.00E-08,5.398,0.086925255
"[5, 10, 30, 40, 45, 50, 55, 65]",0.95,0.2,0.1,1.00E-08,5.396,0.074726167
"[5, 10, 15, 25, 30, 45, 70, 100]",0.95,0.2,0.1,1.00E-08,5.394,0.077743167
"[5, 10, 20, 25, 35, 50, 65, 90]",0.95,0.2,0.1,1.00E-08,5.392,0.08182909
"[5, 10, 15, 25, 45, 50, 65, 85]",0.95,0.2,0.1,1.00E-08,5.391,0.076544105
"[5, 10, 20, 30, 50, 55, 60, 70]",0.95,0.2,0.1,1.00E-08,5.391,0.090658701
"[10, 15, 20, 30, 35, 45, 55, 90]",0.95,0.2,0.1,1.00E-08,5.391,0.816099871
"[15, 20, 25, 30, 35, 40, 50, 85]",0.95,0.2,0.1,1.00E-08,5.391,0.065261014
"[5, 10, 20, 25, 35, 45, 65, 95]",0.95,0.2,0.1,1.00E-08,5.389,0.070278019
"[5, 10, 20, 30, 35, 45, 75, 80]",0.95,0.2,0.1,1.00E-08,5.389,0.072794231
"[5, 10, 15, 30, 35, 45, 65, 95]",0.95,0.2,0.1,1.00E-08,5.388,0.064311741
"[5, 15, 20, 30, 35, 55, 65, 75]",0.95,0.2,0.1,1.00E-08,5.388,0.085416626
"[5, 10, 20, 25, 40, 50, 60, 90]",0.95,0.2,0.1,1.00E-08,5.385,0.05399074
"[10, 15, 25, 30, 35, 40, 60, 85]",0.95,0.2,0.1,1.00E-08,5.385,0.06568866
"[5, 10, 15, 20, 40, 50, 55, 105]",0.95,0.2,0.1,1.00E-08,5.384,0.077871689
"[5, 10, 30, 35, 40, 45, 55, 80]",0.95,0.2,0.1,1.00E-08,5.384,0.08912912
"[5, 10, 15, 20, 40, 55, 75, 80]",0.95,0.2,0.1,1.00E-08,5.383,0.810266006
"[5, 10, 15, 25, 35, 40, 55, 115]",0.95,0.2,0.1,1.00E-08,5.383,0.204770603
"[5, 10, 15, 25, 35, 55, 70, 85]",0.95,0.2,0.1,1.00E-08,5.382,0.058275209
"[10, 15, 20, 25, 30, 45, 60, 95]",0.95,0.2,0.1,1.00E-08,5.381,0.072518963
"[5, 10, 15, 20, 35, 55, 65, 95]",0.95,0.2,0.1,1.00E-08,5.38,0.070710678
"[5, 10, 15, 25, 35, 40, 60, 110]",0.95,0.2,0.1,1.00E-08,5.379,0.067668309
"[5, 10, 15, 30, 40, 45, 75, 80]",0.95,0.2,0.1,1.00E-08,5.379,0.060819405
"[10, 15, 20, 35, 40, 55, 60, 65]",0.95,0.2,0.1,1.00E-08,5.378,0.067793805
"[5, 10, 15, 40, 45, 55, 60, 70]",0.95,0.2,0.1,1.00E-08,5.373,0.072187256
"[5, 10, 25, 30, 40, 45, 50, 95]",0.95,0.2,0.1,1.00E-08,5.373,0.052640289
"[5, 15, 20, 25, 35, 40, 75, 85]",0.95,0.2,0.1,1.00E-08,5.371,0.063395583
"[10, 15, 20, 25, 30, 50, 65, 85]",0.95,0.2,0.1,1.00E-08,5.37,0.088430764
"[10, 15, 20, 25, 35, 50, 55, 90]",0.95,0.2,0.1,1.00E-08,5.369,0.196109663
"[5, 10, 15, 20, 25, 60, 65, 100]",0.95,0.2,0.1,1.00E-08,5.368,0.080845532
"[5, 15, 20, 25, 45, 50, 55, 85]",0.95,0.2,0.1,1.00E-08,5.367,0.807496749
"[5, 10, 15, 20, 35, 45, 50, 120]",0.95,0.2,0.1,1.00E-08,5.364,0.205873748
"[5, 10, 15, 20, 50, 60, 65, 75]",0.95,0.2,0.1,1.00E-08,5.363,0.068782265
"[5, 10, 15, 35, 40, 45, 55, 95]",0.95,0.2,0.1,1.00E-08,5.362,0.056178288
"[5, 15, 20, 25, 30, 40, 50, 115]",0.95,0.2,0.1,1.00E-08,5.362,0.06508456
"[5, 10, 15, 20, 30, 55, 70, 95]",0.95,0.2,0.1,1.00E-08,5.36,0.186975934
"[15, 20, 25, 30, 40, 45, 50, 75]",0.95,0.2,0.1,1.00E-08,5.36,0.086717934
"[5, 10, 15, 20, 25, 30, 50, 145]",0.95,0.2,0.1,1.00E-08,5.359,0.175667299
"[5, 15, 30, 35, 40, 45, 55, 75]",0.95,0.2,0.1,1.00E-08,5.357,0.053018865
"[5, 10, 20, 30, 35, 40, 55, 105]",0.95,0.2,0.1,1.00E-08,5.353,0.204281668
"[5, 10, 15, 25, 30, 60, 70, 85]",0.95,0.2,0.1,1.00E-08,5.351,0.181049717
"[5, 15, 20, 25, 40, 45, 65, 85]",0.95,0.2,0.1,1.00E-08,5.351,0.172681788
"[5, 10, 20, 25, 45, 50, 55, 90]",0.95,0.2,0.1,1.00E-08,5.35,0.181383571
"[5, 10, 15, 20, 30, 65, 70, 85]",0.95,0.2,0.1,1.00E-08,5.349,0.198642896
"[5, 10, 15, 30, 40, 55, 60, 85]",0.95,0.2,0.1,1.00E-08,5.347,0.18179934
"[5, 10, 15, 20, 25, 30, 40, 155]",0.95,0.2,0.1,1.00E-08,5.346,0.969352361
"[15, 20, 30, 35, 40, 45, 55, 60]",0.95,0.2,0.1,1.00E-08,5.346,0.181449718
"[5, 10, 15, 20, 45, 50, 75, 80]",0.95,0.2,0.1,1.00E-08,5.345,0.180319161
"[10, 20, 25, 35, 45, 50, 55, 60]",0.95,0.2,0.1,1.00E-08,5.342,0.339935288
"[5, 10, 15, 20, 30, 45, 60, 115]",0.95,0.2,0.1,1.00E-08,5.337,0.350101414
"[5, 10, 15, 25, 40, 50, 75, 80]",0.95,0.2,0.1,1.00E-08,5.332,0.33373043
"[5, 10, 15, 20, 25, 35, 75, 115]",0.95,0.2,0.1,1.00E-08,5.329,0.253256787
"[5, 10, 15, 25, 40, 45, 50, 110]",0.95,0.2,0.1,1.00E-08,5.328,0.34970845
"[5, 10, 20, 35, 40, 45, 50, 95]",0.95,0.2,0.1,1.00E-08,5.328,0.349879979
"[5, 15, 20, 25, 30, 40, 60, 105]",0.95,0.2,0.1,1.00E-08,5.324,0.358362945
"[10, 20, 25, 30, 35, 55, 60, 65]",0.95,0.2,0.1,1.00E-08,5.324,0.343604424
"[5, 10, 20, 25, 45, 50, 60, 85]",0.95,0.2,0.1,1.00E-08,5.32,0.343103483
"[5, 15, 20, 25, 30, 40, 75, 90]",0.95,0.2,0.1,1.00E-08,5.32,0.342578458
"[10, 15, 20, 40, 45, 50, 55, 65]",0.95,0.2,0.1,1.00E-08,5.318,0.373464858
"[10, 15, 20, 25, 30, 50, 70, 80]",0.95,0.2,0.1,1.00E-08,5.317,0.348612966
"[5, 10, 15, 20, 30, 35, 40, 145]",0.95,0.2,0.1,1.00E-08,5.313,0.338010355
"[5, 10, 15, 20, 30, 35, 90, 95]",0.95,0.2,0.1,1.00E-08,5.313,0.87770781
"[5, 10, 15, 20, 40, 65, 70, 75]",0.95,0.2,0.1,1.00E-08,5.312,0.352159055
"[10, 15, 20, 30, 40, 45, 65, 75]",0.95,0.2,0.1,1.00E-08,5.311,0.343072879
"[5, 15, 20, 25, 40, 55, 65, 75]",0.95,0.2,0.1,1.00E-08,5.307,0.344747734
"[10, 15, 20, 25, 30, 55, 65, 80]",0.95,0.2,0.1,1.00E-08,5.307,0.340721294
"[10, 15, 25, 40, 45, 50, 55, 60]",0.95,0.2,0.1,1.00E-08,5.305,0.335849669
"[5, 15, 20, 25, 30, 45, 75, 85]",0.95,0.2,0.1,1.00E-08,5.304,0.32836565
"[10, 15, 20, 25, 30, 45, 70, 85]",0.95,0.2,0.1,1.00E-08,5.298,0.33153582
"[5, 10, 15, 20, 30, 40, 45, 135]",0.95,0.2,0.1,1.00E-08,5.297,0.846812258
"[10, 15, 20, 25, 30, 35, 70, 95]",0.95,0.2,0.1,1.00E-08,5.294,0.384088531
"[5, 10, 15, 20, 25, 45, 80, 100]",0.95,0.2,0.1,1.00E-08,5.279,0.374511682
"[5, 10, 20, 30, 45, 55, 60, 75]",0.95,0.2,0.1,1.00E-08,5.279,0.344062494
"[5, 15, 20, 25, 30, 45, 50, 110]",0.95,0.2,0.1,1.00E-08,5.278,0.381832424
"[5, 10, 25, 35, 40, 50, 65, 70]",0.95,0.2,0.1,1.00E-08,5.276,0.470684608
"[10, 15, 20, 25, 40, 45, 70, 75]",0.95,0.2,0.1,1.00E-08,5.27,0.473349765
"[5, 10, 15, 20, 30, 35, 75, 110]",0.95,0.2,0.1,1.00E-08,5.265,0.47551551
"[10, 15, 20, 25, 35, 50, 60, 85]",0.95,0.2,0.1,1.00E-08,5.246,0.47151246
"[5, 10, 15, 20, 35, 45, 75, 95]",0.95,0.2,0.1,1.00E-08,5.242,0.452632301
"[10, 15, 20, 25, 40, 50, 65, 75]",0.95,0.2,0.1,1.00E-08,5.238,0.449839972
"[5, 10, 15, 20, 25, 50, 75, 100]",0.95,0.2,0.1,1.00E-08,5.234,0.46553625
"[5, 10, 25, 30, 35, 55, 60, 80]",0.95,0.2,0.1,1.00E-08,5.229,0.455520581
"[10, 15, 20, 25, 40, 50, 55, 85]",0.95,0.2,0.1,1.00E-08,5.228,0.448258854
"[5, 10, 15, 30, 40, 55, 65, 80]",0.95,0.2,0.1,1.00E-08,5.224,0.472127102
"[10, 20, 25, 30, 35, 40, 60, 80]",0.95,0.2,0.1,1.00E-08,5.221,0.450176632
"[5, 10, 15, 20, 30, 50, 60, 110]",0.95,0.2,0.1,1.00E-08,5.209,0.491384778
