spectral_radius,jump,input_scale,ridge_alpha,leaking_rate,mean_T_VPT,std_dev
0.92,5,0.1,1e-07,0.1,1.0027468864175813,0.4791226415746913
0.92,5,0.1,1e-07,0.3,0.19157088122605537,0.060739456858555654
0.92,5,0.1,1e-07,0.5,0.3480278422273787,0.10587211372258686
0.92,5,0.1,1e-07,0.7,0.43692384279631336,0.2102846120517657
0.92,5,0.1,1e-07,0.9,0.5698233636468697,0.4182545018037488
0.92,5,0.2,1e-07,0.1,1.8921513721097694,0.5797229159895938
0.92,5,0.2,1e-07,0.3,0.4373683227991582,0.11697849000966126
0.92,5,0.2,1e-07,0.5,0.6867216043950195,0.4414874681597376
0.92,5,0.2,1e-07,0.7,1.1183116871571952,0.7029369388804757
0.92,5,0.2,1e-07,0.9,1.3636646487274542,0.9741533469971566
0.92,5,0.3,1e-07,0.1,2.2290672142660313,0.6874210524661484
0.92,5,0.3,1e-07,0.3,1.5356784098283425,0.9112859053051532
0.92,5,0.3,1e-07,0.5,1.6654665706589866,0.9661083440689554
0.92,5,0.3,1e-07,0.7,2.553982096345486,1.082124336568341
0.92,5,0.3,1e-07,0.9,2.9135664186468255,1.041526764889977
0.92,5,0.4,1e-07,0.1,2.6073196966868473,0.983814492231005
0.92,5,0.4,1e-07,0.3,2.4886435359273196,0.8987770337716443
0.92,5,0.4,1e-07,0.5,2.8962316985358845,1.079342057976766
0.92,5,0.4,1e-07,0.7,3.2535936208230005,0.9105550121438535
0.92,5,0.4,1e-07,0.9,3.5749526628796975,0.8504525244058337
0.92,5,0.5,1e-07,0.1,2.769110417722308,1.004732274563237
0.92,5,0.5,1e-07,0.3,3.200700500484484,1.1254066903017899
0.92,5,0.5,1e-07,0.5,3.26603906090265,1.1233836165573283
0.92,5,0.5,1e-07,0.7,3.8696429047657155,1.4497173018868568
0.92,5,0.5,1e-07,0.9,3.9674285053915423,1.0650351175883392
0.92,5,0.6,1e-07,0.1,2.9313456187606133,0.9741649067728089
0.92,5,0.6,1e-07,0.3,3.419384661884062,1.0551627612906673
0.92,5,0.6,1e-07,0.5,3.6887395436079333,1.1286724043394318
0.92,5,0.6,1e-07,0.7,3.935870425189571,1.1215006479171736
0.92,5,0.6,1e-07,0.9,4.054546585949099,0.8173739509568971
0.92,5,0.7,1e-07,0.1,3.1198051399667537,0.9287722087782931
0.92,5,0.7,1e-07,0.3,3.6647376234543216,1.0283398128645693
0.92,5,0.7,1e-07,0.5,3.8118605043959084,1.1027435107473664
0.92,5,0.7,1e-07,0.7,4.1434425865180335,1.0095466780170195
0.92,5,0.7,1e-07,0.9,4.152776666577772,0.8855516439874955
0.92,5,0.8,1e-07,0.1,3.281595861002214,0.9458160571939452
0.92,5,0.8,1e-07,0.3,3.810527064387374,1.0867382454723225
0.92,5,0.8,1e-07,0.5,4.054991065951943,1.0758671292932667
0.92,5,0.8,1e-07,0.7,4.439021788409739,1.3935653875104332
0.92,5,0.8,1e-07,0.9,4.380350428034244,1.1697697000901115
0.92,5,0.9,1e-07,0.1,3.306042261158671,0.991380338568921
0.92,5,0.9,1e-07,0.3,3.97765154545697,1.043646618713198
0.92,5,0.9,1e-07,0.5,4.1772230667342285,1.195598001055338
0.92,5,0.9,1e-07,0.7,4.384350748059846,1.256611394585061
0.92,5,0.9,1e-07,0.9,4.487025628716965,1.1148068867318792
0.92,5,1.0,1e-07,0.1,3.353601621463051,1.1921729253754085
0.92,5,1.0,1e-07,0.3,4.128774746424158,1.1702369255728082
0.92,5,1.0,1e-07,0.5,4.228338267061365,0.9997545940960816
0.92,5,1.0,1e-07,0.7,4.388795548088291,1.1190850199025464
0.92,5,1.0,1e-07,0.9,4.617258269550454,1.113585726023238
0.92,10,0.1,1e-07,0.1,0.9347414459823461,0.4209406325067934
0.92,10,0.1,1e-07,0.3,0.20401632130570546,0.06031513389283703
0.92,10,0.1,1e-07,0.5,0.47914944306655705,0.18389658470471934
0.92,10,0.1,1e-07,0.7,0.8067312051630809,0.6895960777609361
0.92,10,0.1,1e-07,0.9,0.8542905654674603,0.8185260665944787
0.92,10,0.2,1e-07,0.1,1.930376652354411,0.7756865026722278
0.92,10,0.2,1e-07,0.3,0.5924918437919487,0.4159667952981451
0.92,10,0.2,1e-07,0.5,0.7920633650692065,0.3154762379917856
0.92,10,0.2,1e-07,0.7,2.0677209732334143,1.23964954843208
0.92,10,0.2,1e-07,0.9,2.4677529757936196,1.0007846047021642
0.92,10,0.3,1e-07,0.1,2.0975011334240077,0.7606290589687551
0.92,10,0.3,1e-07,0.3,1.7396947311340467,0.9991950008354212
0.92,10,0.3,1e-07,0.5,2.4770870558533584,1.1693132701056645
0.92,10,0.3,1e-07,0.7,2.6162092967437407,1.0678898244257564
0.92,10,0.3,1e-07,0.9,3.056244499559965,0.9879845673121849
0.92,10,0.4,1e-07,0.1,2.3437430549999565,0.8040907379793586
0.92,10,0.4,1e-07,0.3,2.727773777457752,0.9553079976233935
0.92,10,0.4,1e-07,0.5,3.0891360197704714,1.0681974395667837
0.92,10,0.4,1e-07,0.7,3.3656025815398576,1.0494045791424262
0.92,10,0.4,1e-07,0.9,3.590064982976417,1.0347324539054403
0.92,10,0.5,1e-07,0.1,2.701549457289917,1.0063046896893184
0.92,10,0.5,1e-07,0.3,3.137584340080541,0.9802244388225176
0.92,10,0.5,1e-07,0.5,3.560284822785824,1.0843909316388578
0.92,10,0.5,1e-07,0.7,3.6411801833035535,1.267855036118735
0.92,10,0.5,1e-07,0.9,3.8523081846547735,1.003996208160976
0.92,10,0.6,1e-07,0.1,2.7944457778844543,0.8866084854163764
0.92,10,0.6,1e-07,0.3,3.481167382279472,0.9521635225343904
0.92,10,0.6,1e-07,0.5,3.712296983758702,0.9090051833744995
0.92,10,0.6,1e-07,0.7,3.7940813042821206,0.9975416686895129
0.92,10,0.6,1e-07,0.9,4.106106266279081,0.7924900207997043
0.92,10,0.7,1e-07,0.1,2.9384572988061275,0.9251116391300047
0.92,10,0.7,1e-07,0.3,3.6136224231271847,1.0083222594035854
0.92,10,0.7,1e-07,0.5,3.91675778506725,0.8749875330354364
0.92,10,0.7,1e-07,0.7,4.18211234676552,1.1883698019193034
0.92,10,0.7,1e-07,0.9,4.28967650745393,1.0653893609113032
0.92,10,0.8,1e-07,0.1,2.993128339156022,0.906701511372325
0.92,10,0.8,1e-07,0.3,3.778080024179713,1.1200358096858163
0.92,10,0.8,1e-07,0.5,4.034100505818244,0.8786835679465544
0.92,10,0.8,1e-07,0.7,4.200780506884997,1.0796952668521917
0.92,10,0.8,1e-07,0.9,4.271008347334455,0.8924748941747348
0.92,10,0.9,1e-07,0.1,3.137139860077696,0.9159379477716099
0.92,10,0.9,1e-07,0.3,3.954983065311892,1.145629078785102
0.92,10,0.9,1e-07,0.5,4.160777306628975,1.127647957202995
0.92,10,0.9,1e-07,0.7,4.272786267345834,1.0733511983547943
0.92,10,0.9,1e-07,0.9,4.374127707994418,0.8815523293527994
0.92,10,1.0,1e-07,0.1,3.2704838609310976,1.0268321191396985
0.92,10,1.0,1e-07,0.3,3.9785405054626595,1.0876148660767184
0.92,10,1.0,1e-07,0.5,4.089660506173828,1.0006807629245933
0.92,10,1.0,1e-07,0.7,4.386128668071225,1.0686057298075313
0.92,10,1.0,1e-07,0.9,4.484358748699896,1.1435023619127729
0.92,15,0.1,1e-07,0.1,0.9698553662070749,0.46977267921328064
0.92,15,0.1,1e-07,0.3,0.17823648114071536,0.05685870476019307
0.92,15,0.1,1e-07,0.5,0.30224640193437835,0.13052887674909253
0.92,15,0.1,1e-07,0.7,0.7396147247335348,0.5729990300040081
0.92,15,0.1,1e-07,0.9,0.7756176049639539,0.6577643295399608
0.92,15,0.2,1e-07,0.1,1.8539260918651277,0.688083756982942
0.92,15,0.2,1e-07,0.3,0.39425376252322447,0.17271122585873702
0.92,15,0.2,1e-07,0.5,0.5938252838004825,0.3917641803041198
0.92,15,0.2,1e-07,0.7,1.662355210639075,0.9318372465953871
0.92,15,0.2,1e-07,0.9,2.0708323332533274,0.9275568189378277
0.92,15,0.3,1e-07,0.1,2.234400974300167,0.7534186473791279
0.92,15,0.3,1e-07,0.3,1.3792214488270185,0.7331974852232839
0.92,15,0.3,1e-07,0.5,1.8477033718253026,0.9417550584394343
0.92,15,0.3,1e-07,0.7,2.797557137904367,1.0191058984781438
0.92,15,0.3,1e-07,0.9,3.3762701016081293,1.169249740930294
0.92,15,0.4,1e-07,0.1,2.4864211359130968,0.9135944523586859
0.92,15,0.4,1e-07,0.3,2.608653136695381,0.8717321491556919
0.92,15,0.4,1e-07,0.5,2.9580144189312927,0.9337339010835086
0.92,15,0.4,1e-07,0.7,3.2473709007831744,0.9519599550785803
0.92,15,0.4,1e-07,0.9,3.5980656230276207,1.2002309903125117
0.92,15,0.5,1e-07,0.1,2.6713248170964805,1.094051208690419
0.92,15,0.5,1e-07,0.3,3.110026579904171,1.136687196507666
0.92,15,0.5,1e-07,0.5,3.3607133015085657,1.1489772824582996
0.92,15,0.5,1e-07,0.7,3.561618262794357,1.0079554081952762
0.92,15,0.5,1e-07,0.9,3.862531224720201,1.0597134098994876
0.92,15,0.6,1e-07,0.1,2.8606732983083103,1.0798105380014194
0.92,15,0.6,1e-07,0.3,3.26026082086567,1.0662184974130837
0.92,15,0.6,1e-07,0.5,3.594954263007708,1.1371780910114755
0.92,15,0.6,1e-07,0.7,3.8171942644300443,1.126413181415002
0.92,15,0.6,1e-07,0.9,3.9625392253602514,1.0241411502586855
0.92,15,0.7,1e-07,0.1,3.0926918597932294,1.0823335405416503
0.92,15,0.7,1e-07,0.3,3.5407277026606576,0.9901408379809303
0.92,15,0.7,1e-07,0.5,3.857197464686064,1.3101613379338872
0.92,15,0.7,1e-07,0.7,4.1234409863900225,1.0869700080858855
0.92,15,0.7,1e-07,0.9,4.244339547163774,1.1092714237921182
0.92,15,0.8,1e-07,0.1,3.150918740165882,0.9939862885080905
0.92,15,0.8,1e-07,0.3,3.810527064387374,1.2097808346774495
0.92,15,0.8,1e-07,0.5,4.047434905903584,0.9998946904563667
0.92,15,0.8,1e-07,0.7,4.279453467388503,1.090416077100878
0.92,15,0.8,1e-07,0.9,4.3683494679574375,1.1618418205727485
0.92,15,0.9,1e-07,0.1,3.168253460276823,0.9352482440613316
0.92,15,0.9,1e-07,0.3,3.918980185081475,1.1124630348556097
0.92,15,0.9,1e-07,0.5,4.24878434719222,1.1321250326809194
0.92,15,0.9,1e-07,0.7,4.38479522806269,1.1286204163528302
0.92,15,0.9,1e-07,0.9,4.387906588082602,0.9816445265258505
0.92,15,1.0,1e-07,0.1,3.4629437021628413,0.9434556873043646
0.92,15,1.0,1e-07,0.3,3.919424665084319,0.9569413947678411
0.92,15,1.0,1e-07,0.5,4.034544985821089,0.9378039329939227
0.92,15,1.0,1e-07,0.7,4.438132828404051,1.0987676927789554
0.92,15,1.0,1e-07,0.9,4.604812829470803,1.0745730384204046
0.92,20,0.1,1e-07,0.1,0.9316300859624335,0.39318370428678406
0.92,20,0.1,1e-07,0.3,0.221351041416648,0.1021105140095288
0.92,20,0.1,1e-07,0.5,0.4000320025602057,0.16205548286443483
0.92,20,0.1,1e-07,0.7,0.47781600305802335,0.3434539289865931
0.92,20,0.1,1e-07,0.9,0.7658390449013702,0.5979496818355126
0.92,20,0.2,1e-07,0.1,1.8503702518423704,0.7455065277840821
0.92,20,0.2,1e-07,0.3,0.5142633632912865,0.19663706911905715
0.92,20,0.2,1e-07,0.5,0.8040643251460127,0.4971174516775079
0.92,20,0.2,1e-07,0.7,1.2498777679992183,1.1590855633465402
0.92,20,0.2,1e-07,0.9,1.5063427296405942,0.9700794136569966
0.92,20,0.3,1e-07,0.1,2.191730894027078,0.8980942564555608
0.92,20,0.3,1e-07,0.3,1.7054697709150073,0.879912803156127
0.92,20,0.3,1e-07,0.5,1.5218995297401585,0.7054366756203175
0.92,20,0.3,1e-07,0.7,2.25173569441111,1.217595672412867
0.92,20,0.3,1e-07,0.9,2.702438417295606,1.0345313840561756
0.92,20,0.4,1e-07,0.1,2.4770870558533575,0.8723384057960056
0.92,20,0.4,1e-07,0.3,2.4681974557964645,1.0013184498387173
0.92,20,0.4,1e-07,0.5,2.6895484972131105,1.0930109412987223
0.92,20,0.4,1e-07,0.7,3.09180289978754,1.171133030631705
0.92,20,0.4,1e-07,0.9,3.6185117031584753,1.1045023101327027
0.92,20,0.5,1e-07,0.1,2.910010578624068,0.9164101962546553
0.92,20,0.5,1e-07,0.3,3.154030100185793,0.9626829427490515
0.92,20,0.5,1e-07,0.5,3.2211465806153394,1.0918419437577467
0.92,20,0.5,1e-07,0.7,3.68651714359371,1.043793316027905
0.92,20,0.5,1e-07,0.9,3.79408130428212,0.9330157228532288
0.92,20,0.6,1e-07,0.1,2.9442355388431087,0.8560809474442868
0.92,20,0.6,1e-07,0.3,3.432719061969403,1.0348412788366692
0.92,20,0.6,1e-07,0.5,3.606955223084514,1.0088951973695712
0.92,20,0.6,1e-07,0.7,3.914535385053027,1.0481179644223668
0.92,20,0.6,1e-07,0.9,4.191446426825257,1.3217784572223392
0.92,20,0.7,1e-07,0.1,2.942013138828884,0.9283158259935268
0.92,20,0.7,1e-07,0.3,3.6874061035993995,1.0084735074690625
0.92,20,0.7,1e-07,0.5,3.7389657839293813,0.9441791068011599
0.92,20,0.7,1e-07,0.7,4.173222746708626,1.0325265682610938
0.92,20,0.7,1e-07,0.9,4.2945657874852206,1.2976339240684207
0.92,20,0.8,1e-07,0.1,3.1366953800748507,1.0499795604842446
0.92,20,0.8,1e-07,0.3,3.6505142633632923,0.9451787571465172
0.92,20,0.8,1e-07,0.5,3.974540185437058,0.9925902275093759
0.92,20,0.8,1e-07,0.7,4.308344667573407,1.0526442652515375
0.92,20,0.8,1e-07,0.9,4.341680667786756,1.0376391140299077
0.92,20,0.9,1e-07,0.1,3.244259540763262,1.2300765450440563
0.92,20,0.9,1e-07,0.3,3.6998515436790504,0.8727513976660025
0.92,20,0.9,1e-07,0.5,4.219893147007317,1.1242211193495204
0.92,20,0.9,1e-07,0.7,4.450133788480858,0.9374625935612472
0.92,20,0.9,1e-07,0.9,4.429243228347157,0.936047870672097
0.92,20,1.0,1e-07,0.1,3.3807149016365763,1.1226938429673134
0.92,20,1.0,1e-07,0.3,3.915424345058716,0.8986154570227185
0.92,20,1.0,1e-07,0.5,4.3950182681281165,1.1162446053689554
0.92,20,1.0,1e-07,0.7,4.604812829470803,1.1040358972219275
0.92,20,1.0,1e-07,0.9,4.545252509089617,0.94859197337439
0.95,5,0.1,1e-07,0.1,1.1720937675014016,0.6487209624207623
0.95,5,0.1,1e-07,0.3,0.22712928145362857,0.09653917390335928
0.95,5,0.1,1e-07,0.5,0.4853721631063831,0.1978440358249181
0.95,5,0.1,1e-07,0.7,0.7525046448160305,0.5438292302961668
0.95,5,0.1,1e-07,0.9,1.2320985678854317,0.7350073248605354
0.95,5,0.2,1e-07,0.1,1.9419331324283733,0.637878206043812
0.95,5,0.2,1e-07,0.3,0.4964841631774994,0.1976142296848685
0.95,5,0.2,1e-07,0.5,0.9467424060591519,0.49967539667063665
0.95,5,0.2,1e-07,0.7,1.557902409970576,0.988529921701587
0.95,5,0.2,1e-07,0.9,1.5979056102265963,0.9748916804027898
0.95,5,0.3,1e-07,0.1,2.1775075339360495,0.757454960134898
0.95,5,0.3,1e-07,0.3,1.4810073694784478,0.8174102057380777
0.95,5,0.3,1e-07,0.5,1.883261772052876,1.0720804227683929
0.95,5,0.3,1e-07,0.7,2.586429136553147,0.9960522159022278
0.95,5,0.3,1e-07,0.9,2.7095500973411215,0.9268376911119836
0.95,5,0.4,1e-07,0.1,2.4130819354437247,0.7069641331175349
0.95,5,0.4,1e-07,0.3,2.4313056155603574,0.8304725559103396
0.95,5,0.4,1e-07,0.5,2.905565778595622,1.1695751225600186
0.95,5,0.4,1e-07,0.7,3.1984781004702603,0.8999171377990064
0.95,5,0.4,1e-07,0.9,3.404716821790189,1.0166278926574759
0.95,5,0.5,1e-07,0.1,2.6442115369229553,0.9223762230219772
0.95,5,0.5,1e-07,0.3,3.026464339369373,1.058887575647454
0.95,5,0.5,1e-07,0.5,3.1535856201829486,1.0938028846352583
0.95,5,0.5,1e-07,0.7,3.5647296228142706,0.9319390077234043
0.95,5,0.5,1e-07,0.9,3.751411224009033,1.0424870789764977
0.95,5,0.6,1e-07,0.1,2.9233449787094092,0.9921004749420818
0.95,5,0.6,1e-07,0.3,3.399827541758897,1.0246902050737288
0.95,5,0.6,1e-07,0.5,3.5669520228284943,1.067435176073985
0.95,5,0.6,1e-07,0.7,3.8887555448880358,1.1234063027540127
0.95,5,0.6,1e-07,0.9,3.966095065383009,0.8819636947108087
0.95,5,0.7,1e-07,0.1,3.1766985803308714,0.9957617957538853
0.95,5,0.7,1e-07,0.3,3.5918429029877954,1.0122337022524963
0.95,5,0.7,1e-07,0.5,3.840307224577967,1.2075180964802803
0.95,5,0.7,1e-07,0.7,4.042990105875138,1.0279654990941127
0.95,5,0.7,1e-07,0.9,4.159443866620442,0.9487025578634066
0.95,5,0.8,1e-07,0.1,3.3073757011672047,1.0666949637016956
0.95,5,0.8,1e-07,0.3,3.67407170351406,1.1162081451398072
0.95,5,0.8,1e-07,0.5,4.06610306602306,1.3437385477953838
0.95,5,0.8,1e-07,0.7,4.333680027735552,1.0711184205846576
0.95,5,0.8,1e-07,0.9,4.2505622672036,1.046207736192042
0.95,5,0.9,1e-07,0.1,3.3047088211501374,1.0206513308329128
0.95,5,0.9,1e-07,0.3,3.8389737845694336,1.018772600991514
0.95,5,0.9,1e-07,0.5,4.080770906116935,1.1215371122448115
0.95,5,0.9,1e-07,0.7,4.415908828261816,1.1828363673968736
0.95,5,0.9,1e-07,0.9,4.531029148998588,1.232112998969841
0.95,5,1.0,1e-07,0.1,3.2664835409054955,1.105620576701074
0.95,5,1.0,1e-07,0.3,3.970539865411456,1.0175084144658226
0.95,5,1.0,1e-07,0.5,4.1652221066574215,0.9702107628712329
0.95,5,1.0,1e-07,0.7,4.471913308620246,1.2206001957949797
0.95,5,1.0,1e-07,0.9,4.5603648291863355,1.1100998189419136
0.95,10,0.1,1e-07,0.1,1.0218595265399013,0.5012177722322145
0.95,10,0.1,1e-07,0.3,0.2515756816100853,0.14039096320372146
0.95,10,0.1,1e-07,0.5,0.6080486438915116,0.29267109720272716
0.95,10,0.1,1e-07,0.7,0.9049612857917526,0.6577003509210607
0.95,10,0.1,1e-07,0.9,1.2552115280333551,0.6797164574784066
0.95,10,0.2,1e-07,0.1,1.8374803317598751,0.6819030202558365
0.95,10,0.2,1e-07,0.3,0.6493852841560663,0.5449284954794752
0.95,10,0.2,1e-07,0.5,0.8565129654816837,0.4033141106334304
0.95,10,0.2,1e-07,0.7,1.9201536122889833,0.9414407538062971
0.95,10,0.2,1e-07,0.9,2.3335200149345288,0.982972324814241
0.95,10,0.3,1e-07,0.1,2.10816865349228,0.8280909382649427
0.95,10,0.3,1e-07,0.3,1.7819203314042915,0.8213798034730141
0.95,10,0.3,1e-07,0.5,2.2397347343343035,1.1025741958805273
0.95,10,0.3,1e-07,0.7,2.565538576419448,1.1202277049420162
0.95,10,0.3,1e-07,0.9,2.7113280173525007,1.0322286106402645
0.95,10,0.4,1e-07,0.1,2.3419651349885777,0.876911172029789
0.95,10,0.4,1e-07,0.3,2.5997635366384872,0.8826475346210345
0.95,10,0.4,1e-07,0.5,2.884675218461922,0.998148109491281
0.95,10,0.4,1e-07,0.7,3.26692802090834,1.1720702538182932
0.95,10,0.4,1e-07,0.9,3.3202656212497015,0.9762474840075605
0.95,10,0.5,1e-07,0.1,2.6415446569058867,0.9580133125974563
0.95,10,0.5,1e-07,0.3,2.990461459138955,0.9240712534715189
0.95,10,0.5,1e-07,0.5,3.3487123414317597,1.0542316096136977
0.95,10,0.5,1e-07,0.7,3.7198531438070606,1.346586188257729
0.95,10,0.5,1e-07,0.9,3.7936368242792757,1.0782987764534322
0.95,10,0.6,1e-07,0.1,2.7277737774577533,0.9071831413668081
0.95,10,0.6,1e-07,0.3,3.350490261443139,0.95641789573516
0.95,10,0.6,1e-07,0.5,3.6185117031584757,0.8767590856627634
0.95,10,0.6,1e-07,0.7,3.8091936243788393,1.1625620673441048
0.95,10,0.6,1e-07,0.9,3.932759065169659,0.8733806985515493
0.95,10,0.7,1e-07,0.1,2.9042323385870885,1.0311087304164173
0.95,10,0.7,1e-07,0.3,3.566507542825649,1.1507813030879337
0.95,10,0.7,1e-07,0.5,3.886533144873813,0.8045719139226315
0.95,10,0.7,1e-07,0.7,4.165666586660267,1.0069935536291552
0.95,10,0.7,1e-07,0.9,4.145664986532256,1.0333979404945401
0.95,10,0.8,1e-07,0.1,3.0709123396538396,1.0094026367783318
0.95,10,0.8,1e-07,0.3,3.687850583602244,1.2406961649905037
0.95,10,0.8,1e-07,0.5,4.064325146011682,0.9130082336853782
0.95,10,0.8,1e-07,0.7,4.19633570685655,1.0216935339006168
0.95,10,0.8,1e-07,0.9,4.22300450702723,0.893938022599471
0.95,10,0.9,1e-07,0.1,3.1433625801175222,0.981831677355039
0.95,10,0.9,1e-07,0.3,3.70162946369043,1.1691949949358749
0.95,10,0.9,1e-07,0.5,4.004320345627651,0.9143607282214353
0.95,10,0.9,1e-07,0.7,4.469246428603179,1.0181541897981963
0.95,10,0.9,1e-07,0.9,4.287009627436861,0.9875291417195384
0.95,10,1.0,1e-07,0.1,3.277595540976612,1.0858951215118642
0.95,10,1.0,1e-07,0.3,3.7820803442053146,1.1283283989152915
0.95,10,1.0,1e-07,0.5,4.035433945826778,1.0352438316141401
0.95,10,1.0,1e-07,0.7,4.408352668213459,0.9967979141857732
0.95,10,1.0,1e-07,0.9,4.549697309118064,1.2815295047168092
0.95,15,0.1,1e-07,0.1,1.0303046465939503,0.5999090465942192
0.95,15,0.1,1e-07,0.3,0.19823808126872536,0.06678154882821
0.95,15,0.1,1e-07,0.5,0.3880310424833998,0.1962649757897872
0.95,15,0.1,1e-07,0.7,0.9671884861900069,0.6191407010713321
0.95,15,0.1,1e-07,0.9,1.0751971268812628,0.7603316035025028
0.95,15,0.2,1e-07,0.1,1.792143371469718,0.763450011384878
0.95,15,0.2,1e-07,0.3,0.35469504227004967,0.1426469223704975
0.95,15,0.2,1e-07,0.5,0.5560444835586856,0.30543053930827174
0.95,15,0.2,1e-07,0.7,1.6236854503915872,0.8610480565324968
0.95,15,0.2,1e-07,0.9,2.1468384137397662,1.0093533135868193
0.95,15,0.3,1e-07,0.1,2.245068494368439,0.7945350774965129
0.95,15,0.3,1e-07,0.3,1.1872060875981199,0.6055514387759127
0.95,15,0.3,1e-07,0.5,1.9579344125307814,0.8966749260197495
0.95,15,0.3,1e-07,0.7,2.766443537705239,1.0370513851212273
0.95,15,0.3,1e-07,0.9,2.9709043390137886,1.1751805833616766
0.95,15,0.4,1e-07,0.1,2.665546577059499,1.1570571755760894
0.95,15,0.4,1e-07,0.3,2.5997635366384877,0.8722215370848482
0.95,15,0.4,1e-07,0.5,2.765110097696705,0.9537047407309063
0.95,15,0.4,1e-07,0.7,3.253593620823001,1.1127235291013338
0.95,15,0.4,1e-07,0.9,3.340267221377711,1.0718071013893071
0.95,15,0.5,1e-07,0.1,2.5566489763625544,0.9447146159455939
0.95,15,0.5,1e-07,0.3,2.966459538985341,1.0449765514693956
0.95,15,0.5,1e-07,0.5,3.3660470615427016,1.1777425141703486
0.95,15,0.5,1e-07,0.7,3.4313856219608687,0.9220576695639999
0.95,15,0.5,1e-07,0.9,3.7296317038696434,1.0509131637133131
0.95,15,0.6,1e-07,0.1,2.8411161781831455,0.9819765438231335
0.95,15,0.6,1e-07,0.3,3.227813780658009,1.0898152971969828
0.95,15,0.6,1e-07,0.5,3.566507542825648,1.2353501094875767
0.95,15,0.6,1e-07,0.7,3.678516503542506,1.0063967617646246
0.95,15,0.6,1e-07,0.9,3.86919842476287,1.1031067780979436
0.95,15,0.7,1e-07,0.1,2.9282342587406998,1.0109673970147872
0.95,15,0.7,1e-07,0.3,3.537171862637901,1.1437383408700312
0.95,15,0.7,1e-07,0.5,3.818527704438578,1.3015619210660785
0.95,15,0.7,1e-07,0.7,4.010543065667476,1.1766021229273687
0.95,15,0.7,1e-07,0.9,4.171889306700092,1.332569580754481
0.95,15,0.8,1e-07,0.1,3.105581779875724,0.943463225783074
0.95,15,0.8,1e-07,0.3,3.6136224231271843,0.9753819717872337
0.95,15,0.8,1e-07,0.5,3.808304664373151,1.0122504871429505
0.95,15,0.8,1e-07,0.7,4.206558746921977,1.1164789135687294
0.95,15,0.8,1e-07,0.9,4.289232027451086,1.094124340667019
0.95,15,0.9,1e-07,0.1,3.145584980131745,0.8965676199282968
0.95,15,0.9,1e-07,0.3,3.8194166644442666,1.0338499765030285
0.95,15,0.9,1e-07,0.5,3.9869856255167084,0.9337603486178118
0.95,15,0.9,1e-07,0.7,4.315011867616077,1.1973474553899892
0.95,15,0.9,1e-07,0.9,4.383461788054156,1.1552697955968763
0.95,15,1.0,1e-07,0.1,3.2838182610164375,0.9237505042345785
0.95,15,1.0,1e-07,0.3,3.8558640246775306,0.9571637177551762
0.95,15,1.0,1e-07,0.5,4.043434585877982,1.021879343311773
0.95,15,1.0,1e-07,0.7,4.355015067872097,0.9916294075325478
0.95,15,1.0,1e-07,0.9,4.614591389533385,1.2078833831672076
0.95,20,0.1,1e-07,0.1,1.0338604866167076,0.5149879660331593
0.95,20,0.1,1e-07,0.3,0.24713088158163823,0.1271430367142695
0.95,20,0.1,1e-07,0.5,0.5378208034420547,0.2676935938358148
0.95,20,0.1,1e-07,0.7,0.7302806446737972,0.6224840483131114
0.95,20,0.1,1e-07,0.9,0.8845152056608977,0.5896140744068277
0.95,20,0.2,1e-07,0.1,1.721915531020261,0.7104973569291958
0.95,20,0.2,1e-07,0.3,0.5351539234249855,0.26977556232431976
0.95,20,0.2,1e-07,0.5,0.6956112044519122,0.4001628558261998
0.95,20,0.2,1e-07,0.7,1.2298761678712082,0.8031540878688677
0.95,20,0.2,1e-07,0.9,2.05394209314523,0.9425149987666253
0.95,20,0.3,1e-07,0.1,2.052608653136695,0.7593737597416355
0.95,20,0.3,1e-07,0.3,1.6832457707727737,1.0225664093201108
0.95,20,0.3,1e-07,0.5,1.4730067294272442,0.8753721927701269
0.95,20,0.3,1e-07,0.7,1.9143753722520034,0.97571571515392
0.95,20,0.3,1e-07,0.9,2.793556817878765,1.0520157179663323
0.95,20,0.4,1e-07,0.1,2.4139708954494146,0.9836488077781703
0.95,20,0.4,1e-07,0.3,2.4233049755091525,0.9184387430795122
0.95,20,0.4,1e-07,0.5,2.4193046554835504,1.0849479179688877
0.95,20,0.4,1e-07,0.7,2.7611097776711038,1.049078836202866
0.95,20,0.4,1e-07,0.9,3.534949462623678,1.160141852457139
0.95,20,0.5,1e-07,0.1,2.7157728173809472,0.885407066384745
0.95,20,0.5,1e-07,0.3,2.9677929789938755,0.988917164500858
0.95,20,0.5,1e-07,0.5,3.1442515401232103,1.0710652990977554
0.95,20,0.5,1e-07,0.7,3.3647136215341673,1.0846441427008822
0.95,20,0.5,1e-07,0.9,3.6376243432807964,0.8814694056842691
0.95,20,0.6,1e-07,0.1,2.9789049790649926,1.0661301091455218
0.95,20,0.6,1e-07,0.3,3.3100425811842733,0.8804604738578365
0.95,20,0.6,1e-07,0.5,3.64651394333769,1.0643643290796303
0.95,20,0.6,1e-07,0.7,3.648736343351914,1.003447840150378
0.95,20,0.6,1e-07,0.9,3.966539545385854,1.1860708810972054
0.95,20,0.7,1e-07,0.1,2.955347538914225,0.8973085853939853
0.95,20,0.7,1e-07,0.3,3.5807309029166787,1.0885190945231278
0.95,20,0.7,1e-07,0.5,3.686072663590865,0.8657468720252907
0.95,20,0.7,1e-07,0.7,4.165666586660267,1.0296833761372715
0.95,20,0.7,1e-07,0.9,4.016765785707302,1.0891543286315752
0.95,20,0.8,1e-07,0.1,3.0540220995457426,0.9730533238904584
0.95,20,0.8,1e-07,0.3,3.683850263576642,1.1021532148135176
0.95,20,0.8,1e-07,0.5,3.857641944688909,1.0040156888073297
0.95,20,0.8,1e-07,0.7,4.110106586304682,0.9255516719055813
0.95,20,0.8,1e-07,0.9,4.416797788267507,1.3501321347265163
0.95,20,0.9,1e-07,0.1,3.164253140251221,0.9285243643744543
0.95,20,0.9,1e-07,0.3,3.670960343494147,1.1855294087084745
0.95,20,0.9,1e-07,0.5,4.136330906472518,1.0873023875648413
0.95,20,0.9,1e-07,0.7,4.194557786845171,0.9172731998743102
0.95,20,0.9,1e-07,0.9,4.449689308478013,1.248527159456726
0.95,20,1.0,1e-07,0.1,3.3273773012952157,1.0757080931603247
0.95,20,1.0,1e-07,0.3,3.8078601843703055,0.8713424815132521
0.95,20,1.0,1e-07,0.5,4.240339227138173,0.9631185277628238
0.95,20,1.0,1e-07,0.7,4.329235227707107,0.901612100898132
0.95,20,1.0,1e-07,0.9,4.380350428034244,1.058989814082681
0.98,5,0.1,1e-07,0.1,1.2267648078512954,0.5684741111900212
0.98,5,0.1,1e-07,0.3,0.29557920189170783,0.1974612105129202
0.98,5,0.1,1e-07,0.5,0.6027148838573759,0.21651879699270138
0.98,5,0.1,1e-07,0.7,0.8769590456125386,0.6449213384263629
0.98,5,0.1,1e-07,0.9,1.2801024081926562,0.8958295701667593
0.98,5,0.2,1e-07,0.1,1.9317100923629453,0.7632880004739121
0.98,5,0.2,1e-07,0.3,0.6760540843267466,0.4586645985067898
0.98,5,0.2,1e-07,0.5,1.1556480073961484,0.6061198295586511
0.98,5,0.2,1e-07,0.7,1.5392342498510996,0.9596966593260651
0.98,5,0.2,1e-07,0.9,1.6139068903290055,0.9308311213771645
0.98,5,0.3,1e-07,0.1,2.1748406539189813,0.7713855367710948
0.98,5,0.3,1e-07,0.3,1.820145611648932,0.817182257284642
0.98,5,0.3,1e-07,0.5,1.849481291836681,0.7876173108636799
0.98,5,0.3,1e-07,0.7,2.314851854815053,1.093285828519408
0.98,5,0.3,1e-07,0.9,2.7006604972842276,1.0296841436058115
0.98,5,0.4,1e-07,0.1,2.4037478553839873,0.8083692203806773
0.98,5,0.4,1e-07,0.3,2.552648656336952,0.8684297568940446
0.98,5,0.4,1e-07,0.5,2.5410921762629908,0.8258285347451019
0.98,5,0.4,1e-07,0.7,2.9108995386297574,0.898055759189229
0.98,5,0.4,1e-07,0.9,3.1380288200833855,0.9915112570165086
0.98,5,0.5,1e-07,0.1,2.58954049657306,0.9566407534174218
0.98,5,0.5,1e-07,0.3,2.904232338587088,1.0623894045229678
0.98,5,0.5,1e-07,0.5,2.9860166591105073,1.0756375661492177
0.98,5,0.5,1e-07,0.7,3.529171222586697,1.005899590280964
0.98,5,0.5,1e-07,0.9,3.5069472224444636,1.0311380451024343
0.98,5,0.6,1e-07,0.1,2.783778257816182,0.9066635974738811
0.98,5,0.6,1e-07,0.3,3.303819861144448,1.1823131314107127
0.98,5,0.6,1e-07,0.5,3.39627170173614,1.0466918016442357
0.98,5,0.6,1e-07,0.7,3.7718573041398877,1.0260861058443298
0.98,5,0.6,1e-07,0.9,3.7598563440630812,1.0778575000580284
0.98,5,0.7,1e-07,0.1,3.105581779875724,0.9740813488153761
0.98,5,0.7,1e-07,0.3,3.5807309029166783,1.1318187334298682
0.98,5,0.7,1e-07,0.5,3.6891840236107787,1.107538571300415
0.98,5,0.7,1e-07,0.7,4.210114586944735,1.2656208862697502
0.98,5,0.7,1e-07,0.9,4.111884506316061,1.1686252478834336
0.98,5,0.8,1e-07,0.1,3.258038420851447,1.0783088533314522
0.98,5,0.8,1e-07,0.3,3.641180183303554,1.1220480166242284
0.98,5,0.8,1e-07,0.5,3.7803024241939367,1.0401003019007649
0.98,5,0.8,1e-07,0.7,4.189224026811035,1.155697582948491
0.98,5,0.8,1e-07,0.9,4.204336346907754,0.9379174745598284
0.98,5,0.9,1e-07,0.1,3.244259540763262,0.9740375388667925
0.98,5,0.9,1e-07,0.3,3.828750744504006,1.0463765426316065
0.98,5,0.9,1e-07,0.5,3.8860886648709676,0.980505759743071
0.98,5,0.9,1e-07,0.7,4.31634530762461,1.1575657150960492
0.98,5,0.9,1e-07,0.9,4.407463708207768,0.9176175281652384
0.98,5,1.0,1e-07,0.1,3.4189401818812177,1.3461960203385852
0.98,5,1.0,1e-07,0.3,3.813638424407286,0.9741872147240075
0.98,5,1.0,1e-07,0.5,4.095438746210809,1.0330688715601384
0.98,5,1.0,1e-07,0.7,4.40568578819639,1.0389833919304283
0.98,5,1.0,1e-07,0.9,4.595034269408221,1.2404461405708622
0.98,10,0.1,1e-07,0.1,1.1320905672453807,0.6194743807587747
0.98,10,0.1,1e-07,0.3,0.3502502422416029,0.26399493049147876
0.98,10,0.1,1e-07,0.5,0.7151683245770782,0.350878606507909
0.98,10,0.1,1e-07,0.7,1.026748806571193,0.6683847259701918
0.98,10,0.1,1e-07,0.9,1.3525526486563382,0.5867937393737727
0.98,10,0.2,1e-07,0.1,1.8041443315465244,0.746269085308914
0.98,10,0.2,1e-07,0.3,0.6867216043950194,0.7103368969085115
0.98,10,0.2,1e-07,0.5,1.016525766505766,0.5907197765732821
0.98,10,0.2,1e-07,0.7,2.0272732929745496,0.7179946767635843
0.98,10,0.2,1e-07,0.9,2.329964174911771,0.8504234860644568
0.98,10,0.3,1e-07,0.1,2.024161932954636,0.7074348528651937
0.98,10,0.3,1e-07,0.3,1.6294636904285678,0.9668552730537403
0.98,10,0.3,1e-07,0.5,2.0112720128721415,0.8885910107046292
0.98,10,0.3,1e-07,0.7,2.6824368171675963,0.9930343793778086
0.98,10,0.3,1e-07,0.9,2.785556177827561,1.2266589977222664
0.98,10,0.4,1e-07,0.1,2.278848974584635,0.8041361905916026
0.98,10,0.4,1e-07,0.3,2.601096976647022,0.9472395505766481
0.98,10,0.4,1e-07,0.5,2.8188921780409113,0.9557649274029478
0.98,10,0.4,1e-07,0.7,2.998462099190158,0.9824279072773394
0.98,10,0.4,1e-07,0.9,3.0055737792356734,1.0397532133818972
0.98,10,0.5,1e-07,0.1,2.510867536069553,0.8445382059249318
0.98,10,0.5,1e-07,0.3,2.723773457432151,0.9214860540296816
0.98,10,0.5,1e-07,0.5,3.1806989003564747,0.9897367079290413
0.98,10,0.5,1e-07,0.7,3.432274581966559,1.1242836784691903
0.98,10,0.5,1e-07,0.9,3.5229485025468716,1.118776033491525
0.98,10,0.6,1e-07,0.1,2.6842147371789746,0.8872397593147419
0.98,10,0.6,1e-07,0.3,3.2255913806437855,1.1546959151331124
0.98,10,0.6,1e-07,0.5,3.554062102745999,1.0892729516936919
0.98,10,0.6,1e-07,0.7,3.6985181036705157,1.1172192096191436
0.98,10,0.6,1e-07,0.9,3.8256393844840924,1.0551496548207449
0.98,10,0.7,1e-07,0.1,2.8637846583282225,0.8862842092783205
0.98,10,0.7,1e-07,0.3,3.427829781938111,1.2811873747445572
0.98,10,0.7,1e-07,0.5,3.7705238641313534,1.1436580167498975
0.98,10,0.7,1e-07,0.7,4.065658586020216,1.1365133777297125
0.98,10,0.7,1e-07,0.9,3.9585389053346502,0.8872520061295462
0.98,10,0.8,1e-07,0.1,2.9669040189881866,0.8922298097559502
0.98,10,0.8,1e-07,0.3,3.5807309029166787,1.1625921458288004
0.98,10,0.8,1e-07,0.5,3.9287587451440564,0.7595985090410384
0.98,10,0.8,1e-07,0.7,4.244339547163773,1.1213160180499429
0.98,10,0.8,1e-07,0.9,4.19633570685655,1.0104237899774657
0.98,10,0.9,1e-07,0.1,3.040243219457558,0.9478310691510625
0.98,10,0.9,1e-07,0.3,3.619400663164166,1.1159383732352612
0.98,10,0.9,1e-07,0.5,3.949204825274912,0.8892710872615838
0.98,10,0.9,1e-07,0.7,4.345236507809513,1.0625446702009549
0.98,10,0.9,1e-07,0.9,4.349681307837961,1.0477784342681409
0.98,10,1.0,1e-07,0.1,3.1918109004275905,0.9926338157197021
0.98,10,1.0,1e-07,0.3,3.749188823994809,1.2737566980417754
0.98,10,1.0,1e-07,0.5,4.047879385906429,1.1030240324492664
0.98,10,1.0,1e-07,0.7,4.3972406681423415,1.0805468851516522
0.98,10,1.0,1e-07,0.9,4.323456987670125,1.1747368508641292
0.98,15,0.1,1e-07,0.1,1.098310087029186,0.7033668183883971
0.98,15,0.1,1e-07,0.3,0.2546870416299986,0.12121842469918678
0.98,15,0.1,1e-07,0.5,0.49648416317749955,0.27129160218297105
0.98,15,0.1,1e-07,0.7,1.0005244864033578,0.6539090947204115
0.98,15,0.1,1e-07,0.9,1.063196166804456,0.712747765352158
0.98,15,0.2,1e-07,0.1,1.8761500920073604,0.8058281481779582
0.98,15,0.2,1e-07,0.3,0.40492128259149734,0.23003890676116243
0.98,15,0.2,1e-07,0.5,0.6853881643864854,0.3724190761025045
0.98,15,0.2,1e-07,0.7,1.8832617720528753,1.004691570923746
0.98,15,0.2,1e-07,0.9,2.1775075339360486,0.9779725742929353
0.98,15,0.3,1e-07,0.1,2.0539420931452304,0.6711698083563022
0.98,15,0.3,1e-07,0.3,1.304993288351958,0.764052462781498
0.98,15,0.3,1e-07,0.5,1.8952627321296824,1.1366366179853673
0.98,15,0.3,1e-07,0.7,2.4197491354863945,0.9290497585453934
0.98,15,0.3,1e-07,0.9,2.623320976789255,1.0340735322509542
0.98,15,0.4,1e-07,0.1,2.548203856308506,1.1779672733619315
0.98,15,0.4,1e-07,0.3,2.4170822554693263,0.7697189969018281
0.98,15,0.4,1e-07,0.5,2.4655305757793964,0.9397715866010413
0.98,15,0.4,1e-07,0.7,3.052688659537208,1.0587823418394728
0.98,15,0.4,1e-07,0.9,3.155363540194328,1.3025474159862924
0.98,15,0.5,1e-07,0.1,2.7091056173382766,1.1863536813045115
0.98,15,0.5,1e-07,0.3,2.9051212985927766,1.0275723997916306
0.98,15,0.5,1e-07,0.5,3.119360659963909,1.4276339279895822
0.98,15,0.5,1e-07,0.7,3.448720342071811,1.160571588996572
0.98,15,0.5,1e-07,0.9,3.565174102817115,1.0416475875134994
0.98,15,0.6,1e-07,0.1,2.8211145780551345,0.9416763872167366
0.98,15,0.6,1e-07,0.3,3.306042261158671,1.1989221710193794
0.98,15,0.6,1e-07,0.5,3.384270741659333,1.1964427479410107
0.98,15,0.6,1e-07,0.7,3.5758416228853878,1.1426724209982855
0.98,15,0.6,1e-07,0.9,3.791858904267899,1.0134450127607175
0.98,15,0.7,1e-07,0.1,2.980238419073527,0.9997065734776264
0.98,15,0.7,1e-07,0.3,3.410050581824324,1.0989165601400137
0.98,15,0.7,1e-07,0.5,3.622512023184077,1.2072104698142516
0.98,15,0.7,1e-07,0.7,3.9900969855366215,1.4002112020952235
0.98,15,0.7,1e-07,0.9,4.181667866762674,1.2304219684425588
0.98,15,0.8,1e-07,0.1,3.0984700998302097,0.9676018296328975
0.98,15,0.8,1e-07,0.3,3.427385301935267,0.9700916329387925
0.98,15,0.8,1e-07,0.5,3.7851917042252277,1.1426978362966842
0.98,15,0.8,1e-07,0.7,4.144331546523723,1.3440691651974168
0.98,15,0.8,1e-07,0.9,4.164777626654577,0.9901803440671093
0.98,15,0.9,1e-07,0.1,3.17936546034794,0.9330169933291715
0.98,15,0.9,1e-07,0.3,3.6665155434657004,0.9769832237347662
0.98,15,0.9,1e-07,0.5,3.886977624876658,1.0059035183487166
0.98,15,0.9,1e-07,0.7,4.328346267701416,1.322517067029548
0.98,15,0.9,1e-07,0.9,4.362571227920456,1.1897485166683126
0.98,15,1.0,1e-07,0.1,3.2553715408343793,0.8803648804893522
0.98,15,1.0,1e-07,0.3,3.8256393844840924,1.1544187082739115
0.98,15,1.0,1e-07,0.5,4.057213465966167,1.1137613491673617
0.98,15,1.0,1e-07,0.7,4.411908508236215,1.180418222472312
0.98,15,1.0,1e-07,0.9,4.39724066814234,1.142867430041214
0.98,20,0.1,1e-07,0.1,1.1134224071259042,0.6440252965069848
0.98,20,0.1,1e-07,0.3,0.3124694419998052,0.2086008629833671
0.98,20,0.1,1e-07,0.5,0.6747206443182133,0.4163109899778732
0.98,20,0.1,1e-07,0.7,0.8031753651403233,0.5003502527684809
0.98,20,0.1,1e-07,0.9,1.024081926554125,0.5699048342663093
0.98,20,0.2,1e-07,0.1,1.6392422504911515,0.6086530053014996
0.98,20,0.2,1e-07,0.3,0.671164804295455,0.5727983289667009
0.98,20,0.2,1e-07,0.5,0.6471628841418432,0.30599922270243846
0.98,20,0.2,1e-07,0.7,1.068529926838593,0.588445865438953
0.98,20,0.2,1e-07,0.9,2.056164493159453,1.0607647270084577
0.98,20,0.3,1e-07,0.1,2.040163213057045,0.6464640382377544
0.98,20,0.3,1e-07,0.3,1.5650140900160907,0.9857374030287148
0.98,20,0.3,1e-07,0.5,1.4014454489692518,0.786869716762835
0.98,20,0.3,1e-07,0.7,1.8414806517854774,1.0699341821524364
0.98,20,0.3,1e-07,0.9,2.552204176334108,0.9684612392119463
0.98,20,0.4,1e-07,0.1,2.302406414735401,0.697533445133342
0.98,20,0.4,1e-07,0.3,2.4281942555404434,0.940745469883692
0.98,20,0.4,1e-07,0.5,1.9979376127868016,0.8026513867153575
0.98,20,0.4,1e-07,0.7,2.6708803370936347,0.907548713163236
0.98,20,0.4,1e-07,0.9,3.0815798597221113,1.050200623331595
0.98,20,0.5,1e-07,0.1,2.581984336524701,0.8752062951327387
0.98,20,0.5,1e-07,0.3,2.993128339156022,1.0235501101284799
0.98,20,0.5,1e-07,0.5,3.1144713799326174,1.073395372170329
0.98,20,0.5,1e-07,0.7,3.2398147407348143,1.0991419802882905
0.98,20,0.5,1e-07,0.9,3.458943382137239,0.9679194776037346
0.98,20,0.6,1e-07,0.1,2.843338578197368,0.9586121974404818
0.98,20,0.6,1e-07,0.3,3.062022739596946,0.9599177267419636
0.98,20,0.6,1e-07,0.5,3.3727142615853722,1.057833085624283
0.98,20,0.6,1e-07,0.7,3.5291712225866965,0.9562592406476677
0.98,20,0.6,1e-07,0.9,3.7340765038980908,1.001002518952422
0.98,20,0.7,1e-07,0.1,3.0513552195286744,0.988236091442189
0.98,20,0.7,1e-07,0.3,3.3482678614289147,1.0737910148768584
0.98,20,0.7,1e-07,0.5,3.5527286627374632,1.1283320758635769
0.98,20,0.7,1e-07,0.7,3.8349734645438307,1.025608688470412
0.98,20,0.7,1e-07,0.9,3.901645464970532,1.0849187825425857
0.98,20,0.8,1e-07,0.1,3.0838022597363364,1.0973837713449441
0.98,20,0.8,1e-07,0.3,3.6162893031442525,1.0351531802326865
0.98,20,0.8,1e-07,0.5,3.8616422647145114,1.071752355014735
0.98,20,0.8,1e-07,0.7,4.058991385977546,1.0339053922625663
0.98,20,0.8,1e-07,0.9,4.095883226213653,1.1477262073329952
0.98,20,0.9,1e-07,0.1,3.1558080201971723,0.9672624271876359
0.98,20,0.9,1e-07,0.3,3.5380608226435895,1.0598140773699711
0.98,20,0.9,1e-07,0.5,4.092327386190895,1.0230396461463145
0.98,20,0.9,1e-07,0.7,4.179000986745606,0.8985585135310733
0.98,20,0.9,1e-07,0.9,4.408797148216303,1.373019089244968
0.98,20,1.0,1e-07,0.1,3.253149140820155,1.0459403091690957
0.98,20,1.0,1e-07,0.3,3.756744984043168,1.068577997637799
0.98,20,1.0,1e-07,0.5,4.226115867047143,0.9680684667600545
0.98,20,1.0,1e-07,0.7,4.311011547590474,0.9745667772042952
0.98,20,1.0,1e-07,0.9,4.29145442746531,1.0059261044406302
