r_damp,eps_couple,input_scale,leak_rate,ridge_alpha,gain_beta,mean_T_VPT,std_T_VPT,mean_NRMSEs,std_NRMSEs,mean_NRMSEs_open_loop,std_NRMSEs_open_loop,mean_ADev,std_ADev
0.1,0.04,0.2,0.1,1e-08,0.1,3.3492000000000006,1.5829560196038295,"{'200': 0.3663790313198085, '400': 0.9490494835369145, '600': 1.129891113668821, '800': 1.1942532313426502, '1000': 1.2427371017273106}","{'200': 0.3733429284953487, '400': 0.2655040114967328, '600': 0.2276546580905779, '800': 0.16810199487260144, '1000': 0.1303484029640996}","{'200': 0.23142594503483668, '400': 0.15633455643203942, '600': 0.12689299819265434, '800': 0.1077135255666136, '1000': 0.09548894812093423}","{'200': 0.13970226958808088, '400': 0.09093435682780908, '600': 0.0741171889970587, '800': 0.06366166867957715, '1000': 0.05642367252747936}",32.08888888888889,10.570025170204916
0.1,0.04,0.2,0.1,1e-08,0.3,3.0228,1.3940385073591046,"{'200': 0.3699696755582538, '400': 0.9541909517072685, '600': 1.1289053185501863, '800': 1.1909407865271726, '1000': 1.2313074991456172}","{'200': 0.3213507219989596, '400': 0.2317683775046665, '600': 0.1833019386069044, '800': 0.1326985152602877, '1000': 0.12475470618919704}","{'200': 0.2586778730893069, '400': 0.17749114948817638, '600': 0.1432111305661865, '800': 0.12233264544572546, '1000': 0.1086529582907773}","{'200': 0.12061652014292144, '400': 0.0817520469065213, '600': 0.06541265726524519, '800': 0.05799856235698473, '1000': 0.051772248313043424}",31.177777777777777,9.980623202294176
0.1,0.04,0.2,0.1,1e-08,0.5,2.9892000000000007,1.3552957463225508,"{'200': 0.35506939016039146, '400': 0.9011037242596239, '600': 1.1134195410785603, '800': 1.1758517762174352, '1000': 1.2295321375002661}","{'200': 0.3393709788031402, '400': 0.26495828086329243, '600': 0.21520464129484454, '800': 0.1601148526516567, '1000': 0.1294231403726053}","{'200': 0.21384381568516192, '400': 0.14648857745011634, '600': 0.11899073321693554, '800': 0.10130691265782621, '1000': 0.09002658083608463}","{'200': 0.1097185894079769, '400': 0.07262248970129663, '600': 0.060023082761948, '800': 0.051380833236044754, '1000': 0.04606341811098384}",30.288888888888888,11.880183728886468
0.1,0.04,0.2,0.1,1e-08,0.7,3.2412,1.5685445993021683,"{'200': 0.35019039276253716, '400': 0.9642564622459133, '600': 1.1393255697521958, '800': 1.2066494256574845, '1000': 1.2515631181898006}","{'200': 0.327222883584724, '400': 0.2916244716851288, '600': 0.23197845557261154, '800': 0.1554624610955535, '1000': 0.12318400727847117}","{'200': 0.18630713684129274, '400': 0.1263976038959446, '600': 0.10312594764167678, '800': 0.08733156684810178, '1000': 0.07751837259300595}","{'200': 0.12836737131188147, '400': 0.07833296786471797, '600': 0.06557098770841069, '800': 0.053718906274509336, '1000': 0.04752123200526204}",31.733333333333334,9.787520398729983
0.1,0.04,0.2,0.1,1e-08,0.9,3.2360000000000007,1.526274942466134,"{'200': 0.32143489799289954, '400': 0.933259796957165, '600': 1.1166921298598602, '800': 1.194636012567914, '1000': 1.2493793741506964}","{'200': 0.3135816267882422, '400': 0.22549107934379678, '600': 0.21999890151427798, '800': 0.14199209666798548, '1000': 0.11793818152031485}","{'200': 0.21527717258465973, '400': 0.14418341727358397, '600': 0.1170224572568764, '800': 0.09844916332476573, '1000': 0.0871526166225973}","{'200': 0.1531248812141202, '400': 0.08594132199103528, '600': 0.07265514263794545, '800': 0.056968529826801756, '1000': 0.04970240740454832}",34.53333333333333,11.657329597010342
0.1,0.04,0.2,0.3,1e-08,0.1,6.788000000000002,2.1264942040833317,"{'200': 0.03034626289459376, '400': 0.3051974066457959, '600': 0.7830061942888693, '800': 0.9597682384640635, '1000': 1.0623758307300513}","{'200': 0.048512100928986376, '400': 0.21459552297432707, '600': 0.23129959622454951, '800': 0.1944621532825024, '1000': 0.1602948518001661}","{'200': 0.10043484034037475, '400': 0.0662046733551147, '600': 0.054246307766615744, '800': 0.04550909113638138, '1000': 0.04026811182665648}","{'200': 0.07119799094968415, '400': 0.04041181759667141, '600': 0.034356673307429114, '800': 0.027586407187410695, '1000': 0.024219953076216945}",31.288888888888888,12.049199553353874
0.1,0.04,0.2,0.3,1e-08,0.3,6.477600000000001,1.4317594211319165,"{'200': 0.03272061032686109, '400': 0.2799632757621853, '600': 0.7901405508073774, '800': 0.9841261906347246, '1000': 1.0963363539596018}","{'200': 0.05078051945999849, '400': 0.19565039604562015, '600': 0.18114492525663956, '800': 0.13565424116142583, '1000': 0.11486722680064324}","{'200': 0.11171037039634477, '400': 0.07428087796718615, '600': 0.06072088288376921, '800': 0.05137103054609151, '1000': 0.045485751692134584}","{'200': 0.07940049823632313, '400': 0.04792346908694423, '600': 0.04020806119925343, '800': 0.0336357531965107, '1000': 0.029633343495920218}",32.71111111111111,12.159353459095177
0.1,0.04,0.2,0.3,1e-08,0.5,6.588800000000001,1.593616064176061,"{'200': 0.024073520638581297, '400': 0.3044446584674326, '600': 0.7812044960083491, '800': 0.9743517948446576, '1000': 1.0967789966688741}","{'200': 0.03212618234232169, '400': 0.2111403156010008, '600': 0.2474281015336968, '800': 0.17566572029032573, '1000': 0.13589178376108396}","{'200': 0.09245708312360665, '400': 0.06366702941914587, '600': 0.051588177762311144, '800': 0.044222713909651996, '1000': 0.03928258829976724}","{'200': 0.05826244165814959, '400': 0.04016752054259426, '600': 0.032574101788835755, '800': 0.02896806624840713, '1000': 0.025776606029756757}",29.77777777777778,12.783476989873188
0.1,0.04,0.2,0.3,1e-08,0.7,6.584000000000002,1.244093244093866,"{'200': 0.02594881591131102, '400': 0.3069169984998941, '600': 0.8076456993322654, '800': 0.9810351294107903, '1000': 1.0881073581526484}","{'200': 0.03395649767570547, '400': 0.2086826406321452, '600': 0.1895017166176935, '800': 0.13375980797831113, '1000': 0.11340593606777502}","{'200': 0.09733039389480311, '400': 0.06584598800518439, '600': 0.053453427285146966, '800': 0.04538669679284855, '1000': 0.04025407537549567}","{'200': 0.060535017898972227, '400': 0.036547883328078616, '600': 0.03039255681260715, '800': 0.025737015531266394, '1000': 0.022667689105982217}",29.57777777777778,11.812401936362173
0.1,0.04,0.2,0.3,1e-08,0.9,6.722000000000001,1.5529620729431866,"{'200': 0.02324245061188281, '400': 0.32218112543789873, '600': 0.7682370105043541, '800': 0.9778336254857551, '1000': 1.0756838056588145}","{'200': 0.026509394267682597, '400': 0.22735193669903672, '600': 0.25914582470468117, '800': 0.157075175303852, '1000': 0.1287511141460288}","{'200': 0.0999488947751218, '400': 0.06635284500510288, '600': 0.05408765439322295, '800': 0.045537312217625185, '1000': 0.040303769182979246}","{'200': 0.06898939243755674, '400': 0.03920907031407439, '600': 0.033157728220633675, '800': 0.026874283026765904, '1000': 0.02353118745554676}",30.333333333333332,11.74166370948626
0.1,0.04,0.2,0.5,1e-08,0.1,7.2676,1.3718165475018884,"{'200': 0.008742583442469842, '400': 0.16621087631408496, '600': 0.6824535515028612, '800': 0.9387603766093007, '1000': 1.0656312833267785}","{'200': 0.015348261818326077, '400': 0.15743326793672038, '600': 0.23696024727719292, '800': 0.1495708673041521, '1000': 0.1193938480132841}","{'200': 0.05648697373137154, '400': 0.03729042539976641, '600': 0.03043678649657701, '800': 0.025608395168233565, '1000': 0.022646525651397534}","{'200': 0.04271817333478588, '400': 0.023534124586029995, '600': 0.020056659999323385, '800': 0.01603933974137316, '1000': 0.013955908493422426}",31.22222222222222,11.391788248829629
0.1,0.04,0.2,0.5,1e-08,0.3,7.1644,1.342791361306737,"{'200': 0.007821338880411114, '400': 0.18827918111202385, '600': 0.6987950064921609, '800': 0.9259890740501209, '1000': 1.0478595364046985}","{'200': 0.00855896369329129, '400': 0.17167730846081616, '600': 0.23798185521580495, '800': 0.15052575018234615, '1000': 0.13018719463799974}","{'200': 0.05820620028320876, '400': 0.03916647128513702, '600': 0.03185741358750507, '800': 0.027003151487663187, '1000': 0.023914162056614858}","{'200': 0.03919531945355697, '400': 0.02298585944411903, '600': 0.019204004904844578, '800': 0.015990901372535556, '1000': 0.014019941812572488}",28.244444444444444,10.700271139982194
0.1,0.04,0.2,0.5,1e-08,0.5,7.278800000000002,1.5424845412515484,"{'200': 0.011694784427857402, '400': 0.20945226852163149, '600': 0.6673312987256416, '800': 0.9053386953207583, '1000': 1.022582198813243}","{'200': 0.017535038235682258, '400': 0.19294889445760752, '600': 0.22318234171853527, '800': 0.12409364728057173, '1000': 0.10098122474967215}","{'200': 0.0662198873269721, '400': 0.04406609601833468, '600': 0.03606893350438519, '800': 0.03028499447376151, '1000': 0.026839736403660063}","{'200': 0.047784396254057115, '400': 0.025866422895798, '600': 0.022429116908024797, '800': 0.017325149671572435, '1000': 0.015135428233074077}",30.377777777777776,9.338781478660524
0.1,0.04,0.2,0.5,1e-08,0.7,7.358800000000001,1.6983764482587473,"{'200': 0.01043251686582092, '400': 0.18929654767241727, '600': 0.6829295538442071, '800': 0.9243922074904511, '1000': 1.0385005696413407}","{'200': 0.023534362190417785, '400': 0.18280043832360535, '600': 0.24061119633240102, '800': 0.14513323573004758, '1000': 0.12840797541539808}","{'200': 0.06492197608955569, '400': 0.04266200327440079, '600': 0.03491294411747316, '800': 0.029320875619533338, '1000': 0.02593187565360769}","{'200': 0.050967846951763485, '400': 0.02741749787117537, '600': 0.02357739361920465, '800': 0.018415173580444717, '1000': 0.016006802217612012}",31.844444444444445,11.558461173156143
0.1,0.04,0.2,0.5,1e-08,0.9,7.3688,1.7009731802706354,"{'200': 0.009204625454748672, '400': 0.16978062628501692, '600': 0.6314451826273413, '800': 0.888064609458118, '1000': 1.0229005755835512}","{'200': 0.012287294984376909, '400': 0.14513304020872908, '600': 0.2314969468564055, '800': 0.14606579189071267, '1000': 0.11733405436054194}","{'200': 0.05826462737718031, '400': 0.03933689641437825, '600': 0.031986810895918816, '800': 0.027160404532021214, '1000': 0.02409146709829781}","{'200': 0.033470767053536236, '400': 0.02076532074485005, '600': 0.017175323592941955, '800': 0.014740793362451102, '1000': 0.013061079899768577}",31.755555555555556,10.35407714768665
0.1,0.04,0.2,0.7,1e-08,0.1,7.406400000000003,1.4594220225829126,"{'200': 0.00909587163098826, '400': 0.16384952225007457, '600': 0.6593921935213439, '800': 0.9179722840261478, '1000': 1.0329425712351834}","{'200': 0.01385087090521397, '400': 0.16001034656400578, '600': 0.2197962436614201, '800': 0.12237265212944069, '1000': 0.12675756363511856}","{'200': 0.03942320042267206, '400': 0.02588545094217042, '600': 0.021231861645485375, '800': 0.017699405620828747, '1000': 0.01565258875269919}","{'200': 0.03095953349003404, '400': 0.016035559332842914, '600': 0.014031180705333724, '800': 0.010553781987141249, '1000': 0.00913521749394929}",30.666666666666668,11.384199576606166
0.1,0.04,0.2,0.7,1e-08,0.3,7.34,1.4360089136213605,"{'200': 0.00929056205029827, '400': 0.15688506843744707, '600': 0.6726706831639722, '800': 0.9103890406554336, '1000': 1.028603023940731}","{'200': 0.015016602807549595, '400': 0.14085597152433463, '600': 0.22653201641203216, '800': 0.1570517516168864, '1000': 0.1312730246786139}","{'200': 0.03513392863251284, '400': 0.02342136164205403, '600': 0.019162454717989528, '800': 0.016182936744724968, '1000': 0.01433970020066353}","{'200': 0.020675836622969977, '400': 0.011546172323949031, '600': 0.009855388010938161, '800': 0.007994182028889176, '1000': 0.007010602993595511}",32.333333333333336,11.491059326469621
0.1,0.04,0.2,0.7,1e-08,0.5,7.491200000000001,1.467655872471473,"{'200': 0.009771984221593675, '400': 0.17021592208735706, '600': 0.6631773236097245, '800': 0.9053406070142637, '1000': 1.0253674058781548}","{'200': 0.01767714005926593, '400': 0.17463035332220223, '600': 0.24700303787343628, '800': 0.16629760474353866, '1000': 0.13453971031123388}","{'200': 0.03603492892731424, '400': 0.024185849882910348, '600': 0.019815748704524128, '800': 0.016725100464991875, '1000': 0.014836466778679681}","{'200': 0.024419489343142548, '400': 0.01491310753390637, '600': 0.01252258690547373, '800': 0.010321850058649683, '1000': 0.009131180135989164}",28.8,10.783938674405254
0.1,0.04,0.2,0.7,1e-08,0.7,7.253600000000002,1.4793157337093397,"{'200': 0.011031898733953405, '400': 0.18259637884616453, '600': 0.6770194729581517, '800': 0.9210384392755577, '1000': 1.045068736830277}","{'200': 0.015504655126455847, '400': 0.16037968159931992, '600': 0.21696136423167553, '800': 0.11127248162007129, '1000': 0.08750666780194248}","{'200': 0.0348465910113933, '400': 0.023353469882023747, '600': 0.018972011726229705, '800': 0.016010495112249588, '1000': 0.014194473023612764}","{'200': 0.02005331481602919, '400': 0.011307824124360568, '600': 0.009471031964696602, '800': 0.0076575835428865195, '1000': 0.006714440676507225}",31.91111111111111,13.971116589787375
0.1,0.04,0.2,0.7,1e-08,0.9,7.602800000000001,1.5546058535847602,"{'200': 0.0076229939231422655, '400': 0.14773793331157925, '600': 0.6403812253919066, '800': 0.8888027144802837, '1000': 1.0115579533670265}","{'200': 0.012193805686836565, '400': 0.15002327403893764, '600': 0.2534219292328742, '800': 0.16025878585734768, '1000': 0.13572079282091623}","{'200': 0.04141998991029405, '400': 0.027535367817446352, '600': 0.022524897693730547, '800': 0.018994051852334836, '1000': 0.01681027269293553}","{'200': 0.026821664582678588, '400': 0.014880603811199654, '600': 0.012717010193286875, '800': 0.010251424519912119, '1000': 0.008949932295654295}",31.666666666666668,13.096225071031387
0.1,0.04,0.2,0.9,1e-08,0.1,7.543200000000001,1.587334671706002,"{'200': 0.010508305096685221, '400': 0.16563417224196503, '600': 0.6627734109050283, '800': 0.9120979363228655, '1000': 1.0424480064617003}","{'200': 0.018608373639809096, '400': 0.15973984924089468, '600': 0.2335429256793961, '800': 0.15077282791040436, '1000': 0.11512806365894375}","{'200': 0.02319136497064995, '400': 0.015519501798269086, '600': 0.012663973886475659, '800': 0.010644147951068765, '1000': 0.0094320042642791}","{'200': 0.014762194134509805, '400': 0.007922602262832491, '600': 0.0068186732341105815, '800': 0.005263086823000147, '1000': 0.0045803392664416544}",29.355555555555554,13.75363476088421
0.1,0.04,0.2,0.9,1e-08,0.3,7.543200000000001,1.4718546667385337,"{'200': 0.01119609804644108, '400': 0.16298390820604464, '600': 0.610939460081233, '800': 0.8815286160626951, '1000': 1.0241992458510565}","{'200': 0.019057815756304337, '400': 0.16543317388633708, '600': 0.23304808971436025, '800': 0.12115117746606616, '1000': 0.08986899932978232}","{'200': 0.022373383223213743, '400': 0.014773756764404232, '600': 0.012074749832120037, '800': 0.010090997893081098, '1000': 0.00893118335423554}","{'200': 0.015703133835677643, '400': 0.00817339664242806, '600': 0.007114084503316161, '800': 0.005379717792862089, '1000': 0.004661734797412045}",30.22222222222222,12.945851139588893
0.1,0.04,0.2,0.9,1e-08,0.5,7.5776,1.552447049016487,"{'200': 0.010270290909814857, '400': 0.15246729954448834, '600': 0.587878329669522, '800': 0.8633749382929243, '1000': 1.0109590048567274}","{'200': 0.017138258170552315, '400': 0.14596239543072337, '600': 0.23353197661148759, '800': 0.16260512173065678, '1000': 0.11482136529587313}","{'200': 0.02064949128492082, '400': 0.013972036518778442, '600': 0.011335302443475618, '800': 0.009621855618344739, '1000': 0.008538763625684925}","{'200': 0.011028382581744486, '400': 0.006861121185876603, '600': 0.0056423349055604675, '800': 0.00484071504994065, '1000': 0.004299293477379758}",29.466666666666665,11.98443434904905
0.1,0.04,0.2,0.9,1e-08,0.7,7.845600000000002,1.7519695887771571,"{'200': 0.008575485636825324, '400': 0.14481375392291046, '600': 0.6402617297888847, '800': 0.9151079877138131, '1000': 1.0421187567933303}","{'200': 0.011278264852534291, '400': 0.14022449797778808, '600': 0.26321417472032116, '800': 0.13694884100932944, '1000': 0.09331460560267464}","{'200': 0.022307799424743615, '400': 0.015304341701105213, '600': 0.012430960094005974, '800': 0.010648893034292584, '1000': 0.00946232447530819}","{'200': 0.012123778623687338, '400': 0.008261772978310263, '600': 0.006763824959423358, '800': 0.00600417322662887, '1000': 0.005349352827992745}",27.755555555555556,9.642857012215035
0.1,0.04,0.2,0.9,1e-08,0.9,7.5236,1.620904142754901,"{'200': 0.01104410028931241, '400': 0.157700909941089, '600': 0.6260910959665986, '800': 0.8925632060349836, '1000': 1.0381132789098213}","{'200': 0.0171791557563631, '400': 0.15101357501832802, '600': 0.24532290159086292, '800': 0.12706231925288664, '1000': 0.10658129592064479}","{'200': 0.017974411703970745, '400': 0.012246054991663554, '600': 0.009947154363476303, '800': 0.008434189985089111, '1000': 0.007501892971974377}","{'200': 0.008600495937568862, '400': 0.00563220448084661, '600': 0.004641141350530653, '800': 0.00392954558431393, '1000': 0.0035384010350170626}",29.933333333333334,8.862906470854305
0.1,0.04,0.4,0.1,1e-08,0.1,5.5844000000000005,1.599857693671534,"{'200': 0.05736662075571738, '400': 0.5071628446714089, '600': 0.9067097066159484, '800': 1.063575696382664, '1000': 1.1475975704327332}","{'200': 0.07863176923346447, '400': 0.30023885026141756, '600': 0.25870211847006575, '800': 0.15674928617923956, '1000': 0.13161196778883893}","{'200': 0.2292756040741139, '400': 0.15371570805884419, '600': 0.12550764303035988, '800': 0.1062488706461359, '1000': 0.09426941442230154}","{'200': 0.1225380494933592, '400': 0.07157947495058152, '600': 0.06053837891491827, '800': 0.05014312897300014, '1000': 0.044388401721828515}",31.333333333333332,9.72511068203225
0.1,0.04,0.4,0.1,1e-08,0.3,5.5112000000000005,1.4277745480292052,"{'200': 0.0708241586067468, '400': 0.5175490423019189, '600': 0.9269387752851076, '800': 1.0680280051784699, '1000': 1.1494143530383563}","{'200': 0.14482915658860965, '400': 0.2997807774995455, '600': 0.25203219480338324, '800': 0.1637555594574485, '1000': 0.14175746175975976}","{'200': 0.20073954148700313, '400': 0.13881282379734652, '600': 0.11243641835813756, '800': 0.09640659899163811, '1000': 0.08572761614767374}","{'200': 0.08774972658667056, '400': 0.05817259784068422, '600': 0.04773680469866082, '800': 0.04184550544836873, '1000': 0.037246765682543315}",30.2,9.609254798254533
0.1,0.04,0.4,0.1,1e-08,0.5,5.662400000000001,1.820979692363426,"{'200': 0.04959270051615242, '400': 0.5278466264251093, '600': 0.886936179611247, '800': 1.0275240888423247, '1000': 1.1219051296331402}","{'200': 0.06946546331924867, '400': 0.2795436682963647, '600': 0.2703043745673058, '800': 0.1867969156982331, '1000': 0.15724060396239528}","{'200': 0.19387704071267434, '400': 0.13187364001522406, '600': 0.10746672722595957, '800': 0.09137429416265032, '1000': 0.08109124608912294}","{'200': 0.09630397817006708, '400': 0.062141851074654975, '600': 0.05132419843358462, '800': 0.044151452971138545, '1000': 0.03928470328541395}",32.68888888888889,12.814613571530527
0.1,0.04,0.4,0.1,1e-08,0.7,5.532400000000001,1.8375176298473979,"{'200': 0.05658730120221252, '400': 0.5480457502834367, '600': 0.9048753455781054, '800': 1.0479638813225844, '1000': 1.1239535652176902}","{'200': 0.0664105319708654, '400': 0.2697445146803104, '600': 0.260228208811436, '800': 0.18012251460456222, '1000': 0.1556410435796431}","{'200': 0.18843068251122858, '400': 0.12911852605676505, '600': 0.10450651867622539, '800': 0.0892686503511768, '1000': 0.07926350915674472}","{'200': 0.08300206937048726, '400': 0.05647679244502635, '600': 0.04536957100175418, '800': 0.04029886861923166, '1000': 0.0358877864135332}",31.31111111111111,16.57953520622098
0.1,0.04,0.4,0.1,1e-08,0.9,5.5888,1.5764530313333147,"{'200': 0.07459766756708831, '400': 0.5152643281112795, '600': 0.9115992127912774, '800': 1.0638043111211752, '1000': 1.1386325459036566}","{'200': 0.17079881808456354, '400': 0.32753923655376355, '600': 0.25176347985363273, '800': 0.16400658166381413, '1000': 0.13441269921808668}","{'200': 0.2120662869100557, '400': 0.14186674060016582, '600': 0.11575527836193812, '800': 0.09761704319801279, '1000': 0.0865006708666677}","{'200': 0.11170348353064748, '400': 0.059943613725532995, '600': 0.051470350610442264, '800': 0.04049740314993145, '1000': 0.035391476420394995}",31.57777777777778,12.898731873739266
0.1,0.04,0.4,0.3,1e-08,0.1,8.244400000000002,1.8111235849604528,"{'200': 0.005695377990506558, '400': 0.1466499461262803, '600': 0.5663312196994449, '800': 0.8785915997568204, '1000': 1.0122190075995232}","{'200': 0.009066826452398173, '400': 0.18193044858224208, '600': 0.3117561683118517, '800': 0.18343613005907936, '1000': 0.15503511684720667}","{'200': 0.11120391315871231, '400': 0.07268962436974137, '600': 0.05969737869328362, '800': 0.04986881886754459, '1000': 0.04407113001489187}","{'200': 0.08442259873980124, '400': 0.04428291336618859, '600': 0.03844151785683369, '800': 0.029597953588415504, '1000': 0.025653812711859025}",29.822222222222223,11.95229199570598
0.1,0.04,0.4,0.3,1e-08,0.3,7.524000000000002,1.6699585623601558,"{'200': 0.008370858589015952, '400': 0.1949552436539024, '600': 0.6582776164483626, '800': 0.9013104691295246, '1000': 1.0212653297845966}","{'200': 0.015249016453609304, '400': 0.2447122133395446, '600': 0.3053367375726209, '800': 0.17648877729064727, '1000': 0.14289454393766582}","{'200': 0.09067077183850504, '400': 0.06181906313543063, '600': 0.05023025113145659, '800': 0.042754359807487125, '1000': 0.037948372869378084}","{'200': 0.051924403014174204, '400': 0.032550381893361666, '600': 0.026895250786253162, '800': 0.02318574022915508, '1000': 0.020498537984828744}",30.42222222222222,11.082496487482489
0.1,0.04,0.4,0.3,1e-08,0.5,7.5520000000000005,1.6873406295114217,"{'200': 0.009563499509224619, '400': 0.21872666038961913, '600': 0.6692431001652376, '800': 0.9058609252229043, '1000': 1.0488449817393417}","{'200': 0.018305173114446932, '400': 0.25857729154384185, '600': 0.32822511812851746, '800': 0.20041686986853516, '1000': 0.14269978580815723}","{'200': 0.09844291057586706, '400': 0.06575798650384185, '600': 0.05358254364662023, '800': 0.04535439037724662, '1000': 0.040184089675589764}","{'200': 0.07176583389227965, '400': 0.04194982132671044, '600': 0.035289831733332125, '800': 0.02897225423619956, '1000': 0.02544017441573551}",30.622222222222224,11.834580007360518
0.1,0.04,0.4,0.3,1e-08,0.7,7.454400000000001,1.540472862467885,"{'200': 0.008632832309830682, '400': 0.2350727081489023, '600': 0.6890222012918452, '800': 0.9320562926656216, '1000': 1.0419934295318527}","{'200': 0.01667374870378862, '400': 0.3392114116617887, '600': 0.39260816956478173, '800': 0.20851587257760937, '1000': 0.15993347711089193}","{'200': 0.10622925796739735, '400': 0.07046026121336237, '600': 0.057600725625676426, '800': 0.04856060098882724, '1000': 0.04298924007760508}","{'200': 0.0816710179826979, '400': 0.04560397601721555, '600': 0.038856610079653735, '800': 0.031015128540055507, '1000': 0.027075888564271924}",32.4,13.313985962972254
0.1,0.04,0.4,0.3,1e-08,0.9,7.3908000000000005,1.5915429494675915,"{'200': 0.009917697130555656, '400': 0.22884581366486106, '600': 0.7050397493460545, '800': 0.9179338406668583, '1000': 1.043294569198122}","{'200': 0.019052044617134396, '400': 0.34461331883557783, '600': 0.37695465010049134, '800': 0.21042119944843182, '1000': 0.14647640925242533}","{'200': 0.09923096624213959, '400': 0.06610257805296249, '600': 0.053932141301446065, '800': 0.04539023452423328, '1000': 0.040168993210222645}","{'200': 0.06359411588395424, '400': 0.03579350408858245, '600': 0.030323990139538595, '800': 0.024411446017587594, '1000': 0.021346523117926428}",32.0,11.792653080060767
0.1,0.04,0.4,0.5,1e-08,0.1,7.958400000000002,1.7433220700719645,"{'200': 0.006127211061179088, '400': 0.14460529272055506, '600': 0.5773369556243148, '800': 0.8584484140010074, '1000': 1.0095824625541694}","{'200': 0.009128795090187136, '400': 0.166407014798171, '600': 0.24263140196466781, '800': 0.16535094771136066, '1000': 0.12668882687584368}","{'200': 0.0530339408753276, '400': 0.0355276521752976, '600': 0.028922384880403478, '800': 0.024420961447199532, '1000': 0.02164618755087807}","{'200': 0.03583202556836347, '400': 0.020789743041598065, '600': 0.017528952819847336, '800': 0.014128515885266877, '1000': 0.012421977626203102}",30.644444444444446,13.709940522693833
0.1,0.04,0.4,0.5,1e-08,0.3,7.733200000000001,1.5039657442907404,"{'200': 0.0056574703983000105, '400': 0.1528399473636971, '600': 0.6361728504042155, '800': 0.8865039929003109, '1000': 1.0154171815644089}","{'200': 0.006631332679504565, '400': 0.1651118052892163, '600': 0.2414579999051556, '800': 0.15624650152502745, '1000': 0.12690134073703954}","{'200': 0.05025413527596209, '400': 0.03352414997818128, '600': 0.027328527869117606, '800': 0.023050475973033287, '1000': 0.02042111564314681}","{'200': 0.03825993192819224, '400': 0.022009993876967726, '600': 0.01851205903195971, '800': 0.015000739044528756, '1000': 0.013152930132651723}",30.91111111111111,9.41115702468139
0.1,0.04,0.4,0.5,1e-08,0.5,7.924400000000003,1.8345804534007224,"{'200': 0.005318762304008484, '400': 0.1720667202821818, '600': 0.5964350327266904, '800': 0.8523864521168237, '1000': 0.9985047175550581}","{'200': 0.007508151417424235, '400': 0.24049055635575306, '600': 0.31379514040774514, '800': 0.2004357584800063, '1000': 0.13927016673099668}","{'200': 0.05725386986587541, '400': 0.03774407272710146, '600': 0.030883776228021423, '800': 0.0258755320765531, '1000': 0.022881677030600865}","{'200': 0.04522650001185574, '400': 0.024294026394222335, '600': 0.021006024558357105, '800': 0.016179317827021412, '1000': 0.01406477702946306}",30.288888888888888,10.892652410832262
0.1,0.04,0.4,0.5,1e-08,0.7,7.409600000000002,1.3616175087005893,"{'200': 0.005753566462145047, '400': 0.18021920741848688, '600': 0.6928302213821483, '800': 0.9247338034076623, '1000': 1.048495777911877}","{'200': 0.00663282794239414, '400': 0.23657609756396078, '600': 0.2643448577249613, '800': 0.17890044193615345, '1000': 0.14813861916539697}","{'200': 0.06025843058538889, '400': 0.03987203979471058, '600': 0.03265023324466653, '800': 0.027557043461623326, '1000': 0.024374729228674324}","{'200': 0.05184454873066121, '400': 0.028912879435192773, '600': 0.024676785299836006, '800': 0.01976910353896869, '1000': 0.017210060035726046}",29.844444444444445,8.889333322222777
0.1,0.04,0.4,0.5,1e-08,0.9,7.754000000000001,1.5651601834956061,"{'200': 0.005392620438788371, '400': 0.18052080626838923, '600': 0.6696011998135668, '800': 0.9331583426053118, '1000': 1.0486155106656851}","{'200': 0.00664465185462507, '400': 0.24107210667652795, '600': 0.3057898291830137, '800': 0.18144540653913765, '1000': 0.13638709424054327}","{'200': 0.05722610649769448, '400': 0.03915121533292705, '600': 0.03176824276732715, '800': 0.027070187746736727, '1000': 0.024035353714554123}","{'200': 0.03136834975437262, '400': 0.020985597133592455, '600': 0.01712501924153438, '800': 0.014976429259055606, '1000': 0.013324495033324812}",29.68888888888889,10.929719366575647
0.1,0.04,0.4,0.7,1e-08,0.1,7.772400000000002,1.6192380430313513,"{'200': 0.00807569602755134, '400': 0.1459864824590873, '600': 0.5753281971868283, '800': 0.8713914953613728, '1000': 1.0140989631957396}","{'200': 0.01813919946677028, '400': 0.22196444113171912, '600': 0.29640386650283934, '800': 0.1589953165916474, '1000': 0.11759075655693398}","{'200': 0.02881804368389829, '400': 0.01907359806469967, '600': 0.01557882495665769, '800': 0.01312848537602748, '1000': 0.011614614346232816}","{'200': 0.020696626880983917, '400': 0.011402767270865404, '600': 0.009715012229661986, '800': 0.007854112189743577, '1000': 0.006841922506407747}",33.22222222222222,13.111299433675754
0.1,0.04,0.4,0.7,1e-08,0.3,7.604799999999999,1.4528061673877906,"{'200': 0.005037306098871808, '400': 0.14507901169968437, '600': 0.6092079594103061, '800': 0.8859996114014071, '1000': 1.0118332740712777}","{'200': 0.005440779979872465, '400': 0.22398151951830017, '600': 0.28346657193222435, '800': 0.1655232173980419, '1000': 0.1551519982780324}","{'200': 0.029271323139058062, '400': 0.019953994667931102, '600': 0.016173866934300486, '800': 0.013759465409712079, '1000': 0.012210524148841733}","{'200': 0.01715683760093464, '400': 0.01085543683498414, '600': 0.008936326575395693, '800': 0.007563773455522569, '1000': 0.006693881552492785}",29.244444444444444,9.811910122239889
0.1,0.04,0.4,0.7,1e-08,0.5,7.779200000000002,1.6204900987047095,"{'200': 0.007745021408093606, '400': 0.14966371186296495, '600': 0.6067022777854574, '800': 0.8809594363407296, '1000': 1.0155446046355658}","{'200': 0.01677257610204656, '400': 0.2390246461538201, '600': 0.3041219531103597, '800': 0.16992040580268084, '1000': 0.1254095539493246}","{'200': 0.030256654989149624, '400': 0.020324420514271458, '600': 0.016612207188266864, '800': 0.014026971927763013, '1000': 0.0124319774614723}","{'200': 0.017157986858114985, '400': 0.009368537907905627, '600': 0.008105046529738697, '800': 0.006373989482190304, '1000': 0.005569037801658929}",30.133333333333333,8.7244229353898
0.1,0.04,0.4,0.7,1e-08,0.7,8.043600000000003,1.7550655372378547,"{'200': 0.0082416534393288, '400': 0.14924541584657594, '600': 0.5740641052424375, '800': 0.8674802289782672, '1000': 1.0105342928191254}","{'200': 0.017964206366670996, '400': 0.23640334044793807, '600': 0.318751868408564, '800': 0.17878882562523524, '1000': 0.13865018924860315}","{'200': 0.029756011561146083, '400': 0.019945331092333783, '600': 0.016288350042306412, '800': 0.013787406966604677, '1000': 0.012218154359283667}","{'200': 0.01875508738990088, '400': 0.01072558284606656, '600': 0.00909691680542299, '800': 0.0075600155684215015, '1000': 0.006623607693749903}",31.133333333333333,14.069036135349778
0.1,0.04,0.4,0.7,1e-08,0.9,7.861999999999999,1.527189837577503,"{'200': 0.008428382518516898, '400': 0.14532290698295242, '600': 0.5964597743307997, '800': 0.8952645554466139, '1000': 1.032715461610841}","{'200': 0.019202668825730726, '400': 0.22923036434290323, '600': 0.2763545231411871, '800': 0.1498730158329932, '1000': 0.10653433472316572}","{'200': 0.03295958678713589, '400': 0.021398481666561484, '600': 0.017589373275665877, '800': 0.014622707217531375, '1000': 0.012916929255371386}","{'200': 0.02550233661341337, '400': 0.012999060584071836, '600': 0.01145908673133005, '800': 0.008555278742464763, '1000': 0.007392029244337643}",32.0,12.677188612271694
0.1,0.04,0.4,0.9,1e-08,0.1,8.0104,1.5792952352236107,"{'200': 0.006698733042204909, '400': 0.10757653452441542, '600': 0.5378518801560206, '800': 0.8563219680698697, '1000': 0.9823686382760144}","{'200': 0.013734497853084077, '400': 0.11320392717224201, '600': 0.2525170178485519, '800': 0.1666116260138678, '1000': 0.14030162857029213}","{'200': 0.008900098658249943, '400': 0.006086192535256057, '600': 0.004919055589702214, '800': 0.004197753671693099, '1000': 0.0037276022343861108}","{'200': 0.006331706358131583, '400': 0.004188851430330497, '600': 0.003400314443851872, '800': 0.002916501940897732, '1000': 0.0025913302593874423}",28.8,10.580065112170992
0.1,0.04,0.4,0.9,1e-08,0.3,8.036,2.1220145145592193,"{'200': 0.007213010306890985, '400': 0.11550472962547147, '600': 0.5365149446095797, '800': 0.8165837133643375, '1000': 0.9712041843120848}","{'200': 0.013157545209716572, '400': 0.1148886887393972, '600': 0.2697539197350429, '800': 0.1827602254567401, '1000': 0.1346820370475309}","{'200': 0.01156704504377112, '400': 0.0077485065910249335, '600': 0.006330850826383594, '800': 0.005353705620477176, '1000': 0.004744371476154668}","{'200': 0.008802682126683694, '400': 0.005093186380550911, '600': 0.004319810283700166, '800': 0.00349980588000888, '1000': 0.003073231787927422}",30.88888888888889,12.955002846986647
0.1,0.04,0.4,0.9,1e-08,0.5,8.059600000000001,1.7879442496901297,"{'200': 0.005772780179222044, '400': 0.12435474023544078, '600': 0.556938388126038, '800': 0.8474706817930973, '1000': 0.9964220018341852}","{'200': 0.01250404615711465, '400': 0.12928975124340675, '600': 0.2715920362385248, '800': 0.18119376231601475, '1000': 0.13847362819413064}","{'200': 0.011242289588702725, '400': 0.007592955758824002, '600': 0.006187974475303266, '800': 0.005268059136053407, '1000': 0.0046737081127338495}","{'200': 0.0073743979956488875, '400': 0.004641868930021582, '600': 0.0038467197540037264, '800': 0.003295527408774226, '1000': 0.0029204985431518175}",28.866666666666667,9.797051710704716
0.1,0.04,0.4,0.9,1e-08,0.7,8.3116,1.5958879158637675,"{'200': 0.005757300503145288, '400': 0.09254778242907885, '600': 0.5155607870869752, '800': 0.8256034577679031, '1000': 0.9705640773576197}","{'200': 0.013094483058378055, '400': 0.09390975202404225, '600': 0.22778909532856154, '800': 0.13204741600440156, '1000': 0.11529307475771036}","{'200': 0.012297701297992587, '400': 0.00811370208852674, '600': 0.006645620609938828, '800': 0.005586465351894291, '1000': 0.004941777339274242}","{'200': 0.009227806772773269, '400': 0.005301787738028091, '600': 0.004483284537297911, '800': 0.0036515943853206115, '1000': 0.00320126662771197}",31.22222222222222,13.21596490594091
0.1,0.04,0.4,0.9,1e-08,0.9,7.755600000000001,1.765189802825746,"{'200': 0.006664382581369109, '400': 0.17290194078006865, '600': 0.5978973429752179, '800': 0.8664237336794716, '1000': 1.0109642256532527}","{'200': 0.013990082305470497, '400': 0.2763553084533858, '600': 0.29715921013616264, '800': 0.17581646191405995, '1000': 0.13878708219484273}","{'200': 0.010343431732136749, '400': 0.007064495950584633, '600': 0.005725246422245537, '800': 0.004873806978053153, '1000': 0.0043298740545455695}","{'200': 0.004891340868974258, '400': 0.0030505820670650653, '600': 0.0025121381115701053, '800': 0.002134951211243288, '1000': 0.0019008609777659822}",30.666666666666668,12.240188814810914
0.1,0.04,0.6,0.1,1e-08,0.1,6.2516,1.5304861449879248,"{'200': 0.032085062828741295, '400': 0.43730261854097224, '600': 0.90316817798215, '800': 1.0377964159437039, '1000': 1.130806928271863}","{'200': 0.047310264507394, '400': 0.37134418504891203, '600': 0.3168598518880079, '800': 0.189046867191713, '1000': 0.15483566889727754}","{'200': 0.21188261599391778, '400': 0.14494747474897787, '600': 0.11761345890167281, '800': 0.09992010573706132, '1000': 0.08869939963809159}","{'200': 0.115566664245615, '400': 0.07157641019162686, '600': 0.05961090491468284, '800': 0.049576843059370324, '1000': 0.043850915314745956}",31.022222222222222,13.243847861284104
0.1,0.04,0.6,0.1,1e-08,0.3,6.176,1.1303033221219867,"{'200': 0.027148219705340728, '400': 0.41441648625429495, '600': 0.9435846361674779, '800': 1.0545887447436726, '1000': 1.1355245167882397}","{'200': 0.04159259631063286, '400': 0.3858373670672375, '600': 0.3225712375829582, '800': 0.19798833414482944, '1000': 0.14212497418238393}","{'200': 0.20048540767179673, '400': 0.13587268417292253, '600': 0.11046023456853872, '800': 0.09381236189889693, '1000': 0.08320944473063242}","{'200': 0.1200808104582735, '400': 0.0712931352898167, '600': 0.05998935437659002, '800': 0.04963184121088582, '1000': 0.043753463916148816}",35.355555555555554,9.670471792594094
0.1,0.04,0.6,0.1,1e-08,0.5,5.9016,1.5002476595549148,"{'200': 0.039357822403356786, '400': 0.44590359580689837, '600': 0.8899493292006871, '800': 1.0400777702351214, '1000': 1.1305398768606745}","{'200': 0.06408317076156057, '400': 0.3598444176312896, '600': 0.3264419822663412, '800': 0.19575406623929434, '1000': 0.15913072105642484}","{'200': 0.20899638339126408, '400': 0.13876361044684862, '600': 0.1132104176961846, '800': 0.09489949353669688, '1000': 0.08401485834706723}","{'200': 0.13570542424374202, '400': 0.07083896179197634, '600': 0.06121756791781814, '800': 0.04632248827976828, '1000': 0.04020146731883405}",30.4,10.11577426047502
0.1,0.04,0.6,0.1,1e-08,0.7,6.387199999999999,1.757059634730705,"{'200': 0.03294756103677562, '400': 0.3828446938526215, '600': 0.8495488367830619, '800': 1.0078117983097448, '1000': 1.107583466817637}","{'200': 0.06129345578280271, '400': 0.34471445056767946, '600': 0.32341108251863177, '800': 0.18995539072664103, '1000': 0.1507969447559533}","{'200': 0.23385456200899632, '400': 0.15249738419231756, '600': 0.12485491761833689, '800': 0.10441269690101035, '1000': 0.09223178249110933}","{'200': 0.17324030042796393, '400': 0.08950108597188026, '600': 0.077925507192484, '800': 0.059637568824311496, '1000': 0.05153395783529624}",32.37777777777778,12.621478851349462
0.1,0.04,0.6,0.1,1e-08,0.9,6.616000000000003,1.851310886912298,"{'200': 0.026468661146175746, '400': 0.4022220415408032, '600': 0.8480883694215734, '800': 1.0164434107150788, '1000': 1.1358545269424194}","{'200': 0.04340713417877848, '400': 0.32628278937178, '600': 0.30172988264571515, '800': 0.2226101673514291, '1000': 0.1325402561595019}","{'200': 0.2195648563690354, '400': 0.14562107542170338, '600': 0.11899398007405987, '800': 0.09989916657371423, '1000': 0.0884372070953814}","{'200': 0.13884659181603157, '400': 0.07400530518647583, '600': 0.0637063131734651, '800': 0.04902062620565885, '1000': 0.042617137363585286}",29.933333333333334,9.395980227972196
0.1,0.04,0.6,0.3,1e-08,0.1,7.866400000000001,1.609582007851728,"{'200': 0.007652850183910558, '400': 0.15434653107827273, '600': 0.6034591177140091, '800': 0.8793771530366267, '1000': 1.0152696487013557}","{'200': 0.013461623367260476, '400': 0.2323206668551962, '600': 0.3136953180525197, '800': 0.19155713522664422, '1000': 0.1509828523954203}","{'200': 0.09601992585231746, '400': 0.06478702223148151, '600': 0.05282298021816652, '800': 0.04480983786882702, '1000': 0.03974561903736896}","{'200': 0.0637276973686325, '400': 0.03677460486867724, '600': 0.03136455688380422, '800': 0.025403314072555513, '1000': 0.022313868197231537}",30.866666666666667,15.252832159598718
0.1,0.04,0.6,0.3,1e-08,0.3,7.848400000000002,1.3952934601724474,"{'200': 0.007457595702344148, '400': 0.13408038983339005, '600': 0.5865633267492528, '800': 0.8757353520464437, '1000': 1.0172417115343744}","{'200': 0.013456690046897783, '400': 0.14625005449792114, '600': 0.247396804022152, '800': 0.14198551456814246, '1000': 0.1032529537793506}","{'200': 0.09133414689635617, '400': 0.06082680347793827, '600': 0.04945686609574443, '800': 0.0416982434214826, '1000': 0.03691284687984394}","{'200': 0.073523578032748, '400': 0.04246902753095674, '600': 0.03572030783533154, '800': 0.02875638758172231, '1000': 0.025199356666619994}",32.955555555555556,10.759916471289905
0.1,0.04,0.6,0.3,1e-08,0.5,8.132800000000001,1.687224276733831,"{'200': 0.006374074972169867, '400': 0.11080335669140483, '600': 0.5362269307729302, '800': 0.8683173814924746, '1000': 1.0116019334166955}","{'200': 0.011675488399480818, '400': 0.13138636239297619, '600': 0.23301811778692333, '800': 0.106211370394345, '1000': 0.08841531274232277}","{'200': 0.09882144527351537, '400': 0.06608907266239518, '600': 0.054034660924798354, '800': 0.045619846966013254, '1000': 0.04041963967819842}","{'200': 0.07226754384790748, '400': 0.0402657422325311, '600': 0.03450203840365071, '800': 0.027651796456646775, '1000': 0.024156220096265217}",30.6,12.808677614110765
0.1,0.04,0.6,0.3,1e-08,0.7,7.801200000000001,1.5768858424121897,"{'200': 0.006531091313214207, '400': 0.1306947053467397, '600': 0.6290389812055559, '800': 0.880971080790388, '1000': 1.0178462164180941}","{'200': 0.010358351548810226, '400': 0.14810492375865342, '600': 0.25517136827320785, '800': 0.15045348649660772, '1000': 0.11417489885418286}","{'200': 0.09859005386769634, '400': 0.06610643266481464, '600': 0.05398793656923877, '800': 0.04558026391914235, '1000': 0.040411159429363026}","{'200': 0.05740905110125703, '400': 0.032347555493044536, '600': 0.027733418751151803, '800': 0.02224955049777984, '1000': 0.019566364541967685}",30.42222222222222,12.211995721673537
0.1,0.04,0.6,0.3,1e-08,0.9,7.998400000000003,1.8016079040679187,"{'200': 0.004613110045278788, '400': 0.14890342542005852, '600': 0.608110316221387, '800': 0.8706827690895297, '1000': 1.016960287267009}","{'200': 0.006199394027050182, '400': 0.23822124775802722, '600': 0.319123074771475, '800': 0.2059592096111875, '1000': 0.14403778569944015}","{'200': 0.10094538808630579, '400': 0.06634096322299632, '600': 0.05421539626266699, '800': 0.04532112284825194, '1000': 0.04004114545227619}","{'200': 0.07615571527809095, '400': 0.04137245133999461, '600': 0.03549906159052499, '800': 0.02779092851808363, '1000': 0.024170784307415615}",31.466666666666665,12.414328638937972
0.1,0.04,0.6,0.5,1e-08,0.1,8.501200000000003,2.1031814377271405,"{'200': 0.004515702901730063, '400': 0.0994124235490539, '600': 0.4711218826799574, '800': 0.8320260723312132, '1000': 0.9789488342545384}","{'200': 0.007708190766920429, '400': 0.12546279616187342, '600': 0.23777945966105518, '800': 0.16104185964639028, '1000': 0.1150656073428755}","{'200': 0.05935111673389542, '400': 0.0402710052940151, '600': 0.03278359350061991, '800': 0.027841596272378647, '1000': 0.024716232902961804}","{'200': 0.03593634501150746, '400': 0.021802587709513297, '600': 0.018383424422094122, '800': 0.01523932338375034, '1000': 0.013485831305583895}",26.844444444444445,9.852141460516323
0.1,0.04,0.6,0.5,1e-08,0.3,8.0432,1.7283664426272571,"{'200': 0.004287079530179362, '400': 0.09290239352428371, '600': 0.5157626361175005, '800': 0.827753429047042, '1000': 0.9780635201447987}","{'200': 0.007017820365169494, '400': 0.11959861520748018, '600': 0.20375698431743544, '800': 0.1515759601138181, '1000': 0.12516574493676494}","{'200': 0.05777133544769859, '400': 0.038473135615900635, '600': 0.031321101389841934, '800': 0.026467374001804714, '1000': 0.023441703562400818}","{'200': 0.036529523575921666, '400': 0.021048994093141215, '600': 0.017687021291886495, '800': 0.014620024433945252, '1000': 0.012844724581948236}",29.622222222222224,11.215641634964566
0.1,0.04,0.6,0.5,1e-08,0.5,8.260000000000002,1.731069033863179,"{'200': 0.004125212878992645, '400': 0.09648691019910868, '600': 0.4677395883105133, '800': 0.7931679938400829, '1000': 0.9416320182049479}","{'200': 0.008099725267504049, '400': 0.1356198883418542, '600': 0.22191905555679917, '800': 0.1511192944964577, '1000': 0.12513786320266418}","{'200': 0.06169500834006684, '400': 0.04192816972643061, '600': 0.03403175767251399, '800': 0.028898035559460696, '1000': 0.025644625228535636}","{'200': 0.03638574145072169, '400': 0.022166215037221937, '600': 0.018451923781785937, '800': 0.015395558458617065, '1000': 0.01359870460055273}",30.77777777777778,12.57667839718313
0.1,0.04,0.6,0.5,1e-08,0.7,8.473600000000001,2.006919390508747,"{'200': 0.002578050251958884, '400': 0.09259917593935009, '600': 0.45948920413795624, '800': 0.8076376822576579, '1000': 0.9742343928443363}","{'200': 0.004154822882306763, '400': 0.1375797915541467, '600': 0.24804393382855783, '800': 0.16856151842315106, '1000': 0.1328457975351372}","{'200': 0.06285442287173813, '400': 0.041818656581974645, '600': 0.034022773907371164, '800': 0.028538623747980916, '1000': 0.025254456203239704}","{'200': 0.04375011273414841, '400': 0.024052285936437226, '600': 0.02049822005861563, '800': 0.016062680746294352, '1000': 0.013995778434482695}",30.333333333333332,9.890511727015049
0.1,0.04,0.6,0.5,1e-08,0.9,8.1136,1.9586012968442557,"{'200': 0.0042033525629570365, '400': 0.1147709033793586, '600': 0.518934876188294, '800': 0.8350088902349191, '1000': 0.985903068295654}","{'200': 0.007871291209646686, '400': 0.14786338781168637, '600': 0.25315019853292275, '800': 0.18181012563044943, '1000': 0.1304400671743161}","{'200': 0.05854692073850859, '400': 0.03981530591750932, '600': 0.03237079348335419, '800': 0.02767940127728345, '1000': 0.02456216956996019}","{'200': 0.034552643493124965, '400': 0.023058138824179498, '600': 0.018751178199780397, '800': 0.01675057953026169, '1000': 0.014866237725267952}",30.6,12.497822032480522
0.1,0.04,0.6,0.7,1e-08,0.1,8.489600000000003,1.830706705073207,"{'200': 0.0025179443417112347, '400': 0.08316204634101894, '600': 0.44602985186605776, '800': 0.8214771156577331, '1000': 0.9740370888700561}","{'200': 0.004328477040090524, '400': 0.14001131415121884, '600': 0.24245203997390563, '800': 0.1323659990083389, '1000': 0.1223130738337168}","{'200': 0.029958935046697492, '400': 0.020420485731749365, '600': 0.016552376124390065, '800': 0.014069057197527267, '1000': 0.01248736065843113}","{'200': 0.018333805080135785, '400': 0.01164508501674931, '600': 0.00959771246846989, '800': 0.008063257979882887, '1000': 0.007147639076350697}",30.08888888888889,13.49538558540531
0.1,0.04,0.6,0.7,1e-08,0.3,8.653200000000002,1.871174433343936,"{'200': 0.00443712042690586, '400': 0.09517949094939762, '600': 0.4946492492477462, '800': 0.8254763849576126, '1000': 0.973861075063132}","{'200': 0.009727245848323057, '400': 0.20767678014086233, '600': 0.3179096450957122, '800': 0.20092334054678634, '1000': 0.14961936702059964}","{'200': 0.030595920422621624, '400': 0.020516133680522377, '600': 0.01668753120742912, '800': 0.014121594428666475, '1000': 0.012507686579852866}","{'200': 0.01852660124649014, '400': 0.010991210114529637, '600': 0.009099970379936331, '800': 0.007620356624411371, '1000': 0.006693997805722304}",30.31111111111111,9.742968341258502
0.1,0.04,0.6,0.7,1e-08,0.5,8.1544,1.6299405633335222,"{'200': 0.0029386203431803685, '400': 0.12001226996397914, '600': 0.5331811098861159, '800': 0.8438843057197238, '1000': 0.9868133131787666}","{'200': 0.004040889647140928, '400': 0.2287416867210969, '600': 0.3245710154047492, '800': 0.1817895296545105, '1000': 0.13702207187298282}","{'200': 0.03227789820394754, '400': 0.02163430072944078, '600': 0.01757584303956712, '800': 0.014875013791759442, '1000': 0.0131782409270816}","{'200': 0.02085868297314136, '400': 0.012407420800645856, '600': 0.010341520901285298, '800': 0.008619228387111417, '1000': 0.007587044100746747}",29.466666666666665,12.85059445231145
0.1,0.04,0.6,0.7,1e-08,0.7,8.274799999999999,1.9064243389130338,"{'200': 0.003024204254328118, '400': 0.08481444576498805, '600': 0.506344651881162, '800': 0.8293800425540755, '1000': 0.9814071365478404}","{'200': 0.005044503103985958, '400': 0.10445911862409253, '600': 0.23602286434421912, '800': 0.12335866560521005, '1000': 0.09928080422537681}","{'200': 0.027813460937097783, '400': 0.018640074748725304, '600': 0.015170031710518036, '800': 0.012820874253095076, '1000': 0.011368359776036797}","{'200': 0.014792642437334975, '400': 0.008783425862157542, '600': 0.0073450877000669525, '800': 0.0060752531293667205, '1000': 0.0053811546627772515}",30.57777777777778,9.47391480478873
0.1,0.04,0.6,0.7,1e-08,0.9,7.734400000000002,1.3931572201298743,"{'200': 0.0032848546427107096, '400': 0.09778196672064943, '600': 0.5420253991547707, '800': 0.8365215728736166, '1000': 0.9853601543937491}","{'200': 0.004151613009543424, '400': 0.11096742949564214, '600': 0.20642234653528502, '800': 0.13859952736338427, '1000': 0.10749803169921765}","{'200': 0.03194422115890102, '400': 0.021219831974644977, '600': 0.017341344626336717, '800': 0.014588012360495136, '1000': 0.012923851530371783}","{'200': 0.020482413440393078, '400': 0.010865792566036954, '600': 0.009383861418857583, '800': 0.0072655489797700855, '1000': 0.00633199428039324}",31.22222222222222,11.06925449439701
0.1,0.04,0.6,0.9,1e-08,0.1,8.368,1.8141294330890507,"{'200': 0.0035796759684567758, '400': 0.08644978365095317, '600': 0.5223064526361162, '800': 0.8534696581163088, '1000': 0.9892734143489611}","{'200': 0.004910814317071508, '400': 0.10074043243821984, '600': 0.26713127599138115, '800': 0.16678370776870635, '1000': 0.15514627767956524}","{'200': 0.010460317715870493, '400': 0.007022160921965436, '600': 0.0057260161705020305, '800': 0.004842085762888744, '1000': 0.004295239718794221}","{'200': 0.005850408161850958, '400': 0.003525042841416696, '600': 0.0029398595299395536, '800': 0.002445703876245774, '1000': 0.0021653213041389237}",30.733333333333334,10.920724436694767
0.1,0.04,0.6,0.9,1e-08,0.3,8.0812,1.6765505539648964,"{'200': 0.004973609462272752, '400': 0.09659682378202426, '600': 0.5452535278127625, '800': 0.8546314006945772, '1000': 0.993476118076389}","{'200': 0.007802264359070167, '400': 0.11735939224504129, '600': 0.28477657245960764, '800': 0.18014787767922605, '1000': 0.14032873150392966}","{'200': 0.010078979195378706, '400': 0.0067831018296912555, '600': 0.005512742266915288, '800': 0.0046605664950691746, '1000': 0.004133584650501383}","{'200': 0.005807071238768024, '400': 0.0032993365804537688, '600': 0.0027875060578755537, '800': 0.002239590477295601, '1000': 0.0019711439766912724}",30.022222222222222,10.021064234654009
0.1,0.04,0.6,0.9,1e-08,0.5,8.4904,1.8422787628369384,"{'200': 0.004410387246845667, '400': 0.084860474350137, '600': 0.5047465844640953, '800': 0.8261529301569993, '1000': 0.9785990249027023}","{'200': 0.008255588315716704, '400': 0.09664464491439312, '600': 0.2747618465749373, '800': 0.17135269383891882, '1000': 0.13870759156129625}","{'200': 0.0105399207295439, '400': 0.007076432112716867, '600': 0.0057714909085110335, '800': 0.0048727136630639595, '1000': 0.004319334028458398}","{'200': 0.007310335947418251, '400': 0.004050584122051199, '600': 0.0034808147175364973, '800': 0.0027383674837628894, '1000': 0.0023954482946019528}",26.88888888888889,10.735656523364295
0.1,0.04,0.6,0.9,1e-08,0.7,8.1584,1.842913085308149,"{'200': 0.003972520356601074, '400': 0.09409582718228456, '600': 0.5445940466793074, '800': 0.8331138604962371, '1000': 0.9873117479340952}","{'200': 0.0053726290554274875, '400': 0.10072681075113943, '600': 0.2609204659438719, '800': 0.15689216692841013, '1000': 0.11828735429455749}","{'200': 0.010591384104873867, '400': 0.007083983318803619, '600': 0.005773749124459974, '800': 0.004885393705920599, '1000': 0.004327922698724191}","{'200': 0.006387296125411407, '400': 0.0036421460393629844, '600': 0.0030822254521189036, '800': 0.0025359907497522448, '1000': 0.0022233724162409527}",28.955555555555556,9.456227943190681
0.1,0.04,0.6,0.9,1e-08,0.9,7.910000000000001,1.5887408851036728,"{'200': 0.004488784340341027, '400': 0.10251648740331681, '600': 0.602423804244846, '800': 0.8885948177775899, '1000': 1.0201869973167057}","{'200': 0.006867014169875966, '400': 0.10582083333502083, '600': 0.23040042923625165, '800': 0.1273660463910493, '1000': 0.09931308482297237}","{'200': 0.009917057002452838, '400': 0.006744226471846125, '600': 0.00546366937239111, '800': 0.004658789792394523, '1000': 0.004135585787584379}","{'200': 0.005886444515185609, '400': 0.003778226352029675, '600': 0.003092616901407186, '800': 0.0026547630981396324, '1000': 0.0023590992688586935}",28.8,9.676087363530089
0.1,0.04,0.8,0.1,1e-08,0.1,7.1436,2.0625608936465363,"{'200': 0.022754036640975257, '400': 0.2901105140590385, '600': 0.7593854821298038, '800': 0.9693954054019562, '1000': 1.071533668621185}","{'200': 0.04369511839611531, '400': 0.3004425169754425, '600': 0.34912139554803284, '800': 0.1963665439068129, '1000': 0.1537390703643958}","{'200': 0.1863789441718868, '400': 0.1259025515308004, '600': 0.1026049534335403, '800': 0.08687742842034021, '1000': 0.077118780582742}","{'200': 0.09065777176138994, '400': 0.05407516178735426, '600': 0.045443680294544694, '800': 0.03782527051519088, '1000': 0.03362148560546945}",31.288888888888888,10.07664455223557
0.1,0.04,0.8,0.1,1e-08,0.3,7.143600000000004,1.6866707562532761,"{'200': 0.020687685436786975, '400': 0.2999046422301693, '600': 0.7708731419091983, '800': 0.9648091599499191, '1000': 1.095691258508839}","{'200': 0.03268158179184025, '400': 0.3111925817640382, '600': 0.33378823760033915, '800': 0.2262445268893459, '1000': 0.16313693094094275}","{'200': 0.1986939829474328, '400': 0.1337635850807641, '600': 0.10881510745575415, '800': 0.09200797191209885, '1000': 0.08157358527809826}","{'200': 0.11680510918295875, '400': 0.06741784571683335, '600': 0.056615951736336156, '800': 0.04589315105083651, '1000': 0.040311113230055824}",31.2,12.190342261169063
0.1,0.04,0.8,0.1,1e-08,0.5,7.0287999999999995,1.446896596167121,"{'200': 0.018784045962123234, '400': 0.3646125283097359, '600': 0.8464074117468254, '800': 1.0225748208489174, '1000': 1.1169107122911177}","{'200': 0.03165383390008525, '400': 0.36952226944075867, '600': 0.36960511682126873, '800': 0.22460041390334345, '1000': 0.172295273235274}","{'200': 0.2144113172199209, '400': 0.14563315538196153, '600': 0.11816344156875581, '800': 0.10025206642746895, '1000': 0.08892685740786839}","{'200': 0.1280475668312343, '400': 0.07112212375709437, '600': 0.06042505040243102, '800': 0.04829727198179638, '1000': 0.04217743670273843}",33.84444444444444,13.487369491582454
0.1,0.04,0.8,0.1,1e-08,0.7,6.959200000000002,1.5970205258543173,"{'200': 0.01641005514029822, '400': 0.3091616550585999, '600': 0.782785290523324, '800': 0.992204560397956, '1000': 1.0922311353539227}","{'200': 0.028248876852749693, '400': 0.34661562628481907, '600': 0.3565747567706412, '800': 0.1931719542105955, '1000': 0.13325224408401562}","{'200': 0.21102876071583626, '400': 0.14585920246962647, '600': 0.11819916458357488, '800': 0.10144420261024568, '1000': 0.09013107303416676}","{'200': 0.08566796250936676, '400': 0.060641074724345, '600': 0.04908813378667875, '800': 0.04482704673479862, '1000': 0.039974321779350216}",32.77777777777778,15.539038850426422
0.1,0.04,0.8,0.1,1e-08,0.9,7.0668000000000015,1.2899324633483724,"{'200': 0.0141336759538104, '400': 0.3002694380161144, '600': 0.797979503431613, '800': 0.960094322037852, '1000': 1.0779836552496536}","{'200': 0.02185515894002466, '400': 0.31467086341032874, '600': 0.29959721458101685, '800': 0.2205696083405472, '1000': 0.16691747851389402}","{'200': 0.17450784055158863, '400': 0.11775119365921916, '600': 0.09565942424820402, '800': 0.08091856665173322, '1000': 0.07179970588634257}","{'200': 0.09375760726082201, '400': 0.0558087366949543, '600': 0.04661314246565588, '800': 0.038184472259531164, '1000': 0.03386056137435473}",31.57777777777778,11.524830948654376
0.1,0.04,0.8,0.3,1e-08,0.1,8.184800000000001,1.6506026051112368,"{'200': 0.00732993263763718, '400': 0.12976605171338956, '600': 0.5358621697005571, '800': 0.8387649224523797, '1000': 0.9962609498326296}","{'200': 0.019928967945909194, '400': 0.23167284029321603, '600': 0.3107950422448996, '800': 0.19451375228173237, '1000': 0.1527249053498181}","{'200': 0.09987622289131057, '400': 0.06641487922337408, '600': 0.054074001595592315, '800': 0.04564525157791574, '1000': 0.04038820517899022}","{'200': 0.0752984869773946, '400': 0.043950586030215705, '600': 0.036874251993435476, '800': 0.03040471714068182, '1000': 0.026652521047880913}",29.955555555555556,11.252566236800398
0.1,0.04,0.8,0.3,1e-08,0.3,8.266,1.6563777346970112,"{'200': 0.00457390765536661, '400': 0.11414513967574397, '600': 0.49793640866359135, '800': 0.8490736938928247, '1000': 1.0105513574302505}","{'200': 0.009341098838548051, '400': 0.22385861691458198, '600': 0.29884735845102195, '800': 0.14318425243793673, '1000': 0.10732189019004819}","{'200': 0.08754517853682231, '400': 0.05878334086828728, '600': 0.04785989840404981, '800': 0.040335221835392294, '1000': 0.035776937003990296}","{'200': 0.05587177179553907, '400': 0.03250941435688408, '600': 0.027445689278784113, '800': 0.022072795491283274, '1000': 0.019434418749583755}",30.622222222222224,11.518659044039783
0.1,0.04,0.8,0.3,1e-08,0.5,8.250800000000002,1.778334771633283,"{'200': 0.005969384596976073, '400': 0.13068543164383217, '600': 0.551362758104955, '800': 0.8493584043460921, '1000': 0.9876292826868505}","{'200': 0.011494338142365267, '400': 0.23365538525858034, '600': 0.320862758364022, '800': 0.18525732732404487, '1000': 0.13393462046440502}","{'200': 0.10320937691330435, '400': 0.06918735435609, '600': 0.056347492610843444, '800': 0.047737832350476635, '1000': 0.04231878943553473}","{'200': 0.06679637946540762, '400': 0.0402154796465183, '600': 0.03344058351635637, '800': 0.027919442563183856, '1000': 0.024607858871864143}",32.15555555555556,13.81135692996577
0.1,0.04,0.8,0.3,1e-08,0.7,7.744400000000003,1.659366819000549,"{'200': 0.006587062033394363, '400': 0.15356616474002208, '600': 0.6083267301671873, '800': 0.8743019037638025, '1000': 1.0074269911012976}","{'200': 0.010283948717689274, '400': 0.2231413682879916, '600': 0.3010923787008301, '800': 0.16353239678146503, '1000': 0.11540719740128279}","{'200': 0.09333346196586771, '400': 0.06314209056590993, '600': 0.05124698044860316, '800': 0.04357797715193113, '1000': 0.038667172882215155}","{'200': 0.06211066128348675, '400': 0.03991981168085977, '600': 0.03267380889397916, '800': 0.027934802545719648, '1000': 0.02475368756689616}",29.444444444444443,12.019531430237583
0.1,0.04,0.8,0.3,1e-08,0.9,7.838000000000002,1.694634355841991,"{'200': 0.005492856214516349, '400': 0.14460677873744213, '600': 0.6287900192890044, '800': 0.8933316213318384, '1000': 1.0222153834005832}","{'200': 0.008693189313530811, '400': 0.22730200627772135, '600': 0.31367146247619826, '800': 0.17210183438767238, '1000': 0.14553628395400153}","{'200': 0.11067829148483403, '400': 0.07281391586617676, '600': 0.05969468849605975, '800': 0.050031221758213985, '1000': 0.0442429626983694}","{'200': 0.0757542755355297, '400': 0.03976977297367269, '600': 0.034611967412659934, '800': 0.026915597115507946, '1000': 0.023360306539717296}",33.044444444444444,10.542939829426778
0.1,0.04,0.8,0.5,1e-08,0.1,8.498000000000001,1.9411728413513307,"{'200': 0.0038294198455440524, '400': 0.11554137587328284, '600': 0.5676015688368677, '800': 0.8428057249026911, '1000': 0.9928435552816464}","{'200': 0.007133009810144703, '400': 0.2170353703424436, '600': 0.34902596949133047, '800': 0.20379531171965318, '1000': 0.1414942367101334}","{'200': 0.05246160127731349, '400': 0.035398535000961004, '600': 0.02872999001467165, '800': 0.02442678574076145, '1000': 0.02166082414710122}","{'200': 0.03106051459656904, '400': 0.019933791159679713, '600': 0.016292200325222207, '800': 0.014212291006232733, '1000': 0.012601429794200094}",28.822222222222223,9.893407207471018
0.1,0.04,0.8,0.5,1e-08,0.3,8.158000000000001,1.7586895121083768,"{'200': 0.005222730204991422, '400': 0.11505693380984972, '600': 0.5430540742417064, '800': 0.8574223414021496, '1000': 1.0005653629324076}","{'200': 0.011162899346707205, '400': 0.2201722190997006, '600': 0.3329683846086784, '800': 0.18515280941267684, '1000': 0.14075903634510267}","{'200': 0.05872347728409784, '400': 0.03992151730923555, '600': 0.03238885162493266, '800': 0.027575174657273018, '1000': 0.02447426944474496}","{'200': 0.029930078148920555, '400': 0.018620592875851133, '600': 0.015453125491008298, '800': 0.013159032718169057, '1000': 0.011662441455583471}",29.91111111111111,10.329724578929644
0.1,0.04,0.8,0.5,1e-08,0.5,8.193200000000001,1.9842982033958505,"{'200': 0.005667701946817919, '400': 0.11517636552689749, '600': 0.5627706190061879, '800': 0.8686957225505435, '1000': 1.008735852133975}","{'200': 0.010877578329808828, '400': 0.14148963830080985, '600': 0.25324509658768324, '800': 0.18238633096123794, '1000': 0.14355131812507832}","{'200': 0.0574181004821996, '400': 0.038442761449216975, '600': 0.03129835903293666, '800': 0.02646346420359128, '1000': 0.02344151741561316}","{'200': 0.03559468858775208, '400': 0.020750918793249314, '600': 0.017523136467506587, '800': 0.014431883378625434, '1000': 0.012690539369307023}",31.933333333333334,14.582180906846547
0.1,0.04,0.8,0.5,1e-08,0.7,7.8704,1.6157105681402224,"{'200': 0.004824617399599764, '400': 0.12890005455644754, '600': 0.5937061548823611, '800': 0.8830449105504476, '1000': 1.0210264955070294}","{'200': 0.009002870467186513, '400': 0.21851809639548023, '600': 0.31540227341047816, '800': 0.17550631216047338, '1000': 0.1414792360694637}","{'200': 0.06237340809194822, '400': 0.041802780222570335, '600': 0.03414065548960765, '800': 0.028856192206772376, '1000': 0.025559062276952718}","{'200': 0.04065893785922917, '400': 0.023634362454199555, '600': 0.019931063806961802, '800': 0.016356208866606704, '1000': 0.014350563599722792}",31.533333333333335,11.859548426853735
0.1,0.04,0.8,0.5,1e-08,0.9,7.939200000000001,1.562174177228647,"{'200': 0.0040963249107767085, '400': 0.13093434719350588, '600': 0.6040700486158259, '800': 0.8998580065155504, '1000': 1.0372571667181592}","{'200': 0.006143594983468284, '400': 0.2316397012116344, '600': 0.29593357470447035, '800': 0.1740827163436463, '1000': 0.1347874574755463}","{'200': 0.05163295146724691, '400': 0.03456767352881126, '600': 0.028180028021333733, '800': 0.023869516928894635, '1000': 0.021161604660128498}","{'200': 0.0388064067651321, '400': 0.022970907856326425, '600': 0.019295745363795025, '800': 0.016107612986130657, '1000': 0.01416491884362725}",33.31111111111111,14.896416007769895
0.1,0.04,0.8,0.7,1e-08,0.1,8.032800000000002,1.773185878581261,"{'200': 0.004837769019970018, '400': 0.10687700894053792, '600': 0.5378489832818593, '800': 0.8454009621728811, '1000': 0.9904179198581886}","{'200': 0.008309226284887837, '400': 0.11388820108929613, '600': 0.25276620205088046, '800': 0.11490046923518205, '1000': 0.1046271843852197}","{'200': 0.030854118329254835, '400': 0.020775741238971704, '600': 0.016974995827743748, '800': 0.014334076217788138, '1000': 0.012719640896121617}","{'200': 0.019061064372967618, '400': 0.01145857041667596, '600': 0.00965064297077372, '800': 0.007910877023022386, '1000': 0.007007822843190014}",29.177777777777777,11.862712616315205
0.1,0.04,0.8,0.7,1e-08,0.3,8.402,1.75607152473924,"{'200': 0.004121365512567022, '400': 0.12499873937264012, '600': 0.5643873215803077, '800': 0.8764724550743996, '1000': 1.0166067872310034}","{'200': 0.005578618380220779, '400': 0.21889240048675052, '600': 0.3228040130070308, '800': 0.1819557910214655, '1000': 0.12945203448917764}","{'200': 0.03276551041194171, '400': 0.021381762055602455, '600': 0.01752985826742177, '800': 0.014602773474201535, '1000': 0.012902712071963321}","{'200': 0.025096593509568253, '400': 0.012941508373270414, '600': 0.011340870740190169, '800': 0.008568664505669933, '1000': 0.007410669573887967}",31.6,12.726874452642853
0.1,0.04,0.8,0.7,1e-08,0.5,7.954800000000002,1.5941556260290273,"{'200': 0.00427124139434972, '400': 0.13506040333095048, '600': 0.563548727746765, '800': 0.8589932274861881, '1000': 1.0061952615069947}","{'200': 0.00581288482436013, '400': 0.20167575578987773, '600': 0.22856691021967943, '800': 0.12848521675110325, '1000': 0.11017414900896175}","{'200': 0.0316874243976467, '400': 0.020795466907676936, '600': 0.017053308502801793, '800': 0.01427084753619374, '1000': 0.012626720801685372}","{'200': 0.020898459129798416, '400': 0.010654731952570586, '600': 0.009336116428213574, '800': 0.007085156795089378, '1000': 0.00613784354081025}",31.2,10.194987875312936
0.1,0.04,0.8,0.7,1e-08,0.7,7.671200000000002,1.434079272564805,"{'200': 0.005230204052147507, '400': 0.14179669080575305, '600': 0.6362514310599313, '800': 0.9069886977083861, '1000': 1.0380188932112318}","{'200': 0.008160625416718659, '400': 0.18985875645051695, '600': 0.19832487002904844, '800': 0.12269675112226186, '1000': 0.10109021313365675}","{'200': 0.030306210588464156, '400': 0.020765758148222412, '600': 0.016878084292748695, '800': 0.014408179573188379, '1000': 0.012806404098797346}","{'200': 0.01669648011947086, '400': 0.011349443518893146, '600': 0.00931084938746906, '800': 0.008103856405539218, '1000': 0.007238864707429461}",30.844444444444445,12.973401088475956
0.1,0.04,0.8,0.7,1e-08,0.9,8.268000000000002,1.9176247808161015,"{'200': 0.003709739066236864, '400': 0.10344685963478675, '600': 0.5020303634705098, '800': 0.8246341150043229, '1000': 0.9831273882497098}","{'200': 0.005193459186495949, '400': 0.14223157430027802, '600': 0.2831325567788387, '800': 0.18709392992613805, '1000': 0.13566141760004757}","{'200': 0.02896743359065981, '400': 0.01981666428397924, '600': 0.016042314931845363, '800': 0.01367275357071234, '1000': 0.01214377210247851}","{'200': 0.014522332573788146, '400': 0.009499285259784503, '600': 0.0077397437570746, '800': 0.00667174543673717, '1000': 0.005947939099932472}",26.533333333333335,10.864007854685427
0.1,0.04,0.8,0.9,1e-08,0.1,7.428800000000001,1.3292166715776632,"{'200': 0.006488765989939333, '400': 0.1338569054102787, '600': 0.6427081143103315, '800': 0.8974841389647763, '1000': 1.0132479482857395}","{'200': 0.012193985857719695, '400': 0.13929746797446804, '600': 0.22076741692159066, '800': 0.12884573413760145, '1000': 0.12296330196337384}","{'200': 0.009515341536114951, '400': 0.006401692254520842, '600': 0.005212051514885772, '800': 0.004394153018264842, '1000': 0.0038947457658143397}","{'200': 0.005874900763403366, '400': 0.00344076724669617, '600': 0.002907403107034554, '800': 0.002356004480373934, '1000': 0.002077567089522044}",28.133333333333333,10.967831751687902
0.1,0.04,0.8,0.9,1e-08,0.3,7.856000000000001,1.7995421639961648,"{'200': 0.006420751826920085, '400': 0.1271761821788275, '600': 0.5806625432168784, '800': 0.8673791913050793, '1000': 1.010693833278819}","{'200': 0.011656528128199848, '400': 0.14777357244063885, '600': 0.2757672114972896, '800': 0.16374709882686606, '1000': 0.11825989721619717}","{'200': 0.010348692942038686, '400': 0.006861162779871982, '600': 0.00560386732031913, '800': 0.00472290821441856, '1000': 0.004182551814821365}","{'200': 0.0074454306045788335, '400': 0.004308192423489548, '600': 0.0036313689369503674, '800': 0.0029764157525546176, '1000': 0.0026146242953778882}",32.62222222222222,12.059646003444506
0.1,0.04,0.8,0.9,1e-08,0.5,7.669600000000002,1.4767940411580758,"{'200': 0.006410792852698981, '400': 0.13601152189089888, '600': 0.6274410624418709, '800': 0.8991327894836232, '1000': 1.0198180107077766}","{'200': 0.01068151700854848, '400': 0.1471863059845061, '600': 0.23263569778655166, '800': 0.11896299076793902, '1000': 0.11601811171965869}","{'200': 0.011842195038355485, '400': 0.007733282665354846, '600': 0.0063437499657546205, '800': 0.005290838761386902, '1000': 0.004675413477037841}","{'200': 0.008950201595224578, '400': 0.004799312171349241, '600': 0.00414947011978825, '800': 0.0032163372630875137, '1000': 0.0027986881836874803}",26.488888888888887,8.658001366038295
0.1,0.04,0.8,0.9,1e-08,0.7,7.992400000000002,1.578652285970536,"{'200': 0.00572595790211183, '400': 0.12518432171312566, '600': 0.5851804873210309, '800': 0.8492628715713538, '1000': 0.9934476945060834}","{'200': 0.00823000133191125, '400': 0.1386707643792931, '600': 0.2676790955572091, '800': 0.17859538967133184, '1000': 0.13837268380068443}","{'200': 0.010364242743176134, '400': 0.007014967907721115, '600': 0.005713589676966627, '800': 0.00485066857952122, '1000': 0.00430506629942967}","{'200': 0.006547448210565464, '400': 0.0041167892682620446, '600': 0.003424783038343143, '800': 0.002898474744274169, '1000': 0.0025687135523676814}",28.8,9.520971005569175
0.1,0.04,0.8,0.9,1e-08,0.9,8.2908,1.6396207366339326,"{'200': 0.004730190449548951, '400': 0.10403701612955311, '600': 0.5290761483281735, '800': 0.8387892207597627, '1000': 0.9942533162839621}","{'200': 0.008209542062608455, '400': 0.12736148045816428, '600': 0.27647153738539465, '800': 0.1906475109505075, '1000': 0.12845310184195013}","{'200': 0.011196841279100707, '400': 0.007354745804827014, '600': 0.006004683469600203, '800': 0.005028923592695101, '1000': 0.004448240181719845}","{'200': 0.00846082281651542, '400': 0.004632626181959166, '600': 0.003947574582223384, '800': 0.0030980932735334477, '1000': 0.0027023851178295468}",30.177777777777777,13.06443669558085
0.1,0.04,1.0,0.1,1e-08,0.1,7.1444,1.242622002058551,"{'200': 0.011965045662178807, '400': 0.19981053388828923, '600': 0.6631399112300221, '800': 0.9312367156205937, '1000': 1.061157780752983}","{'200': 0.022715225355518842, '400': 0.16539477083348628, '600': 0.21206975891491583, '800': 0.12776036884291286, '1000': 0.10302577029910377}","{'200': 0.19367869256443027, '400': 0.12834997631315506, '600': 0.10529821236814788, '800': 0.0883818484124935, '1000': 0.07827011767295626}","{'200': 0.13780311413226196, '400': 0.07793655789354118, '600': 0.0666538612691713, '800': 0.053698407085792516, '1000': 0.047122464510894906}",30.91111111111111,9.903584586114311
0.1,0.04,1.0,0.1,1e-08,0.3,7.3236,1.518863469835258,"{'200': 0.010952264385270059, '400': 0.2071173423583653, '600': 0.7286643671765298, '800': 0.9457890831448422, '1000': 1.0635558398799634}","{'200': 0.01833739637184895, '400': 0.2080823924390213, '600': 0.27469873382059745, '800': 0.1815436240224166, '1000': 0.1364988437183781}","{'200': 0.19791277351439648, '400': 0.1336115996938114, '600': 0.10860139852182264, '800': 0.09193038983102492, '1000': 0.08164195720140917}","{'200': 0.09161922141093054, '400': 0.0536751888717672, '600': 0.044910264176433456, '800': 0.03664442727763648, '1000': 0.03269025005034403}",28.377777777777776,10.283295816006957
0.1,0.04,1.0,0.1,1e-08,0.5,7.261200000000001,1.3426246534307344,"{'200': 0.00966483242104393, '400': 0.2129831200486279, '600': 0.6964911678198338, '800': 0.9438348277354301, '1000': 1.0705437847635388}","{'200': 0.01615936270387542, '400': 0.23883270810653215, '600': 0.2668366889513201, '800': 0.16445412018034047, '1000': 0.12532046370028033}","{'200': 0.20542015014647816, '400': 0.1373876703271412, '600': 0.11200926418263499, '800': 0.09444370260075825, '1000': 0.0836867172697148}","{'200': 0.11610031477704091, '400': 0.06592156326615031, '600': 0.05579807438113743, '800': 0.044988336297633096, '1000': 0.03952965765416291}",31.622222222222224,11.263093888919567
0.1,0.04,1.0,0.1,1e-08,0.7,7.421199999999999,1.4747586107563504,"{'200': 0.01258733319088931, '400': 0.20464214785870122, '600': 0.693138858053765, '800': 0.9267499206770329, '1000': 1.051704669152578}","{'200': 0.0250566460678917, '400': 0.242617070793198, '600': 0.29866664371416446, '800': 0.15590386866674066, '1000': 0.12298600273852962}","{'200': 0.19172408351037656, '400': 0.12756655890474514, '600': 0.10406026434143437, '800': 0.0877251594479301, '1000': 0.07775407700935606}","{'200': 0.10386139337838525, '400': 0.058148846940919256, '600': 0.04950430110618924, '800': 0.03986768641489902, '1000': 0.03516782736615258}",28.8,11.206347407707037
0.1,0.04,1.0,0.1,1e-08,0.9,7.284800000000001,1.5694725738285458,"{'200': 0.01284560118069947, '400': 0.21108002454350516, '600': 0.6878921904322394, '800': 0.9204893125270971, '1000': 1.0487261919620101}","{'200': 0.0245479167399892, '400': 0.2429542511895987, '600': 0.28964109687498657, '800': 0.19260859486170412, '1000': 0.14807509117755896}","{'200': 0.19348642241133396, '400': 0.13139521484556063, '600': 0.10693949859968728, '800': 0.09090252693907754, '1000': 0.08069991273555707}","{'200': 0.09973861681371624, '400': 0.06035564626382463, '600': 0.05110864872896459, '800': 0.04289912381883254, '1000': 0.03808557634388408}",33.955555555555556,13.490664353224345
0.1,0.04,1.0,0.3,1e-08,0.1,7.989200000000001,1.607220507584445,"{'200': 0.0056171647283353755, '400': 0.1471468009421882, '600': 0.6049960606382159, '800': 0.8708577204222141, '1000': 1.0155466820459624}","{'200': 0.01072361343833186, '400': 0.27804614716163045, '600': 0.34976456594407035, '800': 0.20255722903669304, '1000': 0.16409694185925894}","{'200': 0.0927102011511916, '400': 0.061761091639669204, '600': 0.050269367584334465, '800': 0.042478381119040676, '1000': 0.0376257594691561}","{'200': 0.06148973568390161, '400': 0.03502405288551887, '600': 0.02951083085821963, '800': 0.023911260070370366, '1000': 0.020960510665723124}",28.844444444444445,8.604793381354515
0.1,0.04,1.0,0.3,1e-08,0.3,8.3108,1.6319056835491446,"{'200': 0.004729512785005743, '400': 0.11047764190478716, '600': 0.57090097899104, '800': 0.8773358541072301, '1000': 1.0120055041845704}","{'200': 0.008560019831976873, '400': 0.21319813163433143, '600': 0.3357165657341975, '800': 0.1770698614245308, '1000': 0.13653427188310768}","{'200': 0.09666163239472485, '400': 0.06524986563006231, '600': 0.05315865008753125, '800': 0.045002632959353486, '1000': 0.03993727975990072}","{'200': 0.055297085059536406, '400': 0.0333391430970356, '600': 0.027996106156737057, '800': 0.02322753092565001, '1000': 0.020575352640544383}",29.644444444444446,10.881494087681478
0.1,0.04,1.0,0.3,1e-08,0.5,7.8672,1.6036885483160375,"{'200': 0.005227687925948059, '400': 0.17974067136654098, '600': 0.6586394849458388, '800': 0.9057044934707856, '1000': 1.0336875006305664}","{'200': 0.00910636772136936, '400': 0.33790968983591535, '600': 0.38220403932189684, '800': 0.2195605048375372, '1000': 0.14959556833004242}","{'200': 0.10635687772431253, '400': 0.07269235313339519, '600': 0.058973788106943696, '800': 0.05027780734007402, '1000': 0.04462438168970579}","{'200': 0.05063255516853113, '400': 0.032880483194689746, '600': 0.02705665620525119, '800': 0.023750709739896275, '1000': 0.02108093825929267}",33.62222222222222,13.44170771043767
0.1,0.04,1.0,0.3,1e-08,0.7,8.1704,1.6100128695137816,"{'200': 0.0053843544579838245, '400': 0.1277271558327603, '600': 0.5777992691922849, '800': 0.8754669277362134, '1000': 1.0049789522651047}","{'200': 0.010174763984995767, '400': 0.221846918420771, '600': 0.31819370713574474, '800': 0.18291112220821812, '1000': 0.14616399911140654}","{'200': 0.09040263780650502, '400': 0.06192300874627332, '600': 0.05031234170913341, '800': 0.0429186437572201, '1000': 0.038121149829492176}","{'200': 0.05274935713777443, '400': 0.03557017036470269, '600': 0.02937550663057103, '800': 0.025550257765582694, '1000': 0.022809206507995793}",29.977777777777778,11.332331110370088
0.1,0.04,1.0,0.3,1e-08,0.9,8.2016,1.685054491700491,"{'200': 0.005220922728997438, '400': 0.14098846748677113, '600': 0.5810203579757617, '800': 0.8710235256350347, '1000': 1.0059707388826093}","{'200': 0.011053977733301159, '400': 0.2820128223317664, '600': 0.359969127633157, '800': 0.2336768278218241, '1000': 0.1859812136292162}","{'200': 0.10350348534129519, '400': 0.06773916623898688, '600': 0.05537820227111902, '800': 0.046411556451278375, '1000': 0.04100438588614115}","{'200': 0.07198239281059461, '400': 0.03811383537397178, '600': 0.032808508817976346, '800': 0.025704980152486755, '1000': 0.022298223621684043}",31.88888888888889,14.156619530919444
0.1,0.04,1.0,0.5,1e-08,0.1,8.772800000000002,2.0905614939532398,"{'200': 0.00287955627352265, '400': 0.06587189682609355, '600': 0.41700788818657275, '800': 0.8023963963439483, '1000': 0.9492141347763478}","{'200': 0.005114212827376555, '400': 0.08898128074730004, '600': 0.25094017885481124, '800': 0.19499943060249766, '1000': 0.1691983124440688}","{'200': 0.05645375699562259, '400': 0.03815437295420465, '600': 0.031026102293174915, '800': 0.02636275557891723, '1000': 0.023406452897668455}","{'200': 0.03355255391987626, '400': 0.019973191316429165, '600': 0.016761684963513455, '800': 0.013912604526558493, '1000': 0.012293610529797275}",32.08888888888889,12.550028281902126
0.1,0.04,1.0,0.5,1e-08,0.3,8.536,1.8068823979440387,"{'200': 0.0024792509736137015, '400': 0.07193026838887018, '600': 0.4466531457309065, '800': 0.8233468224589078, '1000': 0.9763650843724481}","{'200': 0.003358375638505802, '400': 0.10340914323950187, '600': 0.24254547161463397, '800': 0.1465602375142332, '1000': 0.11289304529391904}","{'200': 0.06048337247017869, '400': 0.04053137779393696, '600': 0.03311359865389428, '800': 0.027963427312988696, '1000': 0.02478923976354172}","{'200': 0.03649853574894644, '400': 0.020478261992005677, '600': 0.01756178935876255, '800': 0.014187369086478073, '1000': 0.012448426844128323}",27.155555555555555,10.377230535178784
0.1,0.04,1.0,0.5,1e-08,0.5,8.4312,1.927625108780232,"{'200': 0.0032345589248635514, '400': 0.12844854004843836, '600': 0.5303677384165784, '800': 0.8428005885824328, '1000': 1.0008795760877862}","{'200': 0.004599761470423844, '400': 0.286023429474053, '600': 0.3749918619908729, '800': 0.22288405559941254, '1000': 0.16768432260824176}","{'200': 0.05471293095903102, '400': 0.037403860410833156, '600': 0.030339725284980502, '800': 0.025969301690776037, '1000': 0.023060151809868847}","{'200': 0.02881162874564579, '400': 0.01924390910519606, '600': 0.015645845789645906, '800': 0.013799389233015623, '1000': 0.012260168075472469}",31.444444444444443,14.904966443818585
0.1,0.04,1.0,0.5,1e-08,0.7,8.188400000000001,2.0031728432664018,"{'200': 0.004495480818489991, '400': 0.10172057898245344, '600': 0.49083529577186497, '800': 0.8176928629233153, '1000': 0.9704603459278197}","{'200': 0.008356703793556209, '400': 0.16183674768118733, '600': 0.23417456590679572, '800': 0.17641471455347985, '1000': 0.15855934736375352}","{'200': 0.04692381121867658, '400': 0.032217252418970534, '600': 0.026084083982666102, '800': 0.022250389505935057, '1000': 0.01977109540232728}","{'200': 0.02169404215073141, '400': 0.014339575633879017, '600': 0.01162709029185611, '800': 0.010148657354844064, '1000': 0.009044862704104147}",31.42222222222222,10.945296075156648
0.1,0.04,1.0,0.5,1e-08,0.9,8.4632,1.7261377001850113,"{'200': 0.003375475444362282, '400': 0.06966987567560964, '600': 0.4876157578238728, '800': 0.8472086805194733, '1000': 1.0006056641935137}","{'200': 0.005998289887891321, '400': 0.09137168376689637, '600': 0.25742280817288204, '800': 0.12434840191793078, '1000': 0.0955166247738316}","{'200': 0.061549707675517575, '400': 0.04053795797995113, '600': 0.03319977141980541, '800': 0.027794212137825486, '1000': 0.02460375841982091}","{'200': 0.04593143846833313, '400': 0.024371904454483152, '600': 0.021098452931390867, '800': 0.016188290508432762, '1000': 0.014092911190402863}",29.77777777777778,12.45059371879981
0.1,0.04,1.0,0.7,1e-08,0.1,8.1308,1.6143930624231504,"{'200': 0.0033949508902936317, '400': 0.10480974041884984, '600': 0.5854866681585336, '800': 0.8895706137476591, '1000': 1.0333278162407784}","{'200': 0.004528680646797867, '400': 0.20875345027322845, '600': 0.30429954662120307, '800': 0.1668526108413284, '1000': 0.11649172173591849}","{'200': 0.030601744711157546, '400': 0.020592370040427764, '600': 0.016758014844193904, '800': 0.014174024626778194, '1000': 0.012578876982831883}","{'200': 0.017879394662718442, '400': 0.010217660387293584, '600': 0.00860834204941126, '800': 0.006910241258434262, '1000': 0.006097324104936476}",29.866666666666667,11.0284480624731
0.1,0.04,1.0,0.7,1e-08,0.3,8.165600000000001,1.6769936911032193,"{'200': 0.006058530652851752, '400': 0.09397088834378106, '600': 0.5341113114358161, '800': 0.8463782271887311, '1000': 0.9993624431755024}","{'200': 0.011887611979759124, '400': 0.09623795225995997, '600': 0.25517081745360704, '800': 0.13581318085127952, '1000': 0.10672793619017167}","{'200': 0.029090685935714525, '400': 0.01995165328632721, '600': 0.016120242494440315, '800': 0.013767825892781773, '1000': 0.01222747840243517}","{'200': 0.016606613782983393, '400': 0.010262161196748212, '600': 0.00848283806238412, '800': 0.007147764935885074, '1000': 0.0063210559468393455}",29.177777777777777,12.015339989435521
0.1,0.04,1.0,0.7,1e-08,0.5,7.887200000000002,1.6534775958566843,"{'200': 0.006588302107235635, '400': 0.11049624920895096, '600': 0.5228786157459523, '800': 0.8620409256233232, '1000': 0.990150915621729}","{'200': 0.017771044402666417, '400': 0.12038185839115786, '600': 0.2428259400760058, '800': 0.11460736061952788, '1000': 0.10114820957094414}","{'200': 0.03197050475526034, '400': 0.021577941481168234, '600': 0.01754886862031858, '800': 0.014850494336486204, '1000': 0.01317618101619621}","{'200': 0.014915131285157712, '400': 0.008720218638200074, '600': 0.0073383741934895125, '800': 0.006037305337728549, '1000': 0.005349591245559924}",29.844444444444445,10.921854859878286
0.1,0.04,1.0,0.7,1e-08,0.7,8.07,2.0357673737438664,"{'200': 0.00474133003422072, '400': 0.1071365715623137, '600': 0.5857334009103675, '800': 0.8500010456665835, '1000': 0.9957759710548046}","{'200': 0.006803414942733436, '400': 0.10157968725363295, '600': 0.28278649740043166, '800': 0.20860036599981677, '1000': 0.1605433178543653}","{'200': 0.02882279092533017, '400': 0.019822225941747797, '600': 0.0160007810202056, '800': 0.013671973125216433, '1000': 0.012148232175102093}","{'200': 0.01493308511660807, '400': 0.010299753929137206, '600': 0.008238626709371897, '800': 0.007199645785609394, '1000': 0.006425630189650261}",30.244444444444444,11.245059271728689
0.1,0.04,1.0,0.7,1e-08,0.9,8.340800000000002,1.6394270218585512,"{'200': 0.005679864050016989, '400': 0.0901489346070482, '600': 0.5208745879222441, '800': 0.8358568925635346, '1000': 0.9855647161276905}","{'200': 0.011317263358146833, '400': 0.09397542356880462, '600': 0.29124850770780036, '800': 0.17104829295633625, '1000': 0.13550168633692508}","{'200': 0.02738395069117077, '400': 0.018436887640745574, '600': 0.014973019979820992, '800': 0.01266054302129822, '1000': 0.011219972223989709}","{'200': 0.016450623354104243, '400': 0.009476305384492558, '600': 0.00797338305509268, '800': 0.006456534846150341, '1000': 0.005667900861242554}",29.733333333333334,9.965273035229226
0.1,0.04,1.0,0.9,1e-08,0.1,7.882800000000001,1.613852335252516,"{'200': 0.007371010593709307, '400': 0.16747497968419228, '600': 0.6731225305837124, '800': 0.9346651138962481, '1000': 1.050139837383548}","{'200': 0.009100107937655921, '400': 0.23130832543138513, '600': 0.3146260341513561, '800': 0.1629928339349998, '1000': 0.12816384483987325}","{'200': 0.010166292082164888, '400': 0.006659663976386223, '600': 0.005469923154626108, '800': 0.00457056286348045, '1000': 0.004040941483947606}","{'200': 0.007810187647581847, '400': 0.004067305288879782, '600': 0.0035575696300967703, '800': 0.0026972501155835887, '1000': 0.0023340452854502623}",27.044444444444444,11.895761253592354
0.1,0.04,1.0,0.9,1e-08,0.3,7.727200000000001,1.3614560440939698,"{'200': 0.005307297880085126, '400': 0.13579018784504335, '600': 0.6098660933073955, '800': 0.9032676991861066, '1000': 1.0425383388463751}","{'200': 0.007668263284921633, '400': 0.15770175432463343, '600': 0.2305711402140192, '800': 0.13311573341615757, '1000': 0.12016540271184996}","{'200': 0.010678938905877596, '400': 0.007203621587206294, '600': 0.005867096257953894, '800': 0.0049833439450194935, '1000': 0.004417514541047532}","{'200': 0.008372488372294533, '400': 0.00481265017154613, '600': 0.004081177725766998, '800': 0.0033170664922410257, '1000': 0.0029010991554479725}",28.755555555555556,10.873322206320806
0.1,0.04,1.0,0.9,1e-08,0.5,7.984000000000002,1.6651337483817923,"{'200': 0.007231202778317262, '400': 0.1306046714865632, '600': 0.588790887131225, '800': 0.8730372512428072, '1000': 0.9993866419078604}","{'200': 0.009621765267414756, '400': 0.14970226896073557, '600': 0.2756853872055394, '800': 0.15924884897598834, '1000': 0.147709501882601}","{'200': 0.011759644056710926, '400': 0.007825973893765145, '600': 0.006384251294391417, '800': 0.00539722114790109, '1000': 0.004778274239121087}","{'200': 0.007785285258121237, '400': 0.004466064820026835, '600': 0.0037621812300916704, '800': 0.0031050961224152055, '1000': 0.002721091775520411}",27.666666666666668,12.34323926510199
0.1,0.04,1.0,0.9,1e-08,0.7,7.707600000000001,1.8217272682813965,"{'200': 0.0064945839364970595, '400': 0.18219523979295152, '600': 0.6429562306012876, '800': 0.8936802378369454, '1000': 1.0305695409198037}","{'200': 0.010615322533065663, '400': 0.2866317782539086, '600': 0.3614425985378338, '800': 0.20403947465968056, '1000': 0.14907390237057921}","{'200': 0.009918800811805838, '400': 0.006754441401525333, '600': 0.0054783775451204475, '800': 0.004657132443215194, '1000': 0.004135702807348181}","{'200': 0.004531639843502433, '400': 0.002969577170836483, '600': 0.002402089564141589, '800': 0.0020763418178777575, '1000': 0.0018495153743696426}",29.6,10.0607046362458
0.1,0.04,1.0,0.9,1e-08,0.9,8.060400000000001,1.749427975082141,"{'200': 0.005111098629927381, '400': 0.12126123888373588, '600': 0.5620401566536787, '800': 0.8677719151199735, '1000': 0.998745271036295}","{'200': 0.009132550141065591, '400': 0.16923725607319245, '600': 0.286428514687304, '800': 0.16462029547748805, '1000': 0.13553304938207317}","{'200': 0.010044167847898059, '400': 0.006677186706722198, '600': 0.005448991832813351, '800': 0.004568227293702471, '1000': 0.004044043747064799}","{'200': 0.0065591468132622475, '400': 0.0035471980276654096, '600': 0.0030441613417426573, '800': 0.0023449376299639066, '1000': 0.0020428657102527824}",29.0,12.269202636411762
